$MeshFormat
4.1 0 8
$EndMeshFormat
$Entities
4 4 1 0
1 -0.05 -0.875 0 0 
2 0.05 -0.875 0 0 
3 0.05 0 0 0 
4 -0.05 0 0 0 
1 -0.05 -0.875 0 0.05 -0.875 0 1 1 2 1 -2 
2 0.05 -0.875 0 0.05 0 0 1 2 2 2 -3 
3 -0.05 0 0 0.05 0 0 1 3 2 3 -4 
4 -0.05 -0.875 0 -0.05 0 0 1 4 2 4 -1 
1 -0.05 -0.875 0 0.05 0 0 1 1 4 1 2 3 4 
$EndEntities
$Nodes
5 4453 1 4453
1 1 0 21
1
2
3
4
5
6
7
8
9
10
11
12
13
14
15
16
17
18
19
20
21
0.03999999999997342 -0.875 0
0.04499999999998671 -0.875 0
0.03499999999996013 -0.875 0
0.02499999999993344 -0.875 0
0.01499999999990663 -0.875 0
0.004999999999893495 -0.875 0
-0.005000000000105968 -0.875 0
-0.01500000000009079 -0.875 0
-0.02500000000006097 -0.875 0
-0.03500000000003455 -0.875 0
-0.04500000000001152 -0.875 0
-0.05 -0.875 0
0.01999999999992004 -0.875 0
-1.062370677540336e-13 -0.875 0
-0.02000000000007588 -0.875 0
-0.04000000000002304 -0.875 0
0.02999999999994685 -0.875 0
0.009999999999893226 -0.875 0
-0.0100000000001057 -0.875 0
-0.03000000000004607 -0.875 0
0.05 -0.875 0
1 2 0 176
22
23
24
25
26
27
28
29
30
31
32
33
34
35
36
37
38
39
40
41
42
43
44
45
46
47
48
49
50
51
52
53
54
55
56
57
58
59
60
61
62
63
64
65
66
67
68
69
70
71
72
73
74
75
76
77
78
79
80
81
82
83
84
85
86
87
88
89
90
91
92
93
94
95
96
97
98
99
100
101
102
103
104
105
106
107
108
109
110
111
112
113
114
115
116
117
118
119
120
121
122
123
124
125
126
127
128
129
130
131
132
133
134
135
136
137
138
139
140
141
142
143
144
145
146
147
148
149
150
151
152
153
154
155
156
157
158
159
160
161
162
163
164
165
166
167
168
169
170
171
172
173
174
175
176
177
178
179
180
181
182
183
184
185
186
187
188
189
190
191
192
193
194
195
196
197
0.05 -0.5419034090910657 0
0.05 -0.6413352272728372 0
0.05 -0.63139204545466 0
0.05 -0.621448863636483 0
0.05 -0.6115056818183058 0
0.05 -0.6015625000001286 0
0.05 -0.5916193181819516 0
0.05 -0.5816761363637744 0
0.05 -0.5717329545455971 0
0.05 -0.5617897727274201 0
0.05 -0.5518465909092429 0
0.05 -0.6512784090910142 0
0.05 -0.5319602272728887 0
0.05 -0.5220170454547115 0
0.05 -0.5120738636365343 0
0.05 -0.5021306818183573 0
0.05 -0.4921875000001801 0
0.05 -0.482244318182003 0
0.05 -0.4723011363638259 0
0.05 -0.4623579545456488 0
0.05 -0.4524147727274689 0
0.05 -0.4424715909092863 0
0.05 -0.7606534090909629 0
0.05 -0.8600852272727342 0
0.05 -0.8501420454545572 0
0.05 -0.84019886363638 0
0.05 -0.8302556818182028 0
0.05 -0.8203125000000258 0
0.05 -0.8103693181818485 0
0.05 -0.8004261363636713 0
0.05 -0.7904829545454943 0
0.05 -0.7805397727273171 0
0.05 -0.7705965909091399 0
0.05 -0.4325284090910776 0
0.05 -0.7507102272727857 0
0.05 -0.7407670454546085 0
0.05 -0.7308238636364315 0
0.05 -0.7208806818182543 0
0.05 -0.710937500000077 0
0.05 -0.7009943181819001 0
0.05 -0.6910511363637228 0
0.05 -0.6811079545455458 0
0.05 -0.6711647727273686 0
0.05 -0.6612215909091914 0
0.05 -0.1044034090908599 0
0.05 -0.2038352272726313 0
0.05 -0.1938920454544542 0
0.05 -0.183948863636277 0
0.05 -0.1740056818180999 0
0.05 -0.1640624999999228 0
0.05 -0.1541193181817457 0
0.05 -0.1441761363635685 0
0.05 -0.1342329545453914 0
0.05 -0.1242897727272143 0
0.05 -0.1143465909090371 0
0.05 -0.2137784090908084 0
0.05 -0.09446022727268272 0
0.05 -0.08451704545450561 0
0.05 -0.07457386363632848 0
0.05 -0.06463068181815132 0
0.05 -0.05468749999997422 0
0.05 -0.04474431818179717 0
0.05 -0.03480113636362003 0
0.05 -0.02485795454544282 0
0.05 -0.01491477272726566 0
0.05 -0.004971590909088552 0
0.05 -0.323153409090757 0
0.05 -0.4225852272728428 0
0.05 -0.4126420454546053 0
0.05 -0.4026988636363651 0
0.05 -0.392755681818125 0
0.05 -0.3828124999998848 0
0.05 -0.3728693181816677 0
0.05 -0.3629261363634738 0
0.05 -0.3529829545452883 0
0.05 -0.3430397727271112 0
0.05 -0.3330965909089341 0
0.05 -0.8700284090909114 0
0.05 -0.3132102272725798 0
0.05 -0.3032670454544026 0
0.05 -0.2933238636362255 0
0.05 -0.2833806818180484 0
0.05 -0.2734374999998713 0
0.05 -0.2634943181816941 0
0.05 -0.2535511363635169 0
0.05 -0.2436079545453398 0
0.05 -0.2336647727271627 0
0.05 -0.2237215909089856 0
0.05 -0.8650568181818228 0
0.05 -0.009943181818177105 0
0.05 -0.02982954545453143 0
0.05 -0.04971590909088569 0
0.05 -0.0696022727272399 0
0.05 -0.08948863636359417 0
0.05 -0.1093749999999485 0
0.05 -0.1292613636363028 0
0.05 -0.1491477272726571 0
0.05 -0.1690340909090113 0
0.05 -0.1889204545453656 0
0.05 -0.2088068181817199 0
0.05 -0.2286931818180741 0
0.05 -0.2485795454544283 0
0.05 -0.2684659090907827 0
0.05 -0.2883522727271369 0
0.05 -0.3082386363634912 0
0.05 -0.3281249999998455 0
0.05 -0.3480113636361998 0
0.05 -0.3678977272725708 0
0.05 -0.3877840909090049 0
0.05 -0.4076704545454852 0
0.05 -0.4275568181819602 0
0.05 -0.4474431818183776 0
0.05 -0.4673295454547373 0
0.05 -0.4872159090910916 0
0.05 -0.5071022727274458 0
0.05 -0.5269886363638001 0
0.05 -0.5468750000001543 0
0.05 -0.5667613636365086 0
0.05 -0.586647727272863 0
0.05 -0.6065340909092172 0
0.05 -0.6264204545455715 0
0.05 -0.6562500000001028 0
0.05 -0.66619318181828 0
0.05 -0.6860795454546343 0
0.05 -0.7059659090909886 0
0.05 -0.7258522727273429 0
0.05 -0.7457386363636971 0
0.05 -0.7656250000000514 0
0.05 -0.7855113636364057 0
0.05 -0.8053977272727599 0
0.05 -0.8252840909091143 0
0.05 -0.8451704545454686 0
0.05 0 0
0.05 -0.01988636363635421 0
0.05 -0.03977272727270864 0
0.05 -0.05965909090906274 0
0.05 -0.07954545454541706 0
0.05 -0.09943181818177127 0
0.05 -0.1193181818181257 0
0.05 -0.1392045454544799 0
0.05 -0.1590909090908342 0
0.05 -0.1789772727271884 0
0.05 -0.1988636363635428 0
0.05 -0.218749999999897 0
0.05 -0.2386363636362512 0
0.05 -0.2585227272726055 0
0.05 -0.2784090909089598 0
0.05 -0.2982954545453141 0
0.05 -0.3181818181816684 0
0.05 -0.3380681818180226 0
0.05 -0.3579545454543769 0
0.05 -0.3778409090907647 0
0.05 -0.3977272727272451 0
0.05 -0.4176136363637254 0
0.05 -0.437500000000195 0
0.05 -0.4573863636365602 0
0.05 -0.4772727272729144 0
0.05 -0.4971590909092687 0
0.05 -0.5170454545456229 0
0.05 -0.5369318181819772 0
0.05 -0.5568181818183315 0
0.05 -0.5767045454546857 0
0.05 -0.5965909090910401 0
0.05 -0.6164772727273944 0
0.05 -0.6363636363637486 0
0.05 -0.6463068181819257 0
0.05 -0.6761363636364572 0
0.05 -0.6960227272728114 0
0.05 -0.7159090909091657 0
0.05 -0.73579545454552 0
0.05 -0.7556818181818743 0
0.05 -0.7755681818182285 0
0.05 -0.7954545454545828 0
0.05 -0.8153409090909371 0
0.05 -0.8352272727272914 0
0.05 -0.8551136363636457 0
1 3 0 20
198
199
200
201
202
203
204
205
206
207
208
209
210
211
212
213
214
215
216
217
0.04500000000001152 0 0
-0.04499999999998671 0 0
-0.03499999999996013 0 0
-0.02499999999993344 0 0
-0.01499999999990663 0 0
-0.004999999999893495 0 0
0.005000000000105968 0 0
0.01500000000009079 0 0
0.02500000000006097 0 0
0.03500000000003455 0 0
-0.05 0 0
-0.03999999999997342 0 0
-0.01999999999992004 0 0
1.062370677540336e-13 0 0
0.02000000000007588 0 0
0.04000000000002304 0 0
-0.02999999999994685 0 0
-0.009999999999893226 0 0
0.0100000000001057 0 0
0.03000000000004607 0 0
1 4 0 175
218
219
220
221
222
223
224
225
226
227
228
229
230
231
232
233
234
235
236
237
238
239
240
241
242
243
244
245
246
247
248
249
250
251
252
253
254
255
256
257
258
259
260
261
262
263
264
265
266
267
268
269
270
271
272
273
274
275
276
277
278
279
280
281
282
283
284
285
286
287
288
289
290
291
292
293
294
295
296
297
298
299
300
301
302
303
304
305
306
307
308
309
310
311
312
313
314
315
316
317
318
319
320
321
322
323
324
325
326
327
328
329
330
331
332
333
334
335
336
337
338
339
340
341
342
343
344
345
346
347
348
349
350
351
352
353
354
355
356
357
358
359
360
361
362
363
364
365
366
367
368
369
370
371
372
373
374
375
376
377
378
379
380
381
382
383
384
385
386
387
388
389
390
391
392
-0.05 -0.3330965909089438 0
-0.05 -0.2336647727271742 0
-0.05 -0.2436079545453512 0
-0.05 -0.2535511363635282 0
-0.05 -0.2634943181817052 0
-0.05 -0.273437499999882 0
-0.05 -0.283380681818059 0
-0.05 -0.293323863636236 0
-0.05 -0.303267045454413 0
-0.05 -0.31321022727259 0
-0.05 -0.3231534090907668 0
-0.05 -0.2237215909089972 0
-0.05 -0.3430397727271207 0
-0.05 -0.3529829545452977 0
-0.05 -0.3629261363634746 0
-0.05 -0.3728693181816516 0
-0.05 -0.3828124999998286 0
-0.05 -0.3927556818180056 0
-0.05 -0.4026988636361826 0
-0.05 -0.4126420454543595 0
-0.05 -0.4225852272725391 0
-0.05 -0.4325284090907216 0
-0.05 -0.1143465909090507 0
-0.05 -0.0149147727272689 0
-0.05 -0.02485795454544773 0
-0.05 -0.03480113636362615 0
-0.05 -0.04474431818180492 0
-0.05 -0.05468749999998405 0
-0.05 -0.06463068181816306 0
-0.05 -0.07457386363634194 0
-0.05 -0.08451704545451987 0
-0.05 -0.09446022727269682 0
-0.05 -0.1044034090908738 0
-0.05 -0.4424715909089301 0
-0.05 -0.1242897727272277 0
-0.05 -0.1342329545454047 0
-0.05 -0.1441761363635817 0
-0.05 -0.1541193181817587 0
-0.05 -0.1640624999999356 0
-0.05 -0.1740056818181125 0
-0.05 -0.1839488636362894 0
-0.05 -0.1938920454544664 0
-0.05 -0.2038352272726434 0
-0.05 -0.2137784090908204 0
-0.05 -0.7705965909091419 0
-0.05 -0.6711647727273723 0
-0.05 -0.6811079545455493 0
-0.05 -0.6910511363637262 0
-0.05 -0.7009943181819032 0
-0.05 -0.7109375000000802 0
-0.05 -0.7208806818182572 0
-0.05 -0.730823863636434 0
-0.05 -0.740767045454611 0
-0.05 -0.750710227272788 0
-0.05 -0.760653409090965 0
-0.05 -0.6612215909091953 0
-0.05 -0.7805397727273189 0
-0.05 -0.7904829545454958 0
-0.05 -0.8004261363636728 0
-0.05 -0.8103693181818497 0
-0.05 -0.8203125000000266 0
-0.05 -0.8302556818182038 0
-0.05 -0.8401988636363807 0
-0.05 -0.8501420454545576 0
-0.05 -0.8600852272727346 0
-0.05 -0.8700284090909115 0
-0.05 -0.5518465909092487 0
-0.05 -0.4524147727271647 0
-0.05 -0.462357954545402 0
-0.05 -0.472301136363642 0
-0.05 -0.482244318181882 0
-0.05 -0.492187500000122 0
-0.05 -0.5021306818183389 0
-0.05 -0.5120738636365325 0
-0.05 -0.5220170454547179 0
-0.05 -0.5319602272728948 0
-0.05 -0.5419034090910718 0
-0.05 -0.004971590909089632 0
-0.05 -0.5617897727274257 0
-0.05 -0.5717329545456027 0
-0.05 -0.5816761363637797 0
-0.05 -0.5916193181819567 0
-0.05 -0.6015625000001337 0
-0.05 -0.6115056818183106 0
-0.05 -0.6214488636364875 0
-0.05 -0.6313920454546644 0
-0.05 -0.6413352272728414 0
-0.05 -0.6512784090910183 0
-0.05 -0.009943181818179265 0
-0.05 -0.865056818181823 0
-0.05 -0.8451704545454692 0
-0.05 -0.8252840909091153 0
-0.05 -0.8053977272727613 0
-0.05 -0.7855113636364073 0
-0.05 -0.7656250000000535 0
-0.05 -0.7457386363636995 0
-0.05 -0.7258522727273455 0
-0.05 -0.7059659090909917 0
-0.05 -0.6860795454546378 0
-0.05 -0.6661931818182838 0
-0.05 -0.6463068181819298 0
-0.05 -0.626420454545576 0
-0.05 -0.6065340909092221 0
-0.05 -0.5866477272728682 0
-0.05 -0.5667613636365142 0
-0.05 -0.5468750000001603 0
-0.05 -0.5269886363638063 0
-0.05 -0.5071022727274357 0
-0.05 -0.487215909091002 0
-0.05 -0.467329545454522 0
-0.05 -0.4474431818180474 0
-0.05 -0.4275568181816304 0
-0.05 -0.407670454545271 0
-0.05 -0.3877840909089171 0
-0.05 -0.3678977272725631 0
-0.05 -0.3480113636362092 0
-0.05 -0.3281249999998553 0
-0.05 -0.3082386363635015 0
-0.05 -0.2883522727271475 0
-0.05 -0.2684659090907936 0
-0.05 -0.2485795454544397 0
-0.05 -0.2386363636362627 0
-0.05 -0.2088068181817319 0
-0.05 -0.1889204545453779 0
-0.05 -0.169034090909024 0
-0.05 -0.1491477272726702 0
-0.05 -0.1292613636363162 0
-0.05 -0.1093749999999623 0
-0.05 -0.08948863636360835 0
-0.05 -0.0696022727272525 0
-0.05 -0.04971590909089449 0
-0.05 -0.02982954545453694 0
-0.05 -0.6761363636364608 0
-0.05 -0.6562500000001068 0
-0.05 -0.8551136363636461 0
-0.05 -0.8352272727272922 0
-0.05 -0.8153409090909381 0
-0.05 -0.7954545454545843 0
-0.05 -0.7755681818182304 0
-0.05 -0.7556818181818765 0
-0.05 -0.7357954545455225 0
-0.05 -0.7159090909091687 0
-0.05 -0.6960227272728147 0
-0.05 -0.03977272727271536 0
-0.05 -0.01988636363635853 0
-0.05 -0.6363636363637529 0
-0.05 -0.6164772727273991 0
-0.05 -0.5965909090910452 0
-0.05 -0.5767045454546912 0
-0.05 -0.5568181818183372 0
-0.05 -0.5369318181819833 0
-0.05 -0.5170454545456294 0
-0.05 -0.497159090909242 0
-0.05 -0.477272727272762 0
-0.05 -0.457386363636282 0
-0.05 -0.4374999999998128 0
-0.05 -0.4176136363634479 0
-0.05 -0.3977272727270941 0
-0.05 -0.3778409090907401 0
-0.05 -0.3579545454543862 0
-0.05 -0.3380681818180323 0
-0.05 -0.3181818181816784 0
-0.05 -0.2982954545453245 0
-0.05 -0.2784090909089705 0
-0.05 -0.2585227272726167 0
-0.05 -0.2286931818180857 0
-0.05 -0.2187499999999088 0
-0.05 -0.1988636363635549 0
-0.05 -0.178977272727201 0
-0.05 -0.1590909090908471 0
-0.05 -0.1392045454544932 0
-0.05 -0.1193181818181392 0
-0.05 -0.0994318181817853 0
-0.05 -0.07954545454543138 0
-0.05 -0.05965909090907361 0
2 1 0 4061
393
394
395
396
397
398
399
400
401
402
403
404
405
406
407
408
409
410
411
412
413
414
415
416
417
418
419
420
421
422
423
424
425
426
427
428
429
430
431
432
433
434
435
436
437
438
439
440
441
442
443
444
445
446
447
448
449
450
451
452
453
454
455
456
457
458
459
460
461
462
463
464
465
466
467
468
469
470
471
472
473
474
475
476
477
478
479
480
481
482
483
484
485
486
487
488
489
490
491
492
493
494
495
496
497
498
499
500
501
502
503
504
505
506
507
508
509
510
511
512
513
514
515
516
517
518
519
520
521
522
523
524
525
526
527
528
529
530
531
532
533
534
535
536
537
538
539
540
541
542
543
544
545
546
547
548
549
550
551
552
553
554
555
556
557
558
559
560
561
562
563
564
565
566
567
568
569
570
571
572
573
574
575
576
577
578
579
580
581
582
583
584
585
586
587
588
589
590
591
592
593
594
595
596
597
598
599
600
601
602
603
604
605
606
607
608
609
610
611
612
613
614
615
616
617
618
619
620
621
622
623
624
625
626
627
628
629
630
631
632
633
634
635
636
637
638
639
640
641
642
643
644
645
646
647
648
649
650
651
652
653
654
655
656
657
658
659
660
661
662
663
664
665
666
667
668
669
670
671
672
673
674
675
676
677
678
679
680
681
682
683
684
685
686
687
688
689
690
691
692
693
694
695
696
697
698
699
700
701
702
703
704
705
706
707
708
709
710
711
712
713
714
715
716
717
718
719
720
721
722
723
724
725
726
727
728
729
730
731
732
733
734
735
736
737
738
739
740
741
742
743
744
745
746
747
748
749
750
751
752
753
754
755
756
757
758
759
760
761
762
763
764
765
766
767
768
769
770
771
772
773
774
775
776
777
778
779
780
781
782
783
784
785
786
787
788
789
790
791
792
793
794
795
796
797
798
799
800
801
802
803
804
805
806
807
808
809
810
811
812
813
814
815
816
817
818
819
820
821
822
823
824
825
826
827
828
829
830
831
832
833
834
835
836
837
838
839
840
841
842
843
844
845
846
847
848
849
850
851
852
853
854
855
856
857
858
859
860
861
862
863
864
865
866
867
868
869
870
871
872
873
874
875
876
877
878
879
880
881
882
883
884
885
886
887
888
889
890
891
892
893
894
895
896
897
898
899
900
901
902
903
904
905
906
907
908
909
910
911
912
913
914
915
916
917
918
919
920
921
922
923
924
925
926
927
928
929
930
931
932
933
934
935
936
937
938
939
940
941
942
943
944
945
946
947
948
949
950
951
952
953
954
955
956
957
958
959
960
961
962
963
964
965
966
967
968
969
970
971
972
973
974
975
976
977
978
979
980
981
982
983
984
985
986
987
988
989
990
991
992
993
994
995
996
997
998
999
1000
1001
1002
1003
1004
1005
1006
1007
1008
1009
1010
1011
1012
1013
1014
1015
1016
1017
1018
1019
1020
1021
1022
1023
1024
1025
1026
1027
1028
1029
1030
1031
1032
1033
1034
1035
1036
1037
1038
1039
1040
1041
1042
1043
1044
1045
1046
1047
1048
1049
1050
1051
1052
1053
1054
1055
1056
1057
1058
1059
1060
1061
1062
1063
1064
1065
1066
1067
1068
1069
1070
1071
1072
1073
1074
1075
1076
1077
1078
1079
1080
1081
1082
1083
1084
1085
1086
1087
1088
1089
1090
1091
1092
1093
1094
1095
1096
1097
1098
1099
1100
1101
1102
1103
1104
1105
1106
1107
1108
1109
1110
1111
1112
1113
1114
1115
1116
1117
1118
1119
1120
1121
1122
1123
1124
1125
1126
1127
1128
1129
1130
1131
1132
1133
1134
1135
1136
1137
1138
1139
1140
1141
1142
1143
1144
1145
1146
1147
1148
1149
1150
1151
1152
1153
1154
1155
1156
1157
1158
1159
1160
1161
1162
1163
1164
1165
1166
1167
1168
1169
1170
1171
1172
1173
1174
1175
1176
1177
1178
1179
1180
1181
1182
1183
1184
1185
1186
1187
1188
1189
1190
1191
1192
1193
1194
1195
1196
1197
1198
1199
1200
1201
1202
1203
1204
1205
1206
1207
1208
1209
1210
1211
1212
1213
1214
1215
1216
1217
1218
1219
1220
1221
1222
1223
1224
1225
1226
1227
1228
1229
1230
1231
1232
1233
1234
1235
1236
1237
1238
1239
1240
1241
1242
1243
1244
1245
1246
1247
1248
1249
1250
1251
1252
1253
1254
1255
1256
1257
1258
1259
1260
1261
1262
1263
1264
1265
1266
1267
1268
1269
1270
1271
1272
1273
1274
1275
1276
1277
1278
1279
1280
1281
1282
1283
1284
1285
1286
1287
1288
1289
1290
1291
1292
1293
1294
1295
1296
1297
1298
1299
1300
1301
1302
1303
1304
1305
1306
1307
1308
1309
1310
1311
1312
1313
1314
1315
1316
1317
1318
1319
1320
1321
1322
1323
1324
1325
1326
1327
1328
1329
1330
1331
1332
1333
1334
1335
1336
1337
1338
1339
1340
1341
1342
1343
1344
1345
1346
1347
1348
1349
1350
1351
1352
1353
1354
1355
1356
1357
1358
1359
1360
1361
1362
1363
1364
1365
1366
1367
1368
1369
1370
1371
1372
1373
1374
1375
1376
1377
1378
1379
1380
1381
1382
1383
1384
1385
1386
1387
1388
1389
1390
1391
1392
1393
1394
1395
1396
1397
1398
1399
1400
1401
1402
1403
1404
1405
1406
1407
1408
1409
1410
1411
1412
1413
1414
1415
1416
1417
1418
1419
1420
1421
1422
1423
1424
1425
1426
1427
1428
1429
1430
1431
1432
1433
1434
1435
1436
1437
1438
1439
1440
1441
1442
1443
1444
1445
1446
1447
1448
1449
1450
1451
1452
1453
1454
1455
1456
1457
1458
1459
1460
1461
1462
1463
1464
1465
1466
1467
1468
1469
1470
1471
1472
1473
1474
1475
1476
1477
1478
1479
1480
1481
1482
1483
1484
1485
1486
1487
1488
1489
1490
1491
1492
1493
1494
1495
1496
1497
1498
1499
1500
1501
1502
1503
1504
1505
1506
1507
1508
1509
1510
1511
1512
1513
1514
1515
1516
1517
1518
1519
1520
1521
1522
1523
1524
1525
1526
1527
1528
1529
1530
1531
1532
1533
1534
1535
1536
1537
1538
1539
1540
1541
1542
1543
1544
1545
1546
1547
1548
1549
1550
1551
1552
1553
1554
1555
1556
1557
1558
1559
1560
1561
1562
1563
1564
1565
1566
1567
1568
1569
1570
1571
1572
1573
1574
1575
1576
1577
1578
1579
1580
1581
1582
1583
1584
1585
1586
1587
1588
1589
1590
1591
1592
1593
1594
1595
1596
1597
1598
1599
1600
1601
1602
1603
1604
1605
1606
1607
1608
1609
1610
1611
1612
1613
1614
1615
1616
1617
1618
1619
1620
1621
1622
1623
1624
1625
1626
1627
1628
1629
1630
1631
1632
1633
1634
1635
1636
1637
1638
1639
1640
1641
1642
1643
1644
1645
1646
1647
1648
1649
1650
1651
1652
1653
1654
1655
1656
1657
1658
1659
1660
1661
1662
1663
1664
1665
1666
1667
1668
1669
1670
1671
1672
1673
1674
1675
1676
1677
1678
1679
1680
1681
1682
1683
1684
1685
1686
1687
1688
1689
1690
1691
1692
1693
1694
1695
1696
1697
1698
1699
1700
1701
1702
1703
1704
1705
1706
1707
1708
1709
1710
1711
1712
1713
1714
1715
1716
1717
1718
1719
1720
1721
1722
1723
1724
1725
1726
1727
1728
1729
1730
1731
1732
1733
1734
1735
1736
1737
1738
1739
1740
1741
1742
1743
1744
1745
1746
1747
1748
1749
1750
1751
1752
1753
1754
1755
1756
1757
1758
1759
1760
1761
1762
1763
1764
1765
1766
1767
1768
1769
1770
1771
1772
1773
1774
1775
1776
1777
1778
1779
1780
1781
1782
1783
1784
1785
1786
1787
1788
1789
1790
1791
1792
1793
1794
1795
1796
1797
1798
1799
1800
1801
1802
1803
1804
1805
1806
1807
1808
1809
1810
1811
1812
1813
1814
1815
1816
1817
1818
1819
1820
1821
1822
1823
1824
1825
1826
1827
1828
1829
1830
1831
1832
1833
1834
1835
1836
1837
1838
1839
1840
1841
1842
1843
1844
1845
1846
1847
1848
1849
1850
1851
1852
1853
1854
1855
1856
1857
1858
1859
1860
1861
1862
1863
1864
1865
1866
1867
1868
1869
1870
1871
1872
1873
1874
1875
1876
1877
1878
1879
1880
1881
1882
1883
1884
1885
1886
1887
1888
1889
1890
1891
1892
1893
1894
1895
1896
1897
1898
1899
1900
1901
1902
1903
1904
1905
1906
1907
1908
1909
1910
1911
1912
1913
1914
1915
1916
1917
1918
1919
1920
1921
1922
1923
1924
1925
1926
1927
1928
1929
1930
1931
1932
1933
1934
1935
1936
1937
1938
1939
1940
1941
1942
1943
1944
1945
1946
1947
1948
1949
1950
1951
1952
1953
1954
1955
1956
1957
1958
1959
1960
1961
1962
1963
1964
1965
1966
1967
1968
1969
1970
1971
1972
1973
1974
1975
1976
1977
1978
1979
1980
1981
1982
1983
1984
1985
1986
1987
1988
1989
1990
1991
1992
1993
1994
1995
1996
1997
1998
1999
2000
2001
2002
2003
2004
2005
2006
2007
2008
2009
2010
2011
2012
2013
2014
2015
2016
2017
2018
2019
2020
2021
2022
2023
2024
2025
2026
2027
2028
2029
2030
2031
2032
2033
2034
2035
2036
2037
2038
2039
2040
2041
2042
2043
2044
2045
2046
2047
2048
2049
2050
2051
2052
2053
2054
2055
2056
2057
2058
2059
2060
2061
2062
2063
2064
2065
2066
2067
2068
2069
2070
2071
2072
2073
2074
2075
2076
2077
2078
2079
2080
2081
2082
2083
2084
2085
2086
2087
2088
2089
2090
2091
2092
2093
2094
2095
2096
2097
2098
2099
2100
2101
2102
2103
2104
2105
2106
2107
2108
2109
2110
2111
2112
2113
2114
2115
2116
2117
2118
2119
2120
2121
2122
2123
2124
2125
2126
2127
2128
2129
2130
2131
2132
2133
2134
2135
2136
2137
2138
2139
2140
2141
2142
2143
2144
2145
2146
2147
2148
2149
2150
2151
2152
2153
2154
2155
2156
2157
2158
2159
2160
2161
2162
2163
2164
2165
2166
2167
2168
2169
2170
2171
2172
2173
2174
2175
2176
2177
2178
2179
2180
2181
2182
2183
2184
2185
2186
2187
2188
2189
2190
2191
2192
2193
2194
2195
2196
2197
2198
2199
2200
2201
2202
2203
2204
2205
2206
2207
2208
2209
2210
2211
2212
2213
2214
2215
2216
2217
2218
2219
2220
2221
2222
2223
2224
2225
2226
2227
2228
2229
2230
2231
2232
2233
2234
2235
2236
2237
2238
2239
2240
2241
2242
2243
2244
2245
2246
2247
2248
2249
2250
2251
2252
2253
2254
2255
2256
2257
2258
2259
2260
2261
2262
2263
2264
2265
2266
2267
2268
2269
2270
2271
2272
2273
2274
2275
2276
2277
2278
2279
2280
2281
2282
2283
2284
2285
2286
2287
2288
2289
2290
2291
2292
2293
2294
2295
2296
2297
2298
2299
2300
2301
2302
2303
2304
2305
2306
2307
2308
2309
2310
2311
2312
2313
2314
2315
2316
2317
2318
2319
2320
2321
2322
2323
2324
2325
2326
2327
2328
2329
2330
2331
2332
2333
2334
2335
2336
2337
2338
2339
2340
2341
2342
2343
2344
2345
2346
2347
2348
2349
2350
2351
2352
2353
2354
2355
2356
2357
2358
2359
2360
2361
2362
2363
2364
2365
2366
2367
2368
2369
2370
2371
2372
2373
2374
2375
2376
2377
2378
2379
2380
2381
2382
2383
2384
2385
2386
2387
2388
2389
2390
2391
2392
2393
2394
2395
2396
2397
2398
2399
2400
2401
2402
2403
2404
2405
2406
2407
2408
2409
2410
2411
2412
2413
2414
2415
2416
2417
2418
2419
2420
2421
2422
2423
2424
2425
2426
2427
2428
2429
2430
2431
2432
2433
2434
2435
2436
2437
2438
2439
2440
2441
2442
2443
2444
2445
2446
2447
2448
2449
2450
2451
2452
2453
2454
2455
2456
2457
2458
2459
2460
2461
2462
2463
2464
2465
2466
2467
2468
2469
2470
2471
2472
2473
2474
2475
2476
2477
2478
2479
2480
2481
2482
2483
2484
2485
2486
2487
2488
2489
2490
2491
2492
2493
2494
2495
2496
2497
2498
2499
2500
2501
2502
2503
2504
2505
2506
2507
2508
2509
2510
2511
2512
2513
2514
2515
2516
2517
2518
2519
2520
2521
2522
2523
2524
2525
2526
2527
2528
2529
2530
2531
2532
2533
2534
2535
2536
2537
2538
2539
2540
2541
2542
2543
2544
2545
2546
2547
2548
2549
2550
2551
2552
2553
2554
2555
2556
2557
2558
2559
2560
2561
2562
2563
2564
2565
2566
2567
2568
2569
2570
2571
2572
2573
2574
2575
2576
2577
2578
2579
2580
2581
2582
2583
2584
2585
2586
2587
2588
2589
2590
2591
2592
2593
2594
2595
2596
2597
2598
2599
2600
2601
2602
2603
2604
2605
2606
2607
2608
2609
2610
2611
2612
2613
2614
2615
2616
2617
2618
2619
2620
2621
2622
2623
2624
2625
2626
2627
2628
2629
2630
2631
2632
2633
2634
2635
2636
2637
2638
2639
2640
2641
2642
2643
2644
2645
2646
2647
2648
2649
2650
2651
2652
2653
2654
2655
2656
2657
2658
2659
2660
2661
2662
2663
2664
2665
2666
2667
2668
2669
2670
2671
2672
2673
2674
2675
2676
2677
2678
2679
2680
2681
2682
2683
2684
2685
2686
2687
2688
2689
2690
2691
2692
2693
2694
2695
2696
2697
2698
2699
2700
2701
2702
2703
2704
2705
2706
2707
2708
2709
2710
2711
2712
2713
2714
2715
2716
2717
2718
2719
2720
2721
2722
2723
2724
2725
2726
2727
2728
2729
2730
2731
2732
2733
2734
2735
2736
2737
2738
2739
2740
2741
2742
2743
2744
2745
2746
2747
2748
2749
2750
2751
2752
2753
2754
2755
2756
2757
2758
2759
2760
2761
2762
2763
2764
2765
2766
2767
2768
2769
2770
2771
2772
2773
2774
2775
2776
2777
2778
2779
2780
2781
2782
2783
2784
2785
2786
2787
2788
2789
2790
2791
2792
2793
2794
2795
2796
2797
2798
2799
2800
2801
2802
2803
2804
2805
2806
2807
2808
2809
2810
2811
2812
2813
2814
2815
2816
2817
2818
2819
2820
2821
2822
2823
2824
2825
2826
2827
2828
2829
2830
2831
2832
2833
2834
2835
2836
2837
2838
2839
2840
2841
2842
2843
2844
2845
2846
2847
2848
2849
2850
2851
2852
2853
2854
2855
2856
2857
2858
2859
2860
2861
2862
2863
2864
2865
2866
2867
2868
2869
2870
2871
2872
2873
2874
2875
2876
2877
2878
2879
2880
2881
2882
2883
2884
2885
2886
2887
2888
2889
2890
2891
2892
2893
2894
2895
2896
2897
2898
2899
2900
2901
2902
2903
2904
2905
2906
2907
2908
2909
2910
2911
2912
2913
2914
2915
2916
2917
2918
2919
2920
2921
2922
2923
2924
2925
2926
2927
2928
2929
2930
2931
2932
2933
2934
2935
2936
2937
2938
2939
2940
2941
2942
2943
2944
2945
2946
2947
2948
2949
2950
2951
2952
2953
2954
2955
2956
2957
2958
2959
2960
2961
2962
2963
2964
2965
2966
2967
2968
2969
2970
2971
2972
2973
2974
2975
2976
2977
2978
2979
2980
2981
2982
2983
2984
2985
2986
2987
2988
2989
2990
2991
2992
2993
2994
2995
2996
2997
2998
2999
3000
3001
3002
3003
3004
3005
3006
3007
3008
3009
3010
3011
3012
3013
3014
3015
3016
3017
3018
3019
3020
3021
3022
3023
3024
3025
3026
3027
3028
3029
3030
3031
3032
3033
3034
3035
3036
3037
3038
3039
3040
3041
3042
3043
3044
3045
3046
3047
3048
3049
3050
3051
3052
3053
3054
3055
3056
3057
3058
3059
3060
3061
3062
3063
3064
3065
3066
3067
3068
3069
3070
3071
3072
3073
3074
3075
3076
3077
3078
3079
3080
3081
3082
3083
3084
3085
3086
3087
3088
3089
3090
3091
3092
3093
3094
3095
3096
3097
3098
3099
3100
3101
3102
3103
3104
3105
3106
3107
3108
3109
3110
3111
3112
3113
3114
3115
3116
3117
3118
3119
3120
3121
3122
3123
3124
3125
3126
3127
3128
3129
3130
3131
3132
3133
3134
3135
3136
3137
3138
3139
3140
3141
3142
3143
3144
3145
3146
3147
3148
3149
3150
3151
3152
3153
3154
3155
3156
3157
3158
3159
3160
3161
3162
3163
3164
3165
3166
3167
3168
3169
3170
3171
3172
3173
3174
3175
3176
3177
3178
3179
3180
3181
3182
3183
3184
3185
3186
3187
3188
3189
3190
3191
3192
3193
3194
3195
3196
3197
3198
3199
3200
3201
3202
3203
3204
3205
3206
3207
3208
3209
3210
3211
3212
3213
3214
3215
3216
3217
3218
3219
3220
3221
3222
3223
3224
3225
3226
3227
3228
3229
3230
3231
3232
3233
3234
3235
3236
3237
3238
3239
3240
3241
3242
3243
3244
3245
3246
3247
3248
3249
3250
3251
3252
3253
3254
3255
3256
3257
3258
3259
3260
3261
3262
3263
3264
3265
3266
3267
3268
3269
3270
3271
3272
3273
3274
3275
3276
3277
3278
3279
3280
3281
3282
3283
3284
3285
3286
3287
3288
3289
3290
3291
3292
3293
3294
3295
3296
3297
3298
3299
3300
3301
3302
3303
3304
3305
3306
3307
3308
3309
3310
3311
3312
3313
3314
3315
3316
3317
3318
3319
3320
3321
3322
3323
3324
3325
3326
3327
3328
3329
3330
3331
3332
3333
3334
3335
3336
3337
3338
3339
3340
3341
3342
3343
3344
3345
3346
3347
3348
3349
3350
3351
3352
3353
3354
3355
3356
3357
3358
3359
3360
3361
3362
3363
3364
3365
3366
3367
3368
3369
3370
3371
3372
3373
3374
3375
3376
3377
3378
3379
3380
3381
3382
3383
3384
3385
3386
3387
3388
3389
3390
3391
3392
3393
3394
3395
3396
3397
3398
3399
3400
3401
3402
3403
3404
3405
3406
3407
3408
3409
3410
3411
3412
3413
3414
3415
3416
3417
3418
3419
3420
3421
3422
3423
3424
3425
3426
3427
3428
3429
3430
3431
3432
3433
3434
3435
3436
3437
3438
3439
3440
3441
3442
3443
3444
3445
3446
3447
3448
3449
3450
3451
3452
3453
3454
3455
3456
3457
3458
3459
3460
3461
3462
3463
3464
3465
3466
3467
3468
3469
3470
3471
3472
3473
3474
3475
3476
3477
3478
3479
3480
3481
3482
3483
3484
3485
3486
3487
3488
3489
3490
3491
3492
3493
3494
3495
3496
3497
3498
3499
3500
3501
3502
3503
3504
3505
3506
3507
3508
3509
3510
3511
3512
3513
3514
3515
3516
3517
3518
3519
3520
3521
3522
3523
3524
3525
3526
3527
3528
3529
3530
3531
3532
3533
3534
3535
3536
3537
3538
3539
3540
3541
3542
3543
3544
3545
3546
3547
3548
3549
3550
3551
3552
3553
3554
3555
3556
3557
3558
3559
3560
3561
3562
3563
3564
3565
3566
3567
3568
3569
3570
3571
3572
3573
3574
3575
3576
3577
3578
3579
3580
3581
3582
3583
3584
3585
3586
3587
3588
3589
3590
3591
3592
3593
3594
3595
3596
3597
3598
3599
3600
3601
3602
3603
3604
3605
3606
3607
3608
3609
3610
3611
3612
3613
3614
3615
3616
3617
3618
3619
3620
3621
3622
3623
3624
3625
3626
3627
3628
3629
3630
3631
3632
3633
3634
3635
3636
3637
3638
3639
3640
3641
3642
3643
3644
3645
3646
3647
3648
3649
3650
3651
3652
3653
3654
3655
3656
3657
3658
3659
3660
3661
3662
3663
3664
3665
3666
3667
3668
3669
3670
3671
3672
3673
3674
3675
3676
3677
3678
3679
3680
3681
3682
3683
3684
3685
3686
3687
3688
3689
3690
3691
3692
3693
3694
3695
3696
3697
3698
3699
3700
3701
3702
3703
3704
3705
3706
3707
3708
3709
3710
3711
3712
3713
3714
3715
3716
3717
3718
3719
3720
3721
3722
3723
3724
3725
3726
3727
3728
3729
3730
3731
3732
3733
3734
3735
3736
3737
3738
3739
3740
3741
3742
3743
3744
3745
3746
3747
3748
3749
3750
3751
3752
3753
3754
3755
3756
3757
3758
3759
3760
3761
3762
3763
3764
3765
3766
3767
3768
3769
3770
3771
3772
3773
3774
3775
3776
3777
3778
3779
3780
3781
3782
3783
3784
3785
3786
3787
3788
3789
3790
3791
3792
3793
3794
3795
3796
3797
3798
3799
3800
3801
3802
3803
3804
3805
3806
3807
3808
3809
3810
3811
3812
3813
3814
3815
3816
3817
3818
3819
3820
3821
3822
3823
3824
3825
3826
3827
3828
3829
3830
3831
3832
3833
3834
3835
3836
3837
3838
3839
3840
3841
3842
3843
3844
3845
3846
3847
3848
3849
3850
3851
3852
3853
3854
3855
3856
3857
3858
3859
3860
3861
3862
3863
3864
3865
3866
3867
3868
3869
3870
3871
3872
3873
3874
3875
3876
3877
3878
3879
3880
3881
3882
3883
3884
3885
3886
3887
3888
3889
3890
3891
3892
3893
3894
3895
3896
3897
3898
3899
3900
3901
3902
3903
3904
3905
3906
3907
3908
3909
3910
3911
3912
3913
3914
3915
3916
3917
3918
3919
3920
3921
3922
3923
3924
3925
3926
3927
3928
3929
3930
3931
3932
3933
3934
3935
3936
3937
3938
3939
3940
3941
3942
3943
3944
3945
3946
3947
3948
3949
3950
3951
3952
3953
3954
3955
3956
3957
3958
3959
3960
3961
3962
3963
3964
3965
3966
3967
3968
3969
3970
3971
3972
3973
3974
3975
3976
3977
3978
3979
3980
3981
3982
3983
3984
3985
3986
3987
3988
3989
3990
3991
3992
3993
3994
3995
3996
3997
3998
3999
4000
4001
4002
4003
4004
4005
4006
4007
4008
4009
4010
4011
4012
4013
4014
4015
4016
4017
4018
4019
4020
4021
4022
4023
4024
4025
4026
4027
4028
4029
4030
4031
4032
4033
4034
4035
4036
4037
4038
4039
4040
4041
4042
4043
4044
4045
4046
4047
4048
4049
4050
4051
4052
4053
4054
4055
4056
4057
4058
4059
4060
4061
4062
4063
4064
4065
4066
4067
4068
4069
4070
4071
4072
4073
4074
4075
4076
4077
4078
4079
4080
4081
4082
4083
4084
4085
4086
4087
4088
4089
4090
4091
4092
4093
4094
4095
4096
4097
4098
4099
4100
4101
4102
4103
4104
4105
4106
4107
4108
4109
4110
4111
4112
4113
4114
4115
4116
4117
4118
4119
4120
4121
4122
4123
4124
4125
4126
4127
4128
4129
4130
4131
4132
4133
4134
4135
4136
4137
4138
4139
4140
4141
4142
4143
4144
4145
4146
4147
4148
4149
4150
4151
4152
4153
4154
4155
4156
4157
4158
4159
4160
4161
4162
4163
4164
4165
4166
4167
4168
4169
4170
4171
4172
4173
4174
4175
4176
4177
4178
4179
4180
4181
4182
4183
4184
4185
4186
4187
4188
4189
4190
4191
4192
4193
4194
4195
4196
4197
4198
4199
4200
4201
4202
4203
4204
4205
4206
4207
4208
4209
4210
4211
4212
4213
4214
4215
4216
4217
4218
4219
4220
4221
4222
4223
4224
4225
4226
4227
4228
4229
4230
4231
4232
4233
4234
4235
4236
4237
4238
4239
4240
4241
4242
4243
4244
4245
4246
4247
4248
4249
4250
4251
4252
4253
4254
4255
4256
4257
4258
4259
4260
4261
4262
4263
4264
4265
4266
4267
4268
4269
4270
4271
4272
4273
4274
4275
4276
4277
4278
4279
4280
4281
4282
4283
4284
4285
4286
4287
4288
4289
4290
4291
4292
4293
4294
4295
4296
4297
4298
4299
4300
4301
4302
4303
4304
4305
4306
4307
4308
4309
4310
4311
4312
4313
4314
4315
4316
4317
4318
4319
4320
4321
4322
4323
4324
4325
4326
4327
4328
4329
4330
4331
4332
4333
4334
4335
4336
4337
4338
4339
4340
4341
4342
4343
4344
4345
4346
4347
4348
4349
4350
4351
4352
4353
4354
4355
4356
4357
4358
4359
4360
4361
4362
4363
4364
4365
4366
4367
4368
4369
4370
4371
4372
4373
4374
4375
4376
4377
4378
4379
4380
4381
4382
4383
4384
4385
4386
4387
4388
4389
4390
4391
4392
4393
4394
4395
4396
4397
4398
4399
4400
4401
4402
4403
4404
4405
4406
4407
4408
4409
4410
4411
4412
4413
4414
4415
4416
4417
4418
4419
4420
4421
4422
4423
4424
4425
4426
4427
4428
4429
4430
4431
4432
4433
4434
4435
4436
4437
4438
4439
4440
4441
4442
4443
4444
4445
4446
4447
4448
4449
4450
4451
4452
4453
-0.0327779039019773 -0.3678977272725524 0
0.03277790390202218 -0.5071022727274456 0
-0.0325114289807012 -0.8054626974669603 0
-0.03143294006660488 -0.767895445611024 0
-0.03232271762060019 -0.7056392631878863 0
-0.03277790390196911 -0.6661931818182794 0
-0.03277790390197394 -0.6264204545455716 0
-0.03277790390196795 -0.5468750000001508 0
-0.03277790390197871 -0.5866477272728634 0
-0.03277790390197224 -0.3281249999998404 0
-0.03277790390196942 -0.288352272727132 0
-0.03277790390196678 -0.2485795454544241 0
-0.03277790390196431 -0.2088068181817162 0
-0.03277790390203152 -0.169034090909024 0
-0.03340875846063704 -0.1292613636363162 0
-0.03314459752385998 -0.09012376834744243 0
-0.03277790390197484 -0.4076704545452836 0
0.03277790390202218 -0.4673295454547372 0
-0.000172193296344361 -0.01721344677046689 0
0.03251431012126892 -0.06953909026906835 0
0.03251593775480868 -0.7465539551071128 0
0.03211701872728179 -0.8269674999236108 0
0.03314395738006735 -0.7848773404141443 0
0.0322114988590772 -0.6885508579940645 0
0.03277790390202218 -0.6463068181819256 0
0.03277790390202218 -0.5667613636365083 0
0.03277790390202212 -0.6065340909092172 0
0.03277790390202212 -0.3480113636361997 0
0.03277790390202218 -0.3082386363634912 0
0.03277790390202208 -0.2684659090907828 0
0.03277790390202218 -0.2286931818180741 0
0.03318741706198286 -0.1886921729434985 0
0.03385305440230257 -0.149130090107309 0
0.03146547498742443 -0.1072871590934108 0
-0.03277790390196389 -0.4474431818180783 0
0.03277790390195302 -0.3877840909090049 0
-0.03277790390195648 -0.4872159090909999 0
0.03277790390196746 -0.4275568181819601 0
0.0001731141826090028 -0.8577882232699655 0
-0.03211702403699055 -0.04803622947052508 0
-0.03189283606219717 -0.8432994694931635 0
0.03189533520594998 -0.03170193620893889 0
0.01989366731955571 -0.858252784357002 0
0.01316988082446744 -0.8388539685510206 0
-0.009950585969705302 -0.8403875442275807 0
3.173477026670516e-05 -0.8231383130767107 0
-0.02005622603602396 -0.8236861438849215 0
-0.009915397771975773 -0.8058922051692938 0
0.009987614160122863 -0.8059043206104295 0
0.0001274155483704947 -0.7889614769372815 0
-0.02017331740153886 -0.7875075869219224 0
-0.010263528576025 -0.7713223327105669 0
-0.01689023284735715 -0.7519442651837461 0
0.002427039278095754 -0.7557188398731527 0
-0.004106010026820968 -0.7367718782115201 0
-0.02018730286266176 -0.7351001697031876 0
-0.0136400878848457 -0.7172002871846108 0
0.008867431384416197 -0.7218652125663172 0
0.002805112011694124 -0.7031021545877943 0
0.0213305994320386 -0.7065121923948483 0
0.03075222846311466 -0.7246750198354879 0
-0.01989440664631354 -0.01674821081465521 0
-0.01316822785383247 -0.03615179349588377 0
0.00995757670312809 -0.03461650001804833 0
-2.730120689072565e-05 -0.05187433718968049 0
0.02006352740523425 -0.05132087540045435 0
0.009926005378023302 -0.06912351295377878 0
-0.009981667581234897 -0.06911458406909286 0
-0.0001169779383635428 -0.08605579847384891 0
0.02018823202241413 -0.08753118215798039 0
0.01028627676211865 -0.1036928957941813 0
0.01636775008385524 -0.1227971953374993 0
-0.002407699304942479 -0.1192915942199243 0
0.004077833350781948 -0.1381514368187851 0
-0.03277790390195791 -0.4673295454545402 0
-0.01555580780394408 -0.4573863636363086 0
-0.01555580780394423 -0.437499999999884 0
0.001666288294066481 -0.4474431818180819 0
0.001666288294077197 -0.4275568181816886 0
0.001666288294067576 -0.4673295454544742 0
-0.0327779039019614 -0.5071022727274103 0
-0.01555580780394874 -0.497159090909206 0
-0.01555580780394497 -0.5170454545455905 0
0.001666288294051244 -0.507102272727404 0
0.001388223628420961 -0.5269886363637721 0
0.001666288294058614 -0.4872159090910298 0
-0.0156021519148815 -0.5369318181819593 0
0.001334155498994076 -0.5468750000001342 0
0.01738329350990249 -0.5369318181819573 0
-0.01561888728828945 -0.5568181818183213 0
0.001504468194481991 -0.5667613636364937 0
-0.01559329106794253 -0.5767045454546786 0
0.001513058739035183 -0.5866477272728499 0
-0.01558759327379022 -0.5965909090910336 0
0.001513678634340996 -0.6065340909092043 0
-0.01558654032554398 -0.6164772727273881 0
0.001513751210164081 -0.6264204545455583 0
-0.0155863527381967 -0.6363636363637419 0
0.001513762497271249 -0.6463068181819115 0
-0.01558631959245107 -0.6562500000000958 0
0.001299254193049175 -0.6660750224282956 0
-0.01577503970880948 -0.6758850780004471 0
-0.01555580780394229 -0.4176136363634845 0
0.001666288294082272 -0.4076704545452953 0
-0.01555580780394801 -0.3977272727271005 0
0.001666288294084562 -0.3877840909089081 0
-0.01555580780394718 -0.3778409090907263 0
0.001666288294084323 -0.367897727272533 0
-0.01555580780394591 -0.3579545454543633 0
0.001666288294083629 -0.3480113636361707 0
-0.01555580780394384 -0.338068181818005 0
0.001666288294085473 -0.3281249999998138 0
-0.01555580780394206 -0.3181818181816496 0
0.001666288294088677 -0.3082386363634588 0
-0.01555580780393953 -0.298295454545295 0
0.001666288294092115 -0.2883522727271045 0
-0.01555580780393716 -0.2784090909089409 0
0.001666288294096013 -0.2684659090907504 0
-0.01555580780393443 -0.2585227272725868 0
0.001666288294099731 -0.2485795454543962 0
-0.01555580780393212 -0.2386363636362328 0
0.001666288294103562 -0.2286931818180422 0
-0.01555580780392945 -0.2187499999998788 0
0.001666288294107235 -0.2088068181816881 0
-0.01555580780386858 -0.1988636363635078 0
0.0009667094595304925 -0.1887573962583088 0
0.03277790390193482 -0.4076704545454475 0
0.0327779039019577 -0.3678977272726023 0
-0.0327856279204593 -0.5269886363637872 0
-0.03277790390196897 -0.4275568181816592 0
-0.01555580780394683 -0.4772727272727598 0
-0.02994283293165802 -0.06909062226861125 0
0.03338106068769651 -0.7657371838281348 0
0.01420357102337767 -0.7740849096535258 0
0.03277790390202208 -0.5866477272728626 0
-0.03278987565774173 -0.5667613636365093 0
0.03310739489156497 -0.6664873856920192 0
0.03277790390202175 -0.2485795454544286 0
0.03315714628968464 -0.1687648228459418 0
0.01525163656870046 -0.1564284244660002 0
-0.03277790390197455 -0.3877840909089161 0
0.03277790390202202 -0.3281249999998456 0
0.03300519312383955 -0.2087929526811187 0
-0.03277790390202149 -0.6860795454546371 0
0.03277790390202255 -0.626420454545571 0
-0.03277790390196796 -0.2684659090907785 0
0.0327779039020223 -0.288352272727137 0
-0.03277790390199395 -0.1889204545453675 0
-0.03290312134830734 -0.1491477272726701 0
-0.01629296258925261 -0.1597683253791627 0
-0.03277790390197322 -0.3480113636361966 0
-0.03355494147086475 -0.1094808553306013 0
-0.01423169958152607 -0.1009926970756708 0
-0.03277790390196544 -0.2286931818180706 0
-0.0327779039020215 -0.6065340909092228 0
-0.03277790390197054 -0.3082386363634866 0
-0.03277790390202154 -0.6463068181819304 0
0.03277790390202221 -0.4872159090910916 0
0.0299431013206267 -0.8059160726297192 0
0.03277790390196899 -0.4474431818183485 0
-0.01607332807290307 -0.1790629990607396 0
-0.01529261349575249 -0.6956012934403205 0
-0.01442825403530696 -0.1383072648782169 0
0.01464292977303933 -0.7401233242344636 0
-0.01951687315607336 -0.8586561462157161 0
0.01951860828331356 -0.01634504044897787 0
0.03339157093350099 -0.8453476695360036 0
-0.03339167852419538 -0.0296537125118415 0
0.03356869456773455 -0.5482446896113169 0
0.03356869456774218 -0.5256189467526199 0
0.01634659846977806 -0.1776075831159862 0
0.0008640286721597213 -0.684689991028559 0
0.01722209609804715 -0.5767045454546854 0
0.01722209609805125 -0.5965909090910408 0
0.01722209609805479 -0.6164772727273943 0
0.01722209609805817 -0.6363636363637474 0
0.01722174614808005 -0.497159090909246 0
0.01719067674118488 -0.6562793407473926 0
0.01722209609805343 -0.3380681818180081 0
0.01722209609805626 -0.3181818181816553 0
0.01722209609805507 -0.2982954545452962 0
0.0172220960980516 -0.2784090909089346 0
0.01722209609805214 -0.2585227272725785 0
0.01722209609803624 -0.3579545454543661 0
0.0172220960980527 -0.2386363636362223 0
0.01722209609805453 -0.218749999999868 0
0.01706571708454879 -0.198567820530078 0
0.01722203777306325 -0.4772727272728605 0
0.01722209609801724 -0.377840909090753 0
0.01722209609800528 -0.3977272727271506 0
0.01722208637718736 -0.4573863636363993 0
0.01722209609800046 -0.4176136363635726 0
0.01722209447787799 -0.4375000000000085 0
0.01722364886514354 -0.6761363636364567 0
0.0172199963982659 -0.5170454545455908 0
0.01721999639825727 -0.5568181818183102 0
-0.0001073218370485354 -0.1691394922137864 0
0.03392014803992328 -0.1294122817857551 0
-0.03445326333917514 -0.7469832169027898 0
-0.01960627057065546 -0.1194667550281459 0
-0.03689209821578446 -0.8246032985326551 0
0.03689463454649063 -0.0503987440120466 0
0.01660099030460194 -0.8212174867933164 0
-0.01660057184444953 -0.05379898209027549 0
0.01943410770340358 -0.7564436425392779 0
-0.03704402456229679 -0.7855113636364077 0
0.03705430282401304 -0.08948863636359415 0
0.01488697756802264 -0.6917983119283445 0
0.01768158598546374 -0.7917280867561677 0
-0.01768505782543389 -0.08328316429477674 0
0.0206940844891127 -0.1391838857030698 0
-0.03425717160746075 -0.7239985334964095 0
-0.0008425848581445471 -0.1532122250025212 0
0.03715881836417571 -0.7062288152269077 0
0.03533288552211401 -0.860363034478362 0
-0.03533362190858461 -0.01463622492724684 0
-0.03543093108699495 -0.8604616403035867 0
0.03543093108699588 -0.01453835969641315 0
0.02264344977587461 -0.8329107342373157 0
0.02328072587898421 -0.8421008190435121 0
0.03275429483039138 -0.8361575847298073 0
-0.02264262594541151 -0.04209401148320442 0
-0.02327995318901393 -0.03290275300386264 0
-0.03275435128059297 -0.03884497099118329 0
0.003939288728588086 -0.1114922450070528 0
-0.00197271140970371 -0.1023427964349261 0
-0.008319699443234276 -0.1101421456477975 0
-0.003918244648964623 -0.7635205862918598 0
0.001970021223676335 -0.7727036211820464 0
0.008315305150736712 -0.7649018747633393 0
0.02435900451594186 -0.8240924933584637 0
0.01488543556453469 -0.8300357276721685 0
-0.02435879794072004 -0.05091760578040028 0
-0.014884399849141 -0.04497538779307964 0
-0.02580312873407187 -0.7777015162664731 0
-0.01521842298878193 -0.7794149598162446 0
-0.02084823432131494 -0.7696088891607955 0
0.02582685350491928 -0.0974091706256956 0
0.01523725439226639 -0.09561203897608084 0
0.02087587587477154 -0.105490027443796 0
-0.02092171101595124 -0.841843506860372 0
-0.01500340600286463 -0.8320368440562511 0
-0.02597453104911056 -0.8334928066890425 0
0.02092645595453903 -0.03315921811349361 0
0.01501055205418117 -0.04296868770925134 0
0.02597943130559212 -0.04151140580469662 0
-0.02298140275272294 -0.7114197751862485 0
-0.03328994461403047 -0.714818898342148 0
-0.02394862974615323 -0.7205994103405102 0
0.005084649411877554 -0.0948743471340151 0
-0.007174338759944806 -0.09352424777475984 0
-0.0144663506902991 -0.7064007903124656 0
-0.02380766555817634 -0.7006202783141033 0
-0.005068056513827252 -0.7801419048239242 0
0.007165493285874082 -0.7815231932954037 0
0.04037611423155733 -0.7202920553723268 0
0.04037611423155733 -0.7302352371905039 0
-0.03423848231445083 -0.7767034046237158 0
-0.02860867098191782 -0.786509475279165 0
0.03425988890571874 -0.09838789772850248 0
0.02862126742321359 -0.08850990926078728 0
-0.04222663166958757 -0.7413893357241561 0
-0.03435521747331795 -0.7354908751995997 0
-0.04212858580373038 -0.7298969940209661 0
-0.02847416212590421 -0.8241447212087882 0
-0.03439246713899081 -0.8339513840129094 0
0.02847908097586244 -0.05085980970625048 0
0.03439498487622031 -0.04105034011049274 0
-0.02732028310091845 -0.7410416933029886 0
-0.02722223723506126 -0.7295493515997986 0
-0.01691369537375373 -0.7261502284438992 0
-0.01357688071169108 -0.7616332989471566 0
-0.02416158645698101 -0.759919855397385 0
0.01332701342298694 -0.1132450455658403 0
0.02391661253563983 -0.1150421772154551 0
-0.02628382750836258 -0.8145744206759409 0
-0.01498581190399987 -0.8147891745271076 0
-0.02121341337633849 -0.8056774513181271 0
0.02628891876325159 -0.06042998283476135 0
0.01499476639162878 -0.06022219417711656 0
0.02122015774964611 -0.06933130161142356 0
0.0008350670229197346 -0.1287215155193547 0
-0.00841797667012472 -0.1287994295490706 0
-0.005175210342262506 -0.138229350848501 0
-0.01504435758675732 -0.7966998960456081 0
-0.02634237319112003 -0.7964851421944413 0
0.01505711870021872 -0.07832734755587958 0
0.02635127107184153 -0.07853513621352437 0
0.04125796887740434 -0.7411747048263164 0
0.03163408310896167 -0.7356144874713003 0
0.01653177407201158 -0.8485533764540113 0
0.02664261912652835 -0.8518002269465028 0
-0.016531317250073 -0.02645000215526949 0
-0.02664304258525446 -0.02320096166324835 0
0.01996535774037478 -0.8059101966200743 0
0.0132943022323624 -0.813560903701873 0
0.02327204581261432 -0.8135667797115178 0
-0.01996225025644646 -0.06910260316885206 0
-0.01329111971284221 -0.06145678307968418 0
-0.02327170238805377 -0.06144480217944337 0
0.04357940918208786 -0.7110689530680367 0
0.03395552341364518 -0.7154519175311977 0
-0.01100698493779897 -0.1193791746240351 0
-0.01701726230298121 -0.1288870099531814 0
-0.02570485460913527 -0.8509778078544398 0
-0.01473372956288933 -0.8495218452216484 0
0.02570697174463177 -0.02402348832895838 0
0.01473809249322082 -0.0254807702335131 0
-0.01691898507609076 -0.1102297260519083 0
0.04178434728386728 -0.5425882538966471 0
0.04178434728387109 -0.5312753824672986 0
0.03356869456773837 -0.5369318181819684 0
0.009664734959741204 -0.1472899306423927 0
0.01797286052890658 -0.147806155084535 0
0.01238595891994732 -0.1386676612609274 0
-0.005417487936575788 -0.7101512208862026 0
-0.006243750742029182 -0.6993517240140574 0
0.01681883936339063 -0.7652642760964019 0
0.01093057349074967 -0.7560812412062152 0
0.0016176242463187 -0.1456818309106532 0
0.007204525855277957 -0.1548203247342607 0
0.0267710491455579 -0.6975315251944564 0
0.02924470889810715 -0.7063705038108781 0
0.03468515861162645 -0.697389836610486 0
0.00490451371982988 -0.07758965571381385 0
0.01003562704202529 -0.08679349031591466 0
-0.004893991111802639 -0.7974268410532876 0
-0.01002295092658418 -0.7882345319296019 0
0.02354923821354992 -0.6901745849612044 0
0.01810878850003062 -0.6991552521615965 0
-0.007231596784630699 -0.7538315525284494 0
0.00698002538945638 -0.1210443947787118 0
0.02381234365304522 -0.7988220796929435 0
0.0138346000727933 -0.7988162036832986 0
-0.02381394537854595 -0.07618689328169399 0
-0.01383336270333439 -0.0761988741819348 0
0.02547599403881852 -0.5425882538966371 0
0.02547599403882234 -0.5312753824672887 0
0.03103006002395424 -0.8164417862766651 0
-0.03102992848432429 -0.05856342586956816 0
-0.0008394853743626072 -0.7462453590423364 0
-0.01049812143708906 -0.7443580716976331 0
0.01022279171731859 -0.1304743160781422 0
0.02476700776588046 -0.1831498780297424 0
0.01670615777716342 -0.1880877018230321 0
0.02512656707326583 -0.1936299967367882 0
-0.03470176359824283 -0.8150329979998077 0
0.03470447233387978 -0.05996891714055748 0
-0.01214665644474136 -0.7359360239573538 0
-0.01853876785500946 -0.7435222174434668 0
0.01003339075108236 -0.8580205038134838 0
0.006671497503538222 -0.848321095910493 0
0.001609647427381069 -0.8396207563893006 0
-0.004888735893548149 -0.8490878837487731 0
-0.01003329997132895 -0.01698082879256105 0
-0.006670210575088415 -0.02668262013317533 0
-0.00160532557535219 -0.03538414675696605 0
0.004892691703391864 -0.02591497339425761 0
0.006600807797367073 -0.8309961408138656 0
-0.004959425599719298 -0.8317629286521457 0
-0.006597764530361597 -0.04401306534278213 0
0.004965137748118682 -0.04324541860386441 0
0.005086557091251115 -0.8663941116349827 0
0.01494683365972447 -0.866626392178501 0
0.01001811309917176 -0.05159760629506742 0
-0.005086096648118794 -0.008606723385233444 0
-0.01494720332310338 -0.008374105407327605 0
0.004949352085566288 -0.06049892507172963 0
-0.004913442908748349 -0.8663941116349827 0
-0.01001224563287863 -0.8234122284808161 0
0.004913903351880669 -0.008606723385233444 0
-0.004941831500854534 -0.8145152591230023 0
0.02494683365975128 -0.866626392178501 0
-0.008873048955833334 -0.7269860826980654 0
-2.783110160579742e-05 -0.06911904851143583 0
-0.005049322759799219 -0.07758519127147089 0
-0.0249472033231302 -0.008374105407327605 0
-0.005004484394062811 -0.06049446062938668 0
0.005009674465194784 -0.8145213168435701 0
3.61081940735454e-05 -0.8058982628898617 0
0.005057514854246679 -0.7974328987738555 0
0.002380710678797614 -0.7293185453889186 0
-0.002386328250214752 -0.719532749875464 0
0.005836271698055161 -0.7124836835770558 0
0.0150990154082274 -0.7141887024805827 0
0.01206785572186636 -0.7048071734913213 0
0.01980982992376543 -0.7232701162009025 0
0.02604141394757663 -0.7155936061151681 0
-0.02416685585291645 -0.203835227272612 0
-0.02416685585293126 -0.1938920454544376 0
-0.03277790390197913 -0.1988636363635418 0
-0.02416685585294688 -0.2137784090907975 0
-0.01555580780389901 -0.2088068181816933 0
-0.03277790390196487 -0.2187499999998934 0
-0.02416685585294744 -0.2237215909089747 0
-0.01555580780393078 -0.2286931818180558 0
-0.02416685585294878 -0.2336647727271517 0
-0.02416685585294945 -0.2436079545453285 0
-0.03277790390196611 -0.2386363636362474 0
-0.02416685585295061 -0.2535511363635055 0
-0.01555580780393328 -0.2485795454544098 0
-0.03277790390196737 -0.2585227272726013 0
-0.0241668558529512 -0.2634943181816827 0
-0.01555580780393579 -0.2684659090907638 0
-0.02416685585295256 -0.2734374999998597 0
-0.02416685585295329 -0.2833806818180364 0
-0.03277790390196869 -0.2784090909089553 0
-0.02416685585295448 -0.2933238636362135 0
-0.01555580780393834 -0.2883522727271179 0
0.001666288294063095 -0.477272727272752 0
-0.006944759754939627 -0.472301136363617 0
-0.006944759754944108 -0.4822443181818948 0
-0.03277790390196998 -0.2982954545453093 0
-0.02416685585295503 -0.3032670454543908 0
-0.01555580780394079 -0.3082386363634723 0
-0.0241668558529563 -0.3132102272725681 0
-0.02418211174721009 -0.6612215909091876 0
-0.0241821117472363 -0.6512784090910131 0
-0.03277790390199532 -0.6562500000001048 0
-0.02416685585295715 -0.323153409090745 0
-0.03277790390197138 -0.3181818181816635 0
-0.02416685585295804 -0.3330965909089227 0
-0.01555580780394295 -0.3281249999998273 0
-0.01558633616532389 -0.6463068181819189 0
-0.02418212832010912 -0.6413352272728361 0
-0.02418212832008532 -0.6313920454546568 0
-0.03277790390199774 -0.636363636363751 0
-0.03277790390197273 -0.3380681818180185 0
-0.02416685585295853 -0.3430397727271008 0
-0.01555580780394487 -0.3480113636361841 0
-0.02416685585295957 -0.3529829545452799 0
-0.02418222211375896 -0.6214488636364799 0
-0.01558644653187034 -0.6264204545455649 0
-0.02418222211378274 -0.6115056818183054 0
-0.03277790390199772 -0.6164772727273973 0
-0.02416685585296161 -0.3629261363634578 0
-0.03277790390197526 -0.3579545454543745 0
-0.02416685585296224 -0.3728693181816394 0
-0.01555580780394654 -0.3678977272725448 0
-0.0155870667996671 -0.6065340909092108 0
-0.02418274858790586 -0.6015625000001282 0
-0.02418274858788447 -0.5916193181819485 0
-0.03277790390200011 -0.5965909090910431 0
-0.02418559748496062 -0.581676136363771 0
-0.01559044217086638 -0.5866477272728561 0
-0.006944759754938252 -0.4623579545453914 0
-0.01555580780394545 -0.4673295454545342 0
-0.02419158336284213 -0.571732954545594 0
-0.03278388977986022 -0.5767045454546864 0
-0.01560608917811599 -0.5667613636365 0
-0.02420438147301559 -0.5617897727274153 0
-0.01555580780394759 -0.3877840909089134 0
-0.02416685585296086 -0.3828124999998212 0
-0.02416685585296128 -0.3927556818180083 0
-0.0241983955951287 -0.551846590909236 0
-0.03278388977985484 -0.55681818181833 0
-0.03277790390197592 -0.3778409090907342 0
-0.02419002790842472 -0.5419034090910551 0
-0.01561051960158548 -0.5468750000001403 0
-0.0327779039019609 -0.4573863636363092 0
-0.024166855852951 -0.4623579545454244 0
-0.02416685585295399 -0.4524147727271934 0
-0.02416685585295237 -0.47230113636365 0
-0.02416685585295857 -0.412642045454384 0
-0.01555580780394515 -0.4076704545452925 0
-0.02416685585296142 -0.4026988636361921 0
-0.04138895195098195 -0.4524147727271801 0
-0.04138895195097896 -0.4623579545454111 0
-0.04139281396022965 -0.5319602272728853 0
-0.04139281396022965 -0.5220170454547084 0
-0.03277790390197469 -0.3977272727270998 0
-0.0413889519509807 -0.5120738636365199 0
-0.03278176591121035 -0.5170454545455987 0
-0.0327779039019719 -0.4176136363634714 0
-0.02416685585295563 -0.4225852272725719 0
-0.0241938899176704 -0.5319602272728733 0
-0.03278176591121362 -0.536931818181969 0
-0.04138895195098195 -0.4424715909089456 0
0.04138895195097885 -0.3629261363634896 0
0.04138895195097885 -0.3728693181816835 0
0.04138895195101106 -0.3529829545452883 0
0.03277790390198991 -0.357954545454401 0
0.04138895195098373 -0.4225852272728428 0
0.04138895195096741 -0.4126420454545864 0
0.03277790390195114 -0.4176136363637038 0
0.04138895195097651 -0.3828124999998848 0
0.04138895195097651 -0.392755681818125 0
-0.04138895195097824 -0.4921875000001209 0
-0.04138895195097824 -0.482244318181881 0
-0.0413889519509807 -0.5021306818183261 0
-0.04138895195098398 -0.541903409091067 0
-0.03277790390195894 -0.4971590909092051 0
0.03277790390195536 -0.3778409090908036 0
-0.03277790390196643 -0.4374999999998688 0
-0.04138895195098449 -0.432528409090736 0
-0.04138895195098449 -0.4225852272725535 0
0.04138895195098373 -0.4325284090910776 0
-0.01555580780394326 -0.4275568181816842 0
-0.0241668558529566 -0.4325284090907716 0
-0.03277790390195719 -0.47727272727277 0
-0.02416685585295165 -0.4822443181818798 0
-0.04138895195097896 -0.4723011363636511 0
-0.01555580780394416 -0.4474431818180963 0
-0.02416685585295406 -0.4424715909089811 0
-0.006944759754945063 -0.4921875000001179 0
-0.01555580780394778 -0.4872159090909829 0
-0.04138895195098742 -0.4126420454543658 0
0.04138895195098449 -0.4424715909092718 0
0.04138895195098449 -0.4524147727274543 0
-0.02416685585295261 -0.4921875000001029 0
-0.02416685585295507 -0.5021306818183081 0
-0.02416685585295318 -0.5120738636365003 0
-0.01555580780394685 -0.5071022727273983 0
0.04138895195096741 -0.4026988636363463 0
0.03277790390194392 -0.3977272727272262 0
-0.006944759754946863 -0.5120738636364972 0
-0.006944759754948748 -0.502130681818305 0
0.0413889519510111 -0.4623579545456487 0
0.03277790390199559 -0.4573863636365428 0
-0.006944759754931724 -0.3927556818180043 0
-0.006944759754931308 -0.3828124999998172 0
0.001666288294084442 -0.3778409090907205 0
-0.006944759754931428 -0.3728693181816297 0
-0.006944759754930793 -0.3629261363634482 0
-0.007083792087762004 -0.5220170454546813 0
0.001527255961236102 -0.517045454545588 0
-0.006944759754930009 -0.4126420454543899 0
-0.006944759754932869 -0.4026988636361979 0
0.001666288294083976 -0.3579545454543518 0
-0.00694475975493114 -0.352982954545267 0
0.001666288294083417 -0.3977272727271017 0
-0.01557897985941323 -0.5269886363637749 0
-0.00710696414323027 -0.5319602272728657 0
-0.007133998207943712 -0.5419034090910468 0
0.001361189563707518 -0.5369318181819531 0
-0.006944759754930105 -0.3430397727270879 0
-0.007142365894647687 -0.5518465909092278 0
-0.006944759754938799 -0.4524147727271952 0
0.001666288294067028 -0.457386363636278 0
0.001666288294054929 -0.4971590909092169 0
-0.006944759754933517 -0.4325284090907863 0
-0.006944759754932547 -0.4225852272725865 0
-0.007057209546903729 -0.5617897727274075 0
0.001419311846738033 -0.556818181818314 0
-0.02417071786220213 -0.5220170454546889 0
0.001666288294084551 -0.3380681818179923 0
-0.006944759754929183 -0.3330965909089094 0
0.03277790390196823 -0.4375000000001543 0
0.009358724504448282 -0.5419034090910457 0
0.009385758569161726 -0.5319602272728647 0
-0.00704441143673027 -0.5717329545455861 0
-0.006944759754928293 -0.3231534090907317 0
-0.007040116164453674 -0.5816761363637643 0
0.001508763466758587 -0.5767045454546718 0
-0.04138895195098398 -0.551846590909244 0
-0.04139493782887087 -0.5617897727274233 0
-0.0411613588103001 -0.7008309952303504 0
-0.03255031076131084 -0.6958594043212617 0
-0.04138895195101075 -0.6910511363637259 0
0.001666288294087075 -0.3181818181816363 0
-0.006944759754926691 -0.3132102272725542 0
-0.04139493782887087 -0.5717329545456002 0
-0.04138895195101075 -0.681107954545549 0
-0.04138895195101075 -0.6115056818183109 0
-0.04138895195101075 -0.601562500000134 0
-0.007037267267377518 -0.5916193181819418 0
-0.04138895195101077 -0.6512784090910186 0
-0.04138895195101077 -0.6413352272728416 0
-0.006944759754925426 -0.3032670454543769 0
-0.04138895195098936 -0.5916193181819542 0
0.0413889519510111 -0.2336647727271627 0
0.03277790390202197 -0.2386363636362513 0
0.04138895195101087 -0.2436079545453399 0
0.04138895195101087 -0.2535511363635171 0
0.001666288294079734 -0.417613636363492 0
0.04125796887740434 -0.7511178866444935 0
0.03294849922125259 -0.7561455694676238 0
0.04169053034384826 -0.7607095010050046 0
-0.04138895195098697 -0.6313920454546622 0
-0.007036957319724612 -0.601562500000119 0
-0.007036430845601492 -0.6115056818182962 0
0.001666288294090396 -0.2982954545452816 0
-0.006944759754923707 -0.2933238636361998 0
0.0413889519510111 -0.6413352272728371 0
0.04138895195101128 -0.6313920454546598 0
0.03277790390202237 -0.6363636363637484 0
0.04138895195101104 -0.2634943181816941 0
0.03277790390202191 -0.2585227272726057 0
0.001513368686688089 -0.5965909090910271 0
0.04073273749371221 -0.103359488637591 0
0.04073273749371221 -0.1133026704557683 0
-0.04138895195098662 -0.3529829545452914 0
-0.04138895195098662 -0.3430397727271144 0
0.0413889519510111 -0.571732954545597 0
0.03277790390202213 -0.5767045454546855 0
0.04138895195101104 -0.5816761363637741 0
0.0413889519510111 -0.3132102272725798 0
0.0327779039020221 -0.3181818181816684 0
0.04138895195101101 -0.323153409090757 0
-0.007036394557689949 -0.6214488636364732 0
-0.007036300764016309 -0.6313920454546501 0
0.04192652720115128 -0.1541104995990716 0
0.0335051003459936 -0.1589474564766254 0
0.04157857314484233 -0.163927865968388 0
0.04125715506063446 -0.06459909058906554 0
0.04125715506063446 -0.0745422724072427 0
-0.04138895195098866 -0.3629261363634693 0
0.04138895195101106 -0.6015625000001286 0
0.04138895195101104 -0.5916193181819513 0
0.0327779039020221 -0.59659090909104 0
0.04138895195101101 -0.3330965909089341 0
-0.04138895195098936 -0.5816761363637772 0
-0.04138895195098471 -0.2833806818180512 0
-0.04138895195098398 -0.2734374999998745 0
0.04159370853099143 -0.1838347228353435 0
0.04159370853099143 -0.1937779046535206 0
0.04192652720115128 -0.1441673177808944 0
-0.006944759754922522 -0.2833806818180227 0
0.0413889519510111 -0.2237215909089856 0
0.04150259656191978 -0.2137714763405079 0
0.03289154851293087 -0.2187430672495964 0
-0.04138895195098398 -0.2634943181816976 0
0.0413889519510111 -0.6512784090910142 0
0.03294264939679357 -0.6563971019369723 0
0.04155369744578249 -0.6613686928460609 0
0.04138895195101106 -0.3430397727271112 0
-0.04138895195098456 -0.6711647727273701 0
-0.0327779039019953 -0.6761363636364582 0
0.03277790390202207 -0.3380681818180227 0
-0.006944759754919209 -0.2634943181816686 0
0.001666288294097872 -0.2585227272725733 0
-0.00694475975491735 -0.2535511363634915 0
0.03309630509291121 -0.1987425628123086 0
0.04150259656191978 -0.2038282945223308 0
-0.04138895195098456 -0.6612215909091931 0
-0.0411613588103001 -0.7107741770485274 0
0.04157857314484233 -0.1738710477865651 0
0.03317228167583375 -0.1787284978947201 0
-0.006944759754916195 -0.2436079545453145 0
-0.006944759754912945 -0.2237215909089605 0
0.001666288294105399 -0.2187499999998652 0
-0.006944759754911108 -0.2137784090907834 0
0.04138895195101104 -0.2734374999998713 0
-0.04138895195098612 -0.3330965909089363 0
0.0410585093636409 -0.8211542045072739 0
0.0410585093636409 -0.8310973863254512 0
0.0413889519510111 -0.5617897727274199 0
0.0413889519510111 -0.5021306818183571 0
0.0413889519510111 -0.5120738636365343 0
0.0413889519510111 -0.3032670454544026 0
0.04138895195101115 -0.2933238636362255 0
0.03277790390202225 -0.2982954545453141 0
-0.006944759754920573 -0.2734374999998457 0
0.0411057494295386 -0.6823436108152608 0
0.0411057494295386 -0.692286792633438 0
-0.0413889519509834 -0.2535511363635204 0
-0.006944759754880673 -0.203835227272598 0
-0.04138895195098697 -0.6214488636364853 0
0.001666288294101646 -0.2386363636362192 0
-0.006944759754914279 -0.2336647727271375 0
0.001666288294094064 -0.2784090909089275 0
-0.04170437923031852 -0.1342329545454047 0
-0.04170437923031852 -0.1242897727272277 0
-0.007036278547589911 -0.6512784090910037 0
-0.007143532699700948 -0.6611625112141957 0
0.001406508345160212 -0.6561909203051035 0
-0.04157229876192999 -0.09477779326461386 0
-0.04157229876192999 -0.08483461144643691 0
-0.04138895195098216 -0.2137784090908125 0
-0.04138895195098216 -0.2038352272726355 0
-0.0413889519509834 -0.2436079545453434 0
-0.04138895195099698 -0.1938920454544612 0
-0.04138895195099698 -0.1839488636362842 0
-0.04138895195101576 -0.1740056818181125 0
-0.03277790390201274 -0.1789772727271957 0
-0.04138895195098866 -0.3728693181816463 0
0.04138895195101106 -0.6115056818183058 0
-0.04145156067415368 -0.1541193181817586 0
-0.04145156067415368 -0.1441761363635816 0
-0.04138895195101576 -0.1640624999999356 0
-0.03284051262516943 -0.1590909090908471 0
-0.03315593990447219 -0.1392045454544932 0
0.04157197869003368 -0.7802227611161864 0
0.04157197869003368 -0.7901659429343635 0
-0.04138895195098272 -0.2336647727271667 0
-0.04138895195098471 -0.2933238636362283 0
0.04138895195101115 -0.2833806818180484 0
-0.04138895195098612 -0.3231534090907594 0
0.03277790390202219 -0.2784090909089599 0
-0.03348184996575089 -0.1193711094834587 0
-0.04177747073543238 -0.1143995185743703 0
-0.04138895195098272 -0.2237215909089897 0
-0.007036295120462725 -0.6413352272728268 0
0.001513756853717665 -0.6363636363637348 0
-0.04177747073543238 -0.1044563367561933 0
-0.03334976949736236 -0.09980231183902186 0
-0.04071647003330244 -0.7717318137146272 0
-0.04071647003330244 -0.7617886318964502 0
-0.04125571449035061 -0.8104018032789493 0
-0.04125571449035061 -0.8004586214607723 0
0.001513714922252538 -0.6164772727273813 0
0.04169053034384826 -0.7706526828231817 0
0.03326250903388193 -0.7753072621211395 0
-0.04138895195098527 -0.3132102272725825 0
-0.04138895195098527 -0.3032670454544055 0
0.04155369744578249 -0.6713118746642381 0
0.04138895195101128 -0.6214488636364828 0
0.03265944687532109 -0.6775191218430419 0
0.03277790390202234 -0.6164772727273942 0
0.03154352935034702 -0.7953967065219317 0
0.03997155066031335 -0.8006853090421511 0
-0.006944759754938874 -0.4424715909089829 0
0.03997155066031335 -0.8106284908603282 0
0.04138895195101111 -0.482244318182003 0
0.04138895195101111 -0.4921875000001801 0
0.0327779039020222 -0.4971590909092686 0
-0.04138895195098728 -0.3927556818180051 0
-0.04138895195098728 -0.3828124999998281 0
0.001666288294071839 -0.4374999999998853 0
0.0413889519510111 -0.4723011363638258 0
-0.04138895195098742 -0.4026988636361889 0
0.0327779039020222 -0.4772727272729144 0
-0.02427647180538929 -0.6710391299093632 0
-0.02427647180541549 -0.6809823117275421 0
-0.01568067965063027 -0.6660675390002715 0
-0.007237892757880153 -0.6709800502143713 0
0.001316498876818864 -0.1987821072199984 0
-0.007294549172169044 -0.1938105163109083 0
-0.01581456793838583 -0.1889633177121237 0
-0.02442561598744851 -0.1839917268030535 0
-0.0244256159874673 -0.1740485449848818 0
-0.007553309306686289 -0.1839101976595242 0
-0.02453543324564206 -0.1644012081440933 0
-0.02459804196877997 -0.1544580263259164 0
0.02455234548550151 -0.1527792572866546 0
0.02420439142919255 -0.162596623655971 0
-0.01618314533107784 -0.1694156622199511 0
0.02379231585553709 -0.7699110467408303 0
0.02367376420172251 -0.779481125033835 0
-0.02389332052619541 -0.105236776203136 0
-0.02368814855269303 -0.09555823271155661 0
-0.03997141646582901 -0.07431803840702131 0
-0.03997141646582901 -0.06437485658884243 0
-0.031543715227759 -0.07960719530802685 0
-0.04105851201849528 -0.05384766018979935 0
-0.04105851201849528 -0.04390447837162022 0
-0.04094641803109859 -0.8492065529284047 0
-0.04094641803109859 -0.8392633711102279 0
0.040947667602975 -0.02579414992264655 0
0.040947667602975 -0.03573733174082376 0
-0.02403525869888699 -0.6908404194474789 0
-0.01553382660228099 -0.6857431857203837 0
-0.01536060831227978 -0.1490377951286898 0
-0.02366568769180715 -0.1437274960754435 0
-0.023918506247972 -0.1337843142572666 0
0.02514394906188926 -0.1261047385616272 0
0.03269281151367386 -0.1183497204395829 0
0.022697579118077 -0.7323991720349757 0
0.023579433763924 -0.7433386396707882 0
-0.009671879486732178 -0.8582221847428408 0
0.0096732074934846 -0.01677924360972238 0
0.01175518057872776 -0.7309942684003904 0
-0.01475843657808953 -0.866828073107858 0
-0.02475843657805971 -0.866828073107858 0
0.01475930414170963 -0.008172520224488935 0
0.02475930414167982 -0.008172520224488935 0
0.008534984525567542 -0.7479210820538081 0
0.00526845987310918 -0.7384476012229919 0
0.0416957854667505 -0.8402874711316475 0
0.0416957854667505 -0.8502306529498247 0
-0.04169583926209769 -0.03471321989227843 0
-0.04169583926209769 -0.02477003807410001 0
0.008656653964654277 -0.1831824896871475 0
0.009016213272039641 -0.1936626083941934 0
-0.007214292411796384 -0.6901456422344397 0
-0.00745550551832488 -0.680287534514503 0
0.04178434728386728 -0.5525314357148242 0
0.04178434728387109 -0.5213322006491214 0
0.02475187237973135 -0.173186202980964 0
0.001834570341926923 -0.6938960728081767 0
0.009277075948625672 -0.5518465909092223 0
0.01730164495407988 -0.5468750000001338 0
0.0173016449540842 -0.5269886363637741 0
0.009304110013343431 -0.5220170454546815 0
0.0004296938112409786 -0.1789484442360476 0
-0.008090324954975803 -0.174101245637263 0
0.04196007401996164 -0.1243652318019404 0
0.04196007401996164 -0.1343084136201175 0
0.03388660122111292 -0.139271185946532 0
-0.034777726771499 -0.795487030551684 0
0.03478430647264098 -0.07951386331633126 0
-0.02567174809326615 -0.749463741043268 0
-0.03294310170289001 -0.7574393312569069 0
-0.0265806060207601 -0.1144738051793736 0
-0.04344604910789223 -0.8199721038117966 0
0.04344731727324531 -0.05502891746055467 0
0.008316362537434323 -0.8221778999350136 0
-0.008313936525670128 -0.052836659639978 0
-0.04344604910789223 -0.8299152856299736 0
0.04344731727324531 -0.04508573564237763 0
0.02727356944570763 -0.1441569879051894 0
-0.02650751451564625 -0.124364059332231 0
-0.0435220122811484 -0.7805397727273191 0
-0.0435220122811484 -0.790482954545496 0
0.04352715141200653 -0.09446022727268272 0
0.04352715141200653 -0.08451704545450561 0
0.02541277168276555 -0.7883027135851559 0
0.04266644276105701 -0.867681517239181 0
0.03266644276103043 -0.867681517239181 0
-0.02541482767464694 -0.08670346632110959 0
-0.04266681095429231 -0.00731811246362342 0
-0.03266681095426573 -0.00731811246362342 0
0.04266644276105701 -0.8577383354210039 0
-0.04266681095429231 -0.01726129428180269 0
-0.04212858580373038 -0.7199538122027891 0
0.02539434548299591 -0.5525314357148136 0
0.02539434548300404 -0.5213322006491053 0
0.008119638316364763 -0.1733735376648863 0
0.03317329923487837 -0.5575030266239126 0
0.03317329923488219 -0.5163606097400327 0
0.01579911751923926 -0.1670180037909932 0
0.001081641432604448 -0.6753825067284274 0
-0.04222663166958757 -0.7513325175423331 0
0.04357940918208786 -0.7011257712498595 0
-0.008567773723698578 -0.156490275190842 0
-0.007635419446725754 -0.1457597449403691 0
0.02500000000003467 -0.5717329545455969 0
0.02499895015013973 -0.5617897727274093 0
0.01722104624815221 -0.5667613636364979 0
0.02499982502505112 -0.5021306818183457 0
0.01722087127317298 -0.5071022727274184 0
0.02499895015014404 -0.5120738636365182 0
0.009244965467117026 -0.6611771815878441 0
0.009261451529096357 -0.6711056930323762 0
0.01720716280316421 -0.6662078521919246 0
0.00944418733562692 -0.4524147727272406 0
0.01722209042753267 -0.4474431818182039 0
0.009444191385972236 -0.4424715909090452 0
0.02499999513957817 -0.4524147727273739 0
0.02499999918992349 -0.4424715909091785 0
0.009444163033560932 -0.4822443181819451 0
0.009444163033565413 -0.4723011363636673 0
0.02499999999996764 -0.4126420454545101 0
0.02499999999998396 -0.4225852272727664 0
0.009444187335627467 -0.4623579545454367 0
0.009444192196073592 -0.2933238636362003 0
0.01722209609805334 -0.2883522727271154 0
0.009444192196071857 -0.2833806818180196 0
0.02500000000003869 -0.2933238636362166 0
0.02500000000003695 -0.2833806818180358 0
0.009444017221065647 -0.502130681818325 0
0.009444017221069332 -0.4921875000001379 0
0.009367577418541165 -0.5816761363637677 0
0.009367577418543216 -0.5916193181819454 0
0.0172220960980492 -0.5866477272728632 0
0.00936328214626457 -0.5717329545455896 0
0.009367887366196124 -0.6015625000001226 0
0.009367887366197893 -0.6115056818182993 0
0.01722209609805302 -0.6065340909092176 0
0.009367923654109435 -0.6214488636364763 0
0.009367923654111125 -0.6313920454546529 0
0.01722209609805648 -0.6264204545455708 0
0.009444192196068528 -0.3430397727270894 0
0.009444192196069451 -0.333096590908911 0
0.009367929297664709 -0.6413352272728294 0
0.009444192196070867 -0.3231534090907345 0
0.009444192196072468 -0.313210227272557 0
0.01722209609805484 -0.3281249999998317 0
0.01722209609805567 -0.3082386363634758 0
0.009444192196071873 -0.3032670454543775 0
0.02500000000002918 -0.3529829545452829 0
0.02499999999999697 -0.3629261363634842 0
0.02500000000003461 -0.581676136363774 0
0.02498429032160353 -0.6512930794646591 0
0.02514903581637493 -0.6613833632197059 0
0.02500000000003667 -0.5916193181819518 0
0.02500000000003684 -0.2734374999998587 0
0.02500000000003711 -0.2634943181816807 0
0.01722209609805187 -0.2684659090907566 0
0.02500000000003694 -0.2535511363635036 0
0.02500000000003669 -0.601562500000129 0
0.02500000000003723 -0.2436079545453254 0
0.01722209609805242 -0.2485795454544004 0
0.02500000000003744 -0.2336647727271482 0
0.02500000000003836 -0.223721590908971 0
0.01722209609805361 -0.2286931818180452 0
0.02500000000003846 -0.6115056818183058 0
0.02511364461094704 -0.2137714763404933 0
0.02500000000003867 -0.6214488636364827 0
0.01722189196057165 -0.4872159090910533 0
0.02500000000004036 -0.6313920454546592 0
0.02500000000004018 -0.6413352272728365 0
0.009352219619228065 -0.6512930794646521 0
0.02500000000003772 -0.3330965909089268 0
0.02500000000003778 -0.3430397727271039 0
0.02500000000003914 -0.3231534090907505 0
0.02500000000003922 -0.3132102272725732 0
0.02499982502505113 -0.4921875000001688 0
0.02500000000003863 -0.3032670454543937 0
0.02499999999997915 -0.3927556818180777 0
0.02499999999997005 -0.402698863636299 0
0.009444192196073807 -0.2734374999998425 0
0.009444192196074076 -0.2634943181816645 0
0.009444192196060283 -0.3629261363634496 0
0.009444192196059934 -0.3529829545452684 0
0.009444192196075936 -0.2535511363634874 0
0.009444192196076217 -0.2436079545453093 0
0.009444192196078132 -0.2336647727271323 0
0.02499999918992273 -0.4325284090909843 0
0.009444192196079046 -0.2237215909089551 0
0.01722206207512531 -0.4673295454546299 0
0.009444192196080881 -0.2137784090907781 0
0.02499999999998747 -0.3728693181816777 0
0.02499999999998513 -0.382812499999879 0
0.01720638641962152 -0.6463214885555699 0
0.02503545510419417 -0.2036803866055983 0
0.01722209528793923 -0.4275568181817906 0
0.02499997083754273 -0.4822443181819761 0
0.01722209609804484 -0.3480113636361871 0
0.02499997083754272 -0.4723011363637989 0
0.01714390659130166 -0.208658910264973 0
0.009366002689328011 -0.203687319355883 0
0.00944419219605078 -0.372869318181643 0
0.01722209609802674 -0.3678977272725595 0
0.01722209609801126 -0.3877840909089518 0
0.01722209609800287 -0.4076704545453616 0
0.0094441921960509 -0.3828124999998306 0
0.00944419219604492 -0.3927556818180293 0
0.009444192196043776 -0.402698863636223 0
0.02499999513960477 -0.4623579545455683 0
0.009444192196041366 -0.4126420454544339 0
0.00944419219603883 -0.4225852272726306 0
0.009444191385977595 -0.4325284090908486 0
0.02516552187835426 -0.6713118746642379 0
0.00936223229636963 -0.5617897727274019 0
0.009443142346158572 -0.5120738636364974 0
0.02471757386211037 -0.6823436108152605 0
-0.008200142213150572 -0.1644539087964745 0
-0.03271546554352051 -0.8677308201517934 0
-0.04271546554349748 -0.8677308201517934 0
0.03271546554352098 -0.007269179848206575 0
0.04271546554349794 -0.007269179848206575 0
-0.04271546554349748 -0.8577876383336165 0
0.04271546554349794 -0.01721236166638368 0
0.02640758419555005 -0.7610904131837064 0
0.007572157365825963 -0.1627839583398933 0
0.00904383876865163 -0.6804131773325078 0
0.008904500766917118 -0.7903447818467246 0
0.01594257850442071 -0.7829064982048468 0
-0.008901017881898716 -0.08466948138431282 0
-0.01595837870347998 -0.09213793068522377 0
0.02597502272910613 -0.7514987988231954 0
0.02730711626451799 -0.1342980837444124 0
0.01703851873822146 -0.7482834833868708 0
0.01605531321658309 -0.6839673377824006 0
0.008846044789858383 -0.6974502332580694 0
0.01853091728648397 -0.1309905405202846 0
-0.02747390212153416 -0.8595588932596514 0
0.02747476968515472 -0.01544170007269551 0
0.0343622282278075 -0.8528553520071829 0
-0.03436265021639 -0.02214496871954417 0
0.02761327642083486 -0.8593079094176821 0
-0.02761401427744908 -0.01569221787095102 0
-0.03366188357459606 -0.8518805548983751 0
0.03366313314647293 -0.02312014795267602 0
-0.0004749533475965412 -0.1611758586081538 0
0.007875503120091181 -0.6882441514784517 0
0.0273802342515782 -0.8299391170804633 0
0.02769887230313299 -0.8345341594835615 0
0.03243565677883659 -0.831562542326709 0
0.02296208782742941 -0.8375057766404139 0
0.0280175103546878 -0.8391292018866596 0
0.01790666530017103 -0.8358823513941681 0
0.01822530335172583 -0.8404773937972663 0
0.0283361484062426 -0.8437242442897579 0
0.03307293288194618 -0.8407526271329054 0
-0.02737982499120103 -0.04506512047686475 0
-0.02769848861300224 -0.04046949123719386 0
-0.03243568765879176 -0.04344060023085418 0
-0.02296128956721272 -0.03749838224353353 0
-0.02801715223480345 -0.03587386199752296 0
-0.01790542689962199 -0.0391229024895441 0
-0.0182240905214232 -0.0345272732498732 0
-0.02833581585660466 -0.03127823275785207 0
-0.03307301490239418 -0.0342493417515124 0
0.0007657947118228034 -0.1153919196134885 0
-0.002190205357323095 -0.1108171953274251 0
-0.005363699374088377 -0.1147168699338609 0
0.0009832886594421878 -0.1069175207209895 0
-0.005146205426468993 -0.1062424710413618 0
0.007112782745353367 -0.1075925704006171 0
0.00415678267620747 -0.1030178461145537 0
-0.008102205495614891 -0.1016677467552984 0
-0.01127569951238017 -0.1055674213617342 0
-0.0007456026854344344 -0.7596197130825062 0
0.002198530250886044 -0.7642112305275995 0
0.005371172214416233 -0.7603103573182459 0
-0.0009741117126441439 -0.7681121037369532 0
0.005142663187206523 -0.7688027479726929 0
-0.007090886612494811 -0.7674214595012134 0
-0.004146753676174332 -0.7720129769463067 0
0.008086796123527001 -0.7733942654177861 0
0.01125943808705719 -0.7694933922084326 0
0.01876444267020465 -0.8314732309547421 0
0.01402765819450107 -0.8344448481115945 0
0.02350122714590824 -0.8285016137978897 0
0.01962222004023827 -0.827064110515316 0
0.02823801162161182 -0.8255299966410372 0
0.0204799974102719 -0.82265499007589 0
0.01574321293456831 -0.8256266072327425 0
-0.01876351289727626 -0.04353469963814204 0
-0.01402631385148673 -0.04056359064448171 0
-0.02350071194306578 -0.04650580863180235 0
-0.01962159889493052 -0.04794649678673996 0
-0.02823791098885529 -0.04947691762546268 0
-0.02047968489258479 -0.05235829393533788 0
-0.01574248584679527 -0.04938718494167757 0
-0.02861803440033837 -0.7727984809387485 0
-0.0233256815276934 -0.7736552027136343 0
-0.02614058719395991 -0.7687521673859097 0
-0.0205107758614269 -0.7785582380413589 0
-0.01803332865504843 -0.7745119244885201 0
-0.02298822306780537 -0.7826045515941977 0
-0.0176958701951604 -0.7834612733690836 0
-0.01274097578240346 -0.7753686462634057 0
-0.01555588144866997 -0.7704656109356812 0
0.02864616424617186 -0.1023481648595532 0
0.02335136468984541 -0.1014495990347458 0
0.02617067543109798 -0.1063885932686034 0
0.02053205394859283 -0.09651060480088822 0
0.01805656513351896 -0.1005510332099384 0
0.02300754276366671 -0.09247017639183799 0
0.01771274320734026 -0.09157161056703061 0
0.01276176557719252 -0.09965246738513106 0
0.01558107631844509 -0.1045914616189886 0
-0.0264072735390742 -0.8425714881767677 0
-0.0234481210325309 -0.8376681567747073 0
-0.02893368355565386 -0.8383961380911029 0
-0.01796255850940794 -0.8369401754583116 0
-0.0204889685259876 -0.8327648253726467 0
-0.01543614849282827 -0.8411155255439764 0
-0.01247699598628497 -0.8362121941419158 0
-0.0175298160194443 -0.8278614939705863 0
-0.02301537854256726 -0.828589475286982 0
0.02641089558024451 -0.03243057716121625 0
0.02345294363006557 -0.03733531195909512 0
0.02893738325577105 -0.03660667100681776 0
0.0179685040043601 -0.03806395291137248 0
0.02049499167988664 -0.04224004675697398 0
0.01544201632883356 -0.03388785906577096 0
0.01248406437865463 -0.03879259386364983 0
0.01753703972970771 -0.04714478155485284 0
0.02302147935541318 -0.04641614060257548 0
-0.01831074531878432 -0.7143100311854297 0
-0.02346501624943809 -0.7160095927633794 0
-0.01879435881549946 -0.7188998487625605 0
-0.0281356736833767 -0.7131193367641983 0
-0.02861928718009185 -0.7177091543413291 0
-0.02765206018666157 -0.7085295191870674 0
-0.03280633111731533 -0.7102290807650171 0
-0.03377355811074561 -0.7194087159192788 0
-0.02910290067680699 -0.7222989719184598 0
0.007685463086998101 -0.09928362146409819 0
0.001555969001086922 -0.09860857178447061 0
-0.001044844674033626 -0.09419929745438747 0
-0.004573525084824258 -0.09793352210484296 0
0.002483835736757005 -0.09046507280393201 0
-0.003645658349154174 -0.08979002312430437 0
-0.01070301917073544 -0.09725847242521532 0
-0.02339453415544964 -0.7060200267501759 0
-0.02806519158938826 -0.7031297707509948 0
-0.01872387672151102 -0.7089102827493571 0
-0.01913700812423772 -0.7035105343132845 0
-0.0140532192875724 -0.7118005387485382 0
-0.01487948209302579 -0.701001041876393 0
-0.01955013952696441 -0.698110785877212 0
-0.007665792544926126 -0.7757321187672456 0
-0.001549017645075459 -0.7764227630029853 0
0.001048718386023415 -0.7808325490596639 0
0.004567757254775208 -0.777113407238725 0
-0.002470320482728379 -0.7845516908806028 0
0.003646454417122288 -0.7852423351163426 0
0.01068453215462588 -0.7778040514744647 0
0.04518805711577867 -0.7280437549589234 0
0.04518805711577867 -0.733015345868012 0
0.04518805711577867 -0.7230721640498348 0
0.04037611423155733 -0.7252636462814153 0
0.04518805711577867 -0.7181005731407462 0
0.03556417134733599 -0.7224835376039074 0
0.03556417134733599 -0.7274551285129959 0
-0.02720589985799485 -0.7821054957728191 0
-0.02439099419172834 -0.7870085311005437 0
-0.03002080552426135 -0.7772024604450944 0
-0.03142357664818432 -0.7816064399514404 0
-0.03283571119052785 -0.7722994251173698 0
-0.03564125343837381 -0.7811073841300618 0
-0.0328263477721073 -0.7860104194577864 0
0.02722406046406644 -0.09295953994324144 0
0.02440474972281386 -0.08802054570938384 0
0.03004337120531901 -0.09789853417709904 0
0.03144057816446617 -0.09344890349464488 0
0.03286268194657158 -0.1028375284109566 0
0.03565709586486589 -0.09393826704604832 0
0.03283778512361332 -0.08899927281219072 0
-0.04611331583479378 -0.7385923951348393 0
-0.04217760873665898 -0.7356431648725611 0
-0.04606429290186519 -0.7328462242832443 0
-0.03829092457145276 -0.7384401054618779 0
-0.03824190163852416 -0.7326939346102829 0
-0.03833994750438136 -0.744186276313473 0
-0.03440424040624654 -0.7412370460511948 0
-0.03430619454038935 -0.7297447043480045 0
-0.03819287870559557 -0.7269477637586879 0
-0.03018349909405069 -0.8337220953509759 0
-0.03314265160059399 -0.8386254267530364 0
-0.02722434658750739 -0.8288187639489153 0
-0.03143331463244751 -0.8290480526108488 0
-0.02426519408096409 -0.8239154325468548 0
-0.03268313017084434 -0.8243740098707217 0
-0.03564228267738763 -0.8292773412727823 0
0.03018720809090621 -0.04128087295759468 0
0.03314516004108514 -0.03637613815971581 0
0.02722925614072728 -0.04618560775547355 0
0.03143703292604137 -0.04595507490837161 0
0.02427130419054834 -0.05109034255335242 0
0.03268685776117654 -0.05062927685914854 0
0.03564480971135547 -0.04572454206126967 0
-0.03088677322004679 -0.7440124551028893 0
-0.0308377502871182 -0.7382662842512941 0
-0.02727126016798986 -0.7352955224513936 0
-0.0307887273541896 -0.7325201133996991 0
-0.0237537929817901 -0.7380709315030881 0
-0.02370477004886151 -0.7323247606514931 0
-0.030739704421261 -0.7267739425481041 0
-0.01855049911820774 -0.7306251990735434 0
-0.02206796630440749 -0.7278497900218489 0
-0.02043116255995348 -0.7233748193922047 0
-0.02558543349060724 -0.7250743809701544 0
-0.01527689162929971 -0.721675257814255 0
-0.02250491038914797 -0.7647643722790902 0
-0.02779726326179294 -0.7639076505042045 0
-0.01721255751650301 -0.765621094053976 0
-0.01886923358433604 -0.7607765771722708 0
-0.01192020464385804 -0.7664778158288618 0
-0.01523355677952412 -0.7567887820654513 0
-0.02052590965216908 -0.7559320602905656 0
0.02239624420520568 -0.1102661023296256 0
0.02769104376153213 -0.1111646681544329 0
0.01710144464887924 -0.1093675365048181 0
0.01862181297931339 -0.1141436113906477 0
0.01180664509255279 -0.1084689706800108 0
0.01484738175342109 -0.1180211204516698 0
0.02014218130974754 -0.1189196862764772 0
-0.02939762824453189 -0.8100185590714506 0
-0.02374862044235054 -0.810125935997034 0
-0.02686242117851985 -0.8055700743925437 0
-0.02063481970618122 -0.8146817976015243 0
-0.01809961264016918 -0.8102333129226174 0
-0.02317002677219327 -0.8191302822804312 0
-0.01752101897001192 -0.8192376592060145 0
-0.01245060483798782 -0.8103406898482007 0
-0.01556440557415713 -0.8057848282437104 0
0.02940161444226026 -0.06498453655191486 0
0.02375453825644885 -0.06488064222309245 0
0.02686723393545751 -0.06943519594024596 0
0.02064184257744018 -0.06032608850593896 0
0.01810746207063745 -0.06477674789427006 0
0.02317622308424292 -0.05587542911760785 0
0.01752914689843152 -0.05577153478878545 0
0.01246038588482604 -0.06467285356544766 0
0.01557308156383471 -0.06922740728260117 0
0.002456450186850841 -0.1334364761690699 0
-0.002170071659671386 -0.1334754331839278 0
-0.000548688495740279 -0.1381903938336431 0
-0.003791454823602493 -0.1287604725342126 0
-0.006796593506193613 -0.1335143901987858 0
-0.0007863161410113722 -0.1240065548696395 0
-0.005412837987533599 -0.1240455118844974 0
-0.01142311535271584 -0.1335533472136438 0
-0.009801732188784733 -0.1382683078633589 0
-0.02377789328372926 -0.8010812967562841 0
-0.02942690108591062 -0.8009739198307009 0
-0.0181288854815479 -0.8011886736818676 0
-0.02069336538893867 -0.7965925191200247 0
-0.01247987767936655 -0.8012960506074509 0
-0.01760883749414809 -0.7921037414837653 0
-0.02325784529632945 -0.7919963645581818 0
0.02378571441074382 -0.07393321891247397 0
0.02943279059655523 -0.07403711324129636 0
0.01813863822493242 -0.07382932458365157 0
0.02070419488603012 -0.07843124188470198 0
0.01249156203912101 -0.07372543025482918 0
0.01762267536131643 -0.08292926485692999 0
0.02326975154712783 -0.08303315918575238 0
0.03688695331610652 -0.7438643299667146 0
0.03644602599318301 -0.7383945961488083 0
0.03207501043188518 -0.7410842212892066 0
0.04081704155448083 -0.7357049710084101 0
0.0360050986702595 -0.7329248623309021 0
0.04562898443870217 -0.7384850796859181 0
0.03119315578603817 -0.730144753653394 0
0.01485082744823951 -0.843703672502516 0
0.0199062499754979 -0.8453270977487617 0
0.02158719659926996 -0.8501768017002571 0
0.02496167250275628 -0.8469505229950074 0
0.01821272069578364 -0.8534030804055066 0
0.02326814322304203 -0.8550265056517524 0
0.03001709503001467 -0.8485739482412532 0
-0.01484977255195273 -0.03130089782557663 0
-0.01990563521954346 -0.02967637757956607 0
-0.02158717991766373 -0.02482548190925892 0
-0.0249614978871342 -0.0280518573335555 0
-0.01821286194819327 -0.02159910648496235 0
-0.023268724615784 -0.01997458623895178 0
-0.03001736055472492 -0.02642733708754492 0
0.02495422953050074 -0.8059131346248968 0
0.02161870177649455 -0.8097384881657961 0
0.02660757356662051 -0.8097414261706185 0
0.01662982998636859 -0.8097355501609736 0
0.01828317402248836 -0.8135638417066954 0
0.01497648595024882 -0.8059072586152519 0
0.01164095819624263 -0.8097326121561512 0
0.01494764626848217 -0.8173891952475947 0
0.01993651805860813 -0.8173921332524171 0
-0.02495254159405224 -0.06909661271873166 0
-0.02161697632225012 -0.06527370267414771 0
-0.0266072676598559 -0.0652677122240273 0
-0.01662668498464433 -0.06527969312426812 0
-0.01828141105044799 -0.06145079262956377 0
-0.01497195891884068 -0.06910859361897245 0
-0.01163639364703855 -0.06528568357438852 0
-0.01494584577864587 -0.05762788258497983 0
-0.01993613711625165 -0.05762189213485943 0
0.03716581882260125 -0.7178719864517622 0
0.03235387593837992 -0.7200634686833428 0
0.04197776170682259 -0.7156805042201817 0
0.03876746629786652 -0.7132604352996172 0
0.04678970459104393 -0.7134890219886012 0
0.04036911377313178 -0.7086488841474723 0
0.03555717088891044 -0.7108403663790528 0
-0.01271761948655297 -0.128843219751126 0
-0.01572275816914408 -0.1335971374156991 0
-0.009712480803961844 -0.1240893020865528 0
-0.01401212362039009 -0.1241330922886082 0
-0.006707342121370724 -0.1193353844219797 0
-0.01530662775422722 -0.1194229648260905 0
-0.01831176643681834 -0.1241768824906636 0
-0.01782772028942028 -0.8456826760410102 0
-0.01234215776629732 -0.8449546947246145 0
-0.02331328281254325 -0.8464106573574059 0
-0.0202192920860123 -0.850249826538044 0
-0.02879884533566622 -0.8471386386738016 0
-0.02261086388260431 -0.854816977035078 0
-0.01712530135948134 -0.8540889957186822 0
0.01783227422387992 -0.02931999417350335 0
0.01234783459817445 -0.03004863512578072 0
0.0233167138495854 -0.028591353221226 0
0.02022253211892629 -0.02475212928123574 0
0.02880115347529088 -0.02786271226894863 0
0.02261279001397266 -0.02018426438896813 0
0.01712835038826719 -0.02091290534124549 0
-0.009663342190516622 -0.1147606601359163 0
-0.01261934225966252 -0.1101859358498529 0
-0.01396298500694487 -0.1148044503379717 0
-0.01557534232880842 -0.1056112115637896 0
-0.01826262782337311 -0.1148482405400271 0
0.03767652092580091 -0.545416471753982 0
0.03767652092580283 -0.5397600360393078 0
0.03356869456773647 -0.5425882538966427 0
0.04178434728386919 -0.5369318181819729 0
0.03767652092580473 -0.5341036003246336 0
0.04589217364193364 -0.5397600360393122 0
0.04589217364193555 -0.5341036003246379 0
0.03767652092580664 -0.5284471646099592 0
0.03356869456774028 -0.5312753824672942 0
0.006871284155261576 -0.1427206837305889 0
0.01102534693984426 -0.14297879595166 0
0.008231896135364635 -0.1384095490398563 0
0.01381879774432389 -0.1475480428634638 0
0.01517940972442695 -0.1432369081727312 0
0.01245818576422083 -0.1518591775541965 0
0.01661224854880352 -0.1521172897752676 0
0.01933347250900964 -0.1434950203938024 0
0.01654002170453001 -0.1389257734819986 0
-0.009528787910710743 -0.7136757540354067 0
-0.009941919313437443 -0.7082760055993341 0
-0.005830619339302485 -0.70475147245013 0
-0.01035505071616414 -0.7028762571632615 0
-0.001306187962440832 -0.7066266877369984 0
-0.001719319365167529 -0.7012269393009258 0
-0.01076818211889084 -0.697476508727189 0
0.009622939320743191 -0.7604915579847773 0
0.006678806384422712 -0.755900040539684 0
0.01256707225706367 -0.7650830754298705 0
0.01387470642707015 -0.7606727586513086 0
0.01551120519338415 -0.7696745928749639 0
0.0181264735333971 -0.7608539593178398 0
0.01518234059707663 -0.7562624418727466 0
0.00843463040750958 -0.1510551276883267 0
0.01122808121198921 -0.1556243746001305 0
0.005641179603029952 -0.146485880776523 0
0.004411075050798329 -0.1502510778224569 0
0.002847728798550324 -0.1419166338647191 0
0.0003875196940870765 -0.1494470279565872 0
0.003180970498566705 -0.154016274868391 0
0.02949127400231755 -0.6930411915942605 0
0.03072810387859218 -0.6974606809024713 0
0.03344832873535183 -0.6929703473022752 0
0.02800787902183252 -0.7019510145026673 0
0.0319649337548668 -0.7018801702106821 0
0.02405082428879825 -0.7020218587946523 0
0.02528765416507288 -0.7064413481028632 0
0.03320176363114143 -0.7062996595188928 0
0.03592198848790108 -0.7018093259186968 0
0.00741525954892659 -0.07335658433379631 0
0.0099808162100243 -0.07795850163484672 0
0.007470070380927585 -0.08219157301486425 0
0.012546372871122 -0.08256041893589712 0
0.002393767890733168 -0.08182272709383137 0
0.004959324551830874 -0.08642464439488179 0
0.01511192953221971 -0.08716233623694752 0
-0.007404694441889206 -0.8016595231112907 0
-0.009969174349279979 -0.7970633685494479 0
-0.007458471019193409 -0.7928306864914447 0
-0.01253365425667075 -0.792467213987605 0
-0.002383287781716072 -0.7931941589952846 0
-0.004947767689106842 -0.7885980044334417 0
-0.01509813416406152 -0.7878710594257621 0
0.01263644071714584 -0.09120276464599775 0
0.007560138226951422 -0.09083391872496488 0
0.01016095190207197 -0.09524319305504797 0
-0.01262068695768306 -0.7838247458729233 0
-0.007545503720205717 -0.784188218376763 0
-0.01014323975130459 -0.7797784323200845 0
0.02243991882279426 -0.6983433886780264 0
0.01971969396603461 -0.7028337222782224 0
0.02516014367955391 -0.6938530550778303 0
0.02082901335679027 -0.6946649185614004 0
0.02788036853631356 -0.6893627214776344 0
0.01921810789078628 -0.6909864484447745 0
0.01649788303402663 -0.6954767820449705 0
-0.01040423874816089 -0.757732425737803 0
-0.01206091481599392 -0.7528879088560978 0
-0.008747562680327852 -0.7625769426195081 0
-0.005574920716797661 -0.7586760694101546 0
-0.002402278753267473 -0.754775196200801 0
0.01015351940622166 -0.117144720172276 0
0.01167388773665581 -0.1219207950581055 0
0.008633151075787512 -0.1123686452864466 0
0.005459657059022233 -0.1162683198928823 0
0.00228616304225695 -0.1201679944993181 0
0.01689997890658404 -0.8023632001516865 0
0.01191110711645808 -0.8023602621468641 0
0.02188885069671 -0.8023661381565089 0
0.01882347186291926 -0.7988191416881211 0
0.02687772248683596 -0.8023690761613314 0
0.02074696481925448 -0.7952750832245556 0
0.01575809302912852 -0.7952721452197331 0
-0.01689780647989042 -0.07265073867539343 0
-0.01190751514228464 -0.07265672912551382 0
-0.0218880978174962 -0.07264474822527303 0
-0.01882365404094017 -0.0761928837318144 0
-0.02687838915510199 -0.07263875777515262 0
-0.02074950160198992 -0.07973502878823537 0
-0.01575921026438414 -0.07974101923835578 0
0.0214296437743605 -0.5397600360392972 0
0.02547599403882043 -0.5369318181819629 0
0.02142964377436241 -0.534103600324623 0
0.02952234430327845 -0.5397600360393028 0
0.02952234430328036 -0.5341036003246286 0
0.02952234430327653 -0.545416471753977 0
0.02952234430328226 -0.5284471646099542 0
0.03157353937561801 -0.821704643100138 0
0.02769453226994805 -0.8202671398175644 0
0.02715105291828428 -0.8150042829940914 0
0.02381552516427809 -0.8188296365349907 0
0.03048658067229047 -0.8111789294531921 0
-0.03157347626065742 -0.05329982767004662 0
-0.02769436321252217 -0.05474051582498422 0
-0.02715081543618903 -0.06000411402450577 0
-0.02381525016438691 -0.05618120397992182 0
-0.03048638070799116 -0.0638270240690897 0
-0.00886485911085988 -0.7490948121130412 0
-0.01369417714222311 -0.7481511684406896 0
-0.004035541079496653 -0.7500384557853929 0
-0.005668803405725834 -0.7453017153699848 0
0.0007937769518665735 -0.7509820994577445 0
-0.002472747700591788 -0.7415086186269282 0
-0.007302065731955014 -0.7405649749545766 0
0.008601408553387485 -0.125759355428427 0
0.01329527090058692 -0.1266357557078208 0
0.003907546206188058 -0.1248829551490332 0
0.005528929370119162 -0.1295979157987485 0
0.007150312534050269 -0.1343128764484637 0
0.02897721241393166 -0.1859210254866204 0
0.02494678741957315 -0.1883899373832653 0
0.02915699206762434 -0.1911610848401434 0
0.02073658277152194 -0.1856187899263873 0
0.02091636242521462 -0.1908588492799101 0
0.02055680311782926 -0.1803787305728643 0
0.01652637812347074 -0.1828476424695092 0
0.0168859374308561 -0.193327761176555 0
0.02109614207890731 -0.1960989086334331 0
-0.0273789948171334 -0.8193595709423646 0
-0.03049279555330271 -0.8148037093378743 0
-0.03158796286207352 -0.8195888596042979 0
-0.03360659628947202 -0.810247847733384 0
-0.03579693090701364 -0.8198181482662315 0
0.02738399986955702 -0.05564489627050592 0
0.03049669554856568 -0.06019944998765941 0
0.03159177665487111 -0.05541436342340398 0
0.03360939122757435 -0.06475400370481291 0
0.03579955344018521 -0.05518383057630204 0
-0.01451844464604926 -0.74394014457055 0
-0.01771450035118331 -0.7477332413136064 0
-0.01132238894091521 -0.7401470478274934 0
-0.01534271214987541 -0.7397291207004103 0
-0.008126333235781165 -0.736353951084437 0
-0.01616697965370156 -0.7355180968302707 0
-0.01936303535883561 -0.7393111935733272 0
0.005103252466845681 -0.8579043635417247 0
0.008352444127310291 -0.8531707998619884 0
0.003422305843073612 -0.8530546595902293 0
0.01328258241154697 -0.8532869401337475 0
0.0116016357877749 -0.8484372361822521 0
0.01496352903531903 -0.8581366440852429 0
0.009920689164002832 -0.8435875322307568 0
0.0008913808049950366 -0.848704489829633 0
-0.002357810855469573 -0.8534380535093693 0
0.004140572465459645 -0.8439709261498968 0
-0.00163954423308354 -0.8443543200690369 0
0.007389764125924255 -0.8392373624701606 0
-0.004170469271162117 -0.8400041503084406 0
-0.007419660931626725 -0.8447377139881769 0
-0.005102746633836656 -0.01709713778151397 0
-0.008351755273208682 -0.02183172446286819 0
-0.003421201935716388 -0.02194803345182111 0
-0.01328230861070098 -0.02171541547391527 0
-0.01160076391258071 -0.02656631114422241 0
-0.01496385330882125 -0.01686451980360813 0
-0.009919219214460442 -0.03141720681452955 0
-0.0008887594358482753 -0.02629879676371647 0
0.002360249203523752 -0.02156421008236225 0
-0.004137768075220302 -0.03103338344507069 0
0.001643683064019837 -0.03064956007561183 0
-0.00738677671459233 -0.03576797012642491 0
0.00417612556388795 -0.03500032338750719 0
0.007425134203259976 -0.03026573670615297 0
-0.001674889086169114 -0.8356918425207231 0
-0.007455005784712299 -0.8360752364398631 0
0.004105227612374071 -0.8353084486015832 0
0.0008206910988238876 -0.8313795347330057 0
0.009885344310917256 -0.8349250546824432 0
0.003316271283816889 -0.8270672269452881 0
-0.002463845414726296 -0.8274506208644282 0
0.001679906086383246 -0.03931478268041523 0
0.007461357225623386 -0.03893095931095637 0
-0.004101545052856894 -0.03969860604987409 0
-0.0008163133911214576 -0.04362924197332327 0
-0.009882996192097034 -0.04008242941933295 0
-0.003312532868626161 -0.04794370126623131 0
0.002468918270613978 -0.04755987789677245 0
0.002629835636930059 -0.862091167452474 0
0.007559973921166738 -0.8622073077242333 0
0.01001669537548779 -0.8665102519067418 0
0.01249011220540341 -0.8623234479959925 0
0.007543278545572171 -0.8706970558174913 0
0.01247341682980885 -0.8708131960892505 0
0.01742025048964009 -0.8624395882677516 0
0.009987844901149926 -0.04310705315655787 0
0.007491625423645221 -0.04742151244946591 0
0.01251433257667646 -0.04728314700215938 0
0.004995405946140517 -0.05173597174237396 0
0.015040820252203 -0.05145924084776089 0
-0.002629144972231577 -0.01291008507785017 0
-0.007559698309723872 -0.01279377608889725 0
-0.01001664998561109 -0.008490414396280524 0
-0.01249025164721617 -0.01267746709994433 0
-0.00754304832400601 -0.004303361692616722 0
-0.0124736016614983 -0.004187052703663803 0
-0.01742080498470846 -0.01256115811099141 0
0.01250643974540027 -0.05590990023609199 0
0.007483732592369024 -0.05604826568339853 0
0.009972059238597534 -0.06036055962442309 0
0.002461025439337781 -0.05618663113070506 0
0.007437678731794795 -0.0648112190127542 0
-0.002456721454427293 -0.8706970558174913 0
-0.007456721454427025 -0.8706970558174913 0
0.002543278545572439 -0.8706970558174913 0
8.655709125138331e-05 -0.8663941116349827 0
-0.002370164363069673 -0.862091167452474 0
-0.009981415801291964 -0.8318998863541984 0
-0.007485835616298963 -0.8275875785664809 0
-0.01250782581787163 -0.8277245362685336 0
-0.004990255431305962 -0.8232752707787634 0
-0.0150342358344513 -0.8235491861828688 0
0.002456951675993453 -0.004303361692616722 0
0.007456951675993185 -0.004303361692616722 0
-0.002543048324006278 -0.004303361692616722 0
-8.609664811906224e-05 -0.008606723385233444 0
0.002370855027768154 -0.01291008507785017 0
-0.01249902876843925 -0.8191007015039619 0
-0.007477038566866582 -0.8189637438019092 0
-0.009963821702427201 -0.814652216825055 0
-0.002455048365293915 -0.8188267860998565 0
-0.007428614636415153 -0.810203732146148 0
0.01747341682982225 -0.8708131960892505 0
0.02247341682983566 -0.8708131960892505 0
0.01994683365973787 -0.866626392178501 0
0.02747341682984906 -0.8708131960892505 0
0.02242025048965349 -0.8624395882677516 0
-0.01453017590924754 -0.7310431262006265 0
-0.01050985270028735 -0.7314610533277096 0
-0.01289337216479353 -0.7265681555709823 0
-0.006489529491327152 -0.7318789804547927 0
-0.01125656842033952 -0.7220931849413381 0
0.004949087138208752 -0.0691212807326073 0
0.002438341309112041 -0.07335435211262484 0
-0.002538576930702508 -0.07335211989145335 0
-7.240451998466978e-05 -0.07758742349264236 0
-0.005004749341420347 -0.06911681629026434 0
-0.007515495170517058 -0.07334988767028187 0
-0.002583150349081381 -0.0818204948726599 0
-0.01747360166151171 -0.004187052703663803 0
-0.02247360166152512 -0.004187052703663803 0
-0.01994720332311679 -0.008374105407327605 0
-0.02747360166153853 -0.004187052703663803 0
-0.02242080498472187 -0.01256115811099141 0
0.002460760491980245 -0.06480898679158273 0
-2.756615424826143e-05 -0.06049669285055816 0
-0.002516157747834304 -0.06480675457041125 0
-0.002515892800476768 -0.05618439890953358 0
-0.007493075987648853 -0.06480452234923978 0
-0.002452861653390494 -0.810206761006432 0
-0.004939644788951114 -0.8058952340295777 0
3.392148217012513e-05 -0.8145182879832862 0
0.002522891329634165 -0.8102097898667159 0
0.002520704617730745 -0.8188298149601404 0
0.007498644312658824 -0.8102128187269998 0
0.005011861177098204 -0.8059012917501456 0
-0.002428941458864547 -0.8016625519715747 0
0.002546811524160112 -0.8016655808318586 0
8.176187122202038e-05 -0.7974298699135716 0
0.007522564507184771 -0.8016686096921425 0
0.002592465201308587 -0.7931971878555685 0
-0.005629688603024043 -0.7232594162867647 0
-0.008013208067530227 -0.7183665185300374 0
-0.00324616913851786 -0.728152314043492 0
-2.808785708569147e-06 -0.7244256476321913 0
-0.0008626496740116773 -0.7330452118002193 0
0.005624071031606906 -0.7255918789776179 0
0.003240551567100723 -0.7206989812208906 0
-0.00390190809339527 -0.7148419853808333 0
0.001724971723920204 -0.7160082167262599 0
0.0002093918807396867 -0.7113174522316292 0
0.007351851541235679 -0.7171744480716865 0
0.004320691854874643 -0.707792919082425 0
0.00895206370996076 -0.7086454285341885 0
0.007436483866780242 -0.7039546640395578 0
0.01046764355314128 -0.7133361930288193 0
0.01358343556504688 -0.7094979379859521 0
0.0119832233963218 -0.7180269575234499 0
0.018214807420133 -0.7103504474377156 0
0.01669922757695248 -0.7056596829430848 0
0.02057021467790202 -0.7148911542978754 0
0.02368600668980762 -0.7110528992550083 0
0.01745442266599641 -0.7187294093407426 0
0.02292562193567103 -0.7194318611580353 0
0.01433863065409081 -0.7225676643836099 0
0.02528102919344005 -0.7239725680181952 0
0.02839682120534565 -0.7201343129753279 0
-0.02847237987744038 -0.2063210227271641 0
-0.02847237987744779 -0.2013494318180769 0
-0.03277790390197172 -0.203835227272629 0
-0.02416685585292386 -0.1988636363635248 0
-0.02847237987745519 -0.1963778409089897 0
-0.01986133182839252 -0.2013494318180599 0
-0.01986133182839992 -0.1963778409089727 0
-0.02847237987746261 -0.1914062499999026 0
-0.03277790390198654 -0.1938920454544547 0
-0.0284723798774556 -0.2112926136362568 0
-0.02416685585293166 -0.2088068181817048 0
-0.01986133182842294 -0.2112926136362454 0
-0.01986133182840773 -0.2063210227271526 0
-0.01986133182843816 -0.2162642045453382 0
-0.01555580780391423 -0.213778409090786 0
-0.01555580780388379 -0.2038352272726006 0
-0.02416685585294716 -0.2187499999998861 0
-0.01986133182843845 -0.2212357954544267 0
-0.02847237987745587 -0.2162642045453455 0
-0.02847237987745616 -0.2212357954544341 0
-0.03277790390196459 -0.2137784090908048 0
-0.03277790390196515 -0.223721590908982 0
-0.02847237987745644 -0.2262073863635227 0
-0.01555580780393145 -0.2336647727271443 0
-0.01986133182843978 -0.2311789772726038 0
-0.01986133182844045 -0.2361505681816922 0
-0.01986133182843911 -0.2262073863635153 0
-0.02416685585294811 -0.2286931818180632 0
-0.01555580780393011 -0.2237215909089673 0
-0.02847237987745711 -0.2311789772726112 0
-0.02847237987745812 -0.2460937499998763 0
-0.02847237987745778 -0.2411221590907879 0
-0.03277790390196644 -0.2436079545453357 0
-0.02416685585294912 -0.2386363636362401 0
-0.02847237987745745 -0.2361505681816995 0
-0.01986133182844078 -0.2411221590907807 0
-0.03277790390196578 -0.233664772727159 0
-0.0284723798774587 -0.2510653409089648 0
-0.02416685585295003 -0.248579545454417 0
-0.01986133182844195 -0.2510653409089577 0
-0.01986133182844137 -0.2460937499998692 0
-0.01986133182844252 -0.2560369318180462 0
-0.01555580780393385 -0.2535511363634983 0
-0.0155558078039327 -0.2436079545453213 0
-0.02416685585295091 -0.2585227272725941 0
-0.01986133182844282 -0.2610085227271347 0
-0.02847237987745899 -0.2560369318180534 0
-0.02847237987745928 -0.261008522727142 0
-0.03277790390196708 -0.2535511363635127 0
-0.03277790390196766 -0.2634943181816899 0
-0.02847237987745958 -0.2659801136362306 0
-0.01555580780393647 -0.2734374999998523 0
-0.01986133182844418 -0.2709517045453118 0
-0.01986133182844486 -0.2759232954544003 0
-0.0198613318284435 -0.2659801136362232 0
-0.02416685585295188 -0.2684659090907712 0
-0.01555580780393511 -0.2634943181816753 0
-0.02847237987746026 -0.2709517045453191 0
-0.02847237987746135 -0.2858664772725842 0
-0.02847237987746099 -0.2808948863634959 0
-0.03277790390196905 -0.2833806818180437 0
-0.02416685585295292 -0.2784090909089481 0
-0.02847237987746062 -0.2759232954544075 0
-0.01986133182844523 -0.2808948863634886 0
-0.03277790390196833 -0.2734374999998669 0
-0.02847237987746195 -0.2908380681816727 0
-0.02416685585295388 -0.2883522727271249 0
-0.01986133182844641 -0.2908380681816657 0
-0.01986133182844581 -0.2858664772725771 0
-0.019861331828447 -0.2958096590907542 0
-0.01555580780393893 -0.2933238636362064 0
-0.01555580780393775 -0.2833806818180294 0
0.001666288294060854 -0.4822443181818909 0
-0.002639235730440506 -0.4797585227273234 0
-0.002639235730442747 -0.4847301136364623 0
-0.002639235730438266 -0.4747869318181845 0
-0.006944759754941868 -0.4772727272727559 0
0.001666288294065336 -0.4723011363636131 0
-0.002639235730436026 -0.4698153409090456 0
-0.01125028377944323 -0.4747869318181884 0
-0.01125028377944547 -0.4797585227273273 0
-0.02416685585295476 -0.2982954545453022 0
-0.01986133182844728 -0.3007812499998429 0
-0.02847237987746223 -0.2958096590907614 0
-0.0284723798774625 -0.3007812499998501 0
-0.0327779039019697 -0.2933238636362206 0
-0.03277790390197026 -0.303267045454398 0
-0.02847237987746278 -0.3057528409089387 0
-0.01555580780394143 -0.313210227272561 0
-0.01986133182844855 -0.3107244318180202 0
-0.01986133182844918 -0.3156960227271088 0
-0.01986133182844791 -0.3057528409089316 0
-0.02416685585295567 -0.3082386363634795 0
-0.01555580780394016 -0.3032670454543837 0
-0.02847237987746342 -0.3107244318180273 0
-0.0284800078245896 -0.6637073863637335 0
-0.02848000782460271 -0.6587357954546462 0
-0.03277790390198222 -0.6612215909091921 0
-0.0241821117472232 -0.6562500000001004 0
-0.02848000782461581 -0.6537642045455589 0
-0.01988421566983058 -0.6587357954546418 0
-0.01988421566984368 -0.6537642045455545 0
-0.02848000782462892 -0.6487926136364717 0
-0.03277790390200843 -0.6512784090910175 0
-0.02847237987746469 -0.3256392045452927 0
-0.02847237987746426 -0.3206676136362043 0
-0.03277790390197181 -0.323153409090752 0
-0.02416685585295673 -0.3181818181816566 0
-0.02847237987746384 -0.3156960227271158 0
-0.0198613318284496 -0.3206676136361973 0
-0.03277790390197095 -0.3132102272725751 0
-0.02847237987746514 -0.3306107954543815 0
-0.02416685585295759 -0.3281249999998339 0
-0.0198613318284505 -0.330610795454375 0
-0.01986133182845005 -0.3256392045452862 0
-0.01986133182845094 -0.3355823863634638 0
-0.0155558078039434 -0.3330965909089162 0
-0.0155558078039425 -0.3231534090907384 0
-0.01558632787888748 -0.6512784090910073 0
-0.0198842239562801 -0.648792613636466 0
-0.0198842322427165 -0.6438210227273775 0
-0.02418212003367271 -0.6463068181819246 0
-0.01558634445176029 -0.6413352272728304 0
-0.01988424052915291 -0.638849431818289 0
-0.02848001611106533 -0.6438210227273833 0
-0.01988424052914101 -0.6338778409091994 0
-0.02418212832009722 -0.6363636363637464 0
-0.02848001611104153 -0.6338778409092038 0
-0.02848001611105343 -0.6388494318182936 0
-0.02848001611102963 -0.6289062500001141 0
-0.03277790390198584 -0.6313920454546613 0
-0.03277790390200964 -0.6413352272728408 0
-0.02416685585295828 -0.3380681818180117 0
-0.01986133182845119 -0.3405539772725529 0
-0.02847237987746538 -0.3355823863634706 0
-0.02847237987746563 -0.3405539772725596 0
-0.03277790390197248 -0.3330965909089295 0
-0.03277790390197298 -0.3430397727271076 0
-0.02847237987746588 -0.3455255681816487 0
-0.01555580780394539 -0.3529829545452737 0
-0.01986133182845222 -0.350497159090732 0
-0.01986133182845274 -0.3554687499998216 0
-0.0198613318284517 -0.3455255681816425 0
-0.02416685585295905 -0.3480113636361903 0
-0.01555580780394436 -0.3430397727270946 0
-0.0284723798774664 -0.3504971590907383 0
-0.01988438121965147 -0.618963068181934 0
-0.01988433432281465 -0.6239346590910224 0
-0.01558649342870716 -0.6214488636364766 0
-0.02418217521692214 -0.6264204545455683 0
-0.01988428742597783 -0.6289062500001108 0
-0.02848006300786645 -0.6239346590910257 0
-0.01558639963503352 -0.6313920454546534 0
-0.02848006300787834 -0.6189630681819386 0
-0.03277790390198583 -0.6214488636364844 0
-0.02418222211377085 -0.6164772727273926 0
-0.02848006300789023 -0.6139914772728514 0
-0.01988438121966336 -0.6139914772728468 0
-0.02848006300790212 -0.6090198863637641 0
-0.03277790390200961 -0.61150568181831 0
-0.02847237987746946 -0.3654119318180051 0
-0.02847237987746844 -0.3604403409089161 0
-0.03277790390197628 -0.3629261363634634 0
-0.02416685585296059 -0.3579545454543688 0
-0.02847237987746742 -0.3554687499998272 0
-0.01986133182845376 -0.3604403409089105 0
-0.03277790390197424 -0.3529829545452856 0
-0.02847237987746977 -0.3703835227270958 0
-0.02416685585296192 -0.3678977272725485 0
-0.01986133182845439 -0.3703835227270921 0
-0.01986133182845407 -0.3654119318180012 0
-0.01986133182845471 -0.3753551136361828 0
-0.01555580780394686 -0.3728693181816355 0
-0.01555580780394622 -0.3629261363634541 0
-0.01558680356260554 -0.6115056818182995 0
-0.01988464445672492 -0.6090198863637581 0
-0.01988490769378648 -0.6040482954546695 0
-0.0241824853508443 -0.6065340909092168 0
-0.01558733003672866 -0.6015625000001222 0
-0.01988517093084804 -0.5990767045455809 0
-0.02848032624496368 -0.6040482954546755 0
-0.01988517093083735 -0.594105113636491 0
-0.02418274858789517 -0.5965909090910384 0
-0.02848032624494229 -0.5941051136364958 0
-0.02848032624495299 -0.5990767045455856 0
-0.02848032624493159 -0.5891335227274059 0
-0.03277790390198941 -0.5916193181819532 0
-0.03277790390201081 -0.601562500000133 0
-0.01988944427645158 -0.5791903409092248 0
-0.0198880198279135 -0.5841619318183136 0
-0.01559186661940445 -0.5816761363637674 0
-0.02418417303642255 -0.5866477272728597 0
-0.01988659537937543 -0.5891335227274023 0
-0.02848175069346966 -0.5841619318183172 0
-0.0155890177223283 -0.5916193181819449 0
-0.002639235730435338 -0.4648437499999328 0
-0.006944759754938939 -0.4673295454545042 0
-0.01125028377944185 -0.4648437499999628 0
-0.01125028377944254 -0.4698153409090756 0
-0.01125028377944117 -0.45987215909085 0
-0.01555580780394476 -0.4623579545454214 0
-0.01555580780394614 -0.472301136363647 0
-0.02848474363241042 -0.5791903409092287 0
-0.03278089684091946 -0.5816761363637749 0
-0.02418859042390138 -0.5767045454546825 0
-0.02848773657135117 -0.5742187500001402 0
-0.01989243721539233 -0.5742187500001363 0
-0.02849072951029193 -0.5692471590910517 0
-0.03278688271880098 -0.5717329545455978 0
-0.01559969012302926 -0.5717329545455894 0
-0.01989883627047906 -0.5692471590910471 0
-0.01990523532556579 -0.5642755681819576 0
-0.02419798241792886 -0.5667613636365046 0
-0.01561248823320272 -0.5617897727274106 0
-0.01991163438065252 -0.5593039772728683 0
-0.02849712856537866 -0.5642755681819622 0
-0.0155558078039478 -0.392755681818007 0
-0.01986133182845443 -0.3902698863634608 0
-0.01986133182845464 -0.3952414772725544 0
-0.01986133182845422 -0.3852982954543673 0
-0.02416685585296107 -0.3877840909089147 0
-0.01555580780394739 -0.3828124999998199 0
-0.01986133182845402 -0.3803267045452737 0
-0.0284723798774677 -0.3852982954543687 0
-0.02847237987746791 -0.3902698863634622 0
-0.01990864144170908 -0.5543323863637787 0
-0.02420138853407214 -0.5568181818183257 0
-0.02849114268749177 -0.554332386363783 0
-0.02849413562643521 -0.5593039772728726 0
-0.02848814974854832 -0.5493607954546934 0
-0.03278089684091139 -0.5518465909092404 0
-0.03278688271879829 -0.5617897727274197 0
-0.02416685585296155 -0.3778409090907303 0
-0.02847237987746908 -0.3753551136361868 0
-0.02847237987746839 -0.3803267045452777 0
-0.03277790390197662 -0.3728693181816433 0
-0.03277790390197523 -0.3828124999998251 0
-0.01989608991165311 -0.5394176136365072 0
-0.0199002737550051 -0.5443892045455977 0
-0.01560633575823349 -0.5419034090910498 0
-0.02419421175177671 -0.5468750000001456 0
-0.01990445759835709 -0.5493607954546882 0
-0.02848396590519633 -0.5443892045456029 0
-0.01561470344493747 -0.5518465909092308 0
-0.03277790390196239 -0.4524147727271938 0
-0.02847237987745745 -0.4549005681817513 0
-0.02847237987745894 -0.4499289772726358 0
-0.02847237987745595 -0.4598721590908668 0
-0.02416685585295249 -0.4573863636363089 0
-0.03277790390195941 -0.4623579545454247 0
-0.02847237987745446 -0.4648437499999823 0
-0.01986133182844754 -0.4598721590908665 0
-0.01986133182844903 -0.454900568181751 0
-0.01986133182844822 -0.4648437499999793 0
-0.02416685585295168 -0.4673295454545372 0
-0.01986133182844891 -0.4698153409090921 0
-0.02847237987745514 -0.4698153409090951 0
-0.0198613318284496 -0.4747869318182049 0
-0.0284723798774667 -0.4101562499998338 0
-0.02416685585296 -0.4076704545452881 0
-0.02847237987746813 -0.4051846590907379 0
-0.01986133182845186 -0.4101562499998382 0
-0.01986133182845328 -0.4051846590907423 0
-0.01986133182845043 -0.4151278409089342 0
-0.01555580780394372 -0.4126420454543885 0
-0.01555580780394658 -0.4026988636361965 0
-0.01986133182845472 -0.4002130681816463 0
-0.03708342792647292 -0.4499289772726292 0
-0.03708342792647143 -0.4549005681817446 0
-0.04138895195098045 -0.4573863636362956 0
-0.03708342792646993 -0.4598721590908602 0
-0.04569447597549098 -0.4549005681817311 0
-0.04569447597548948 -0.4598721590908466 0
-0.03708342792646843 -0.4648437499999757 0
-0.04569640698011483 -0.5245028409092574 0
-0.04569640698011483 -0.519531250000169 0
-0.04569640698011483 -0.5294744318183457 0
-0.04139281396022965 -0.5269886363637968 0
-0.04569640698011483 -0.5344460227274344 0
-0.03708922094034448 -0.5294744318183362 0
-0.03708922094034448 -0.5245028409092478 0
-0.02847237987746806 -0.4002130681816459 0
-0.03277790390197477 -0.4026988636361917 0
-0.02416685585296135 -0.3977272727271002 0
-0.02847237987746799 -0.395241477272554 0
-0.03277790390197462 -0.3927556818180079 0
-0.03708342792647105 -0.5095880681819651 0
-0.03708535893109552 -0.5145596590910593 0
-0.03277983490658587 -0.5120738636365045 0
-0.04139088295560518 -0.5170454545456141 0
-0.03708728993572 -0.5195312500001535 0
-0.04569447597549035 -0.5145596590910746 0
-0.03278369691583483 -0.522017045454693 0
-0.0241668558529571 -0.4176136363634779 0
-0.01986133182844896 -0.4200994318180282 0
-0.02847237987746523 -0.4151278409089277 0
-0.02847237987746376 -0.4200994318180217 0
-0.03277790390197337 -0.4126420454543775 0
-0.03277790390197043 -0.4225852272725653 0
-0.0284723798774623 -0.4250710227271156 0
-0.02848589690981917 -0.5394176136365121 0
-0.03277983490659078 -0.5419034090910599 0
-0.02419195891304756 -0.5369318181819642 0
-0.02848782791444201 -0.5344460227274211 0
-0.01989802091627595 -0.5344460227274164 0
-0.02848975891906485 -0.5294744318183302 0
-0.03278369691583646 -0.5319602272728781 0
-0.04569447597549098 -0.4449573863634965 0
-0.04569447597549098 -0.4399857954543792 0
-0.04569447597549098 -0.4499289772726137 0
-0.04138895195098195 -0.4474431818180629 0
-0.03708342792647292 -0.444957386363512 0
0.04569447597548942 -0.3703835227271272 0
0.04569447597548942 -0.3753551136362241 0
0.04569447597548942 -0.3654119318180302 0
0.04138895195097885 -0.3678977272725865 0
0.04569447597548942 -0.3604403409089332 0
0.03708342792646828 -0.3654119318180459 0
0.03708342792646828 -0.3703835227271429 0
0.04569447597550554 -0.3554687499998326 0
0.04138895195099496 -0.3579545454543889 0
0.03708342792650049 -0.3554687499998446 0
0.03708342792648438 -0.3604403409089453 0
0.03708342792651659 -0.350497159090744 0
0.03277790390200602 -0.3529829545453004 0
0.03277790390197381 -0.3629261363635016 0
0.03708342792647559 -0.4250710227274015 0
0.03708342792646743 -0.4200994318182733 0
0.0327779039019593 -0.422585227272832 0
0.04138895195097557 -0.4176136363637146 0
0.03708342792645927 -0.4151278409091451 0
0.04569447597549187 -0.4200994318182841 0
0.04569447597548371 -0.4151278409091559 0
0.03708342792645111 -0.4101562500000169 0
0.03277790390194298 -0.4126420454545756 0
0.04569447597548826 -0.390269886363565 0
0.04569447597548826 -0.395241477272685 0
0.04569447597548826 -0.3852982954544448 0
0.04138895195097651 -0.3877840909090049 0
0.04569447597548826 -0.3803267045453247 0
0.03708342792646477 -0.3852982954544448 0
0.03708342792646477 -0.390269886363565 0
-0.04569447597548912 -0.4847301136364415 0
-0.04569447597548912 -0.4797585227273215 0
-0.04569447597548912 -0.4897017045455614 0
-0.04138895195097824 -0.487215909091001 0
-0.04569447597548912 -0.4946732954546814 0
-0.03708342792646736 -0.4897017045455604 0
-0.03708342792646736 -0.4847301136364405 0
-0.04569447597549035 -0.5046164772728809 0
-0.04569447597549035 -0.499644886363784 0
-0.04569447597549035 -0.5095880681819778 0
-0.0413889519509807 -0.507102272727423 0
-0.03708342792647105 -0.5046164772728682 0
-0.04569447597549199 -0.5394176136365252 0
-0.04139088295560682 -0.5369318181819762 0
-0.0370853589310988 -0.5394176136365181 0
-0.03708728993572163 -0.5344460227274271 0
-0.03708342792647597 -0.5443892045456089 0
-0.03708342792646859 -0.494673295454663 0
-0.03277790390195771 -0.4921875000001025 0
-0.04138895195097947 -0.4971590909092235 0
-0.03708342792646982 -0.4996448863637656 0
-0.03277790390196017 -0.5021306818183077 0
0.03708342792646593 -0.3803267045453442 0
0.03277790390195419 -0.3828124999999042 0
0.04138895195097768 -0.3778409090907842 0
0.03708342792646711 -0.3753551136362435 0
0.03277790390195653 -0.3728693181817029 0
-0.04138895195098322 -0.4374999999998408 0
-0.04569447597549225 -0.4350142045452744 0
-0.03708342792647419 -0.4399857954544072 0
-0.03708342792647546 -0.4350142045453024 0
-0.03277790390196516 -0.4424715909089736 0
-0.0327779039019677 -0.432528409090764 0
-0.03708342792647673 -0.4300426136361976 0
-0.04569447597549225 -0.425071022727092 0
-0.04569447597549225 -0.4200994318180007 0
-0.04569447597549225 -0.4300426136361832 0
-0.04138895195098449 -0.4275568181816447 0
-0.03708342792647673 -0.4250710227271063 0
0.04569447597549187 -0.4300426136365189 0
0.04569447597549187 -0.4350142045456363 0
0.04569447597549187 -0.4250710227274015 0
0.04138895195098373 -0.4275568181819602 0
0.03708342792647559 -0.4300426136365189 0
-0.01555580780394375 -0.432528409090784 0
-0.01986133182844993 -0.4300426136362279 0
-0.01986133182845042 -0.4350142045453278 0
-0.01986133182844944 -0.425071022727128 0
-0.02416685585295612 -0.4275568181816718 0
-0.01555580780394277 -0.4225852272725843 0
-0.02847237987746278 -0.4300426136362154 0
-0.03277790390195755 -0.4723011363636551 0
-0.02847237987745478 -0.47478693181821 0
-0.02847237987745442 -0.4797585227273249 0
-0.02416685585295201 -0.4772727272727649 0
-0.03277790390195683 -0.482244318181885 0
-0.02847237987745407 -0.4847301136364398 0
-0.01986133182844924 -0.4797585227273198 0
-0.04569447597548948 -0.4648437499999666 0
-0.04569447597548948 -0.4698153409090866 0
-0.04138895195097896 -0.4673295454545311 0
-0.04569447597548948 -0.4747869318182065 0
-0.03708342792646843 -0.4698153409090957 0
-0.0413889519509786 -0.477272727272766 0
-0.03708342792646771 -0.4797585227273255 0
-0.03708342792646807 -0.4747869318182105 0
-0.02416685585295402 -0.4474431818180872 0
-0.02847237987745897 -0.4449573863635297 0
-0.01986133182844908 -0.4499289772726448 0
-0.01986133182844911 -0.4449573863635387 0
-0.01555580780394412 -0.4524147727272024 0
-0.0155558078039442 -0.4424715909089901 0
-0.01986133182844915 -0.4399857954544325 0
-0.02847237987746024 -0.439985795454425 0
-0.02416685585295533 -0.4374999999998763 0
-0.02847237987746151 -0.4350142045453202 0
-0.0112502837794469 -0.494673295454662 0
-0.01125028377944642 -0.4897017045455504 0
-0.01555580780394826 -0.4921875000000945 0
-0.006944759754944586 -0.4872159090910063 0
-0.01125028377944594 -0.4847301136364388 0
-0.002639235730443224 -0.4897017045455738 0
-0.01555580780394731 -0.4822443181818714 0
-0.03708342792648113 -0.4101562499998247 0
-0.03708342792647966 -0.4151278409089186 0
-0.04138895195098596 -0.4176136363634596 0
-0.03708342792647819 -0.4200994318180125 0
-0.04569447597549371 -0.4151278409089069 0
0.04569447597549225 -0.4499289772729159 0
0.04569447597549225 -0.4549005681820072 0
0.04569447597549225 -0.4449573863638247 0
0.04138895195098449 -0.4474431818183631 0
0.04569447597549225 -0.4399857954547334 0
0.03708342792647674 -0.4449573863638102 0
0.03708342792647674 -0.4499289772729014 0
-0.02847237987745455 -0.4897017045455514 0
-0.02416685585295213 -0.4872159090909913 0
-0.01986133182845019 -0.4897017045455429 0
-0.01986133182844971 -0.4847301136364314 0
-0.01986133182845068 -0.4946732954546544 0
-0.0198613318284519 -0.499644886363757 0
-0.01986133182845096 -0.5046164772728532 0
-0.0155558078039478 -0.5021306818183021 0
-0.02416685585295412 -0.5071022727274042 0
-0.01986133182845002 -0.5095880681819493 0
-0.02847237987745823 -0.5046164772728592 0
-0.02847237987745729 -0.5095880681819553 0
-0.01986133182844908 -0.5145596590910454 0
-0.01555580780394591 -0.5120738636364943 0
0.04569447597548371 -0.4101562500000357 0
0.04569447597548371 -0.4051846590909157 0
0.04138895195096741 -0.4076704545454664 0
0.04569447597548371 -0.4002130681817957 0
0.03708342792645111 -0.4051846590908969 0
-0.02847237987745577 -0.494673295454654 0
-0.02847237987745701 -0.4996448863637566 0
-0.02416685585295384 -0.4971590909092055 0
0.04138895195097196 -0.3977272727272356 0
0.03708342792646022 -0.3952414772726756 0
0.03708342792645566 -0.4002130681817863 0
0.03277790390194847 -0.3927556818181155 0
0.03277790390193937 -0.4026988636363368 0
-0.0112502837794478 -0.5046164772728516 0
-0.01125028377944874 -0.4996448863637555 0
-0.01125028377944686 -0.5095880681819478 0
-0.006944759754947806 -0.507102272727401 0
-0.01125028377944592 -0.5145596590910438 0
-0.002639235730447809 -0.5095880681819507 0
-0.002639235730448752 -0.5046164772728545 0
0.03708342792651664 -0.464843750000193 0
0.03708342792650335 -0.4598721590910957 0
0.03277790390200889 -0.46235795454564 0
0.0413889519509978 -0.4573863636365515 0
0.03708342792649004 -0.4549005681819985 0
0.04569447597550555 -0.4598721590911045 0
0.03277790390198229 -0.4524147727274457 0
-0.01125028377943987 -0.3952414772725524 0
-0.01125028377943966 -0.3902698863634588 0
-0.006944759754931516 -0.3877840909089108 0
-0.01125028377943945 -0.3852982954543653 0
-0.002639235730423581 -0.3902698863634562 0
-0.002639235730423373 -0.3852982954543627 0
-0.01125028377943924 -0.3803267045452717 0
-0.006944759754931367 -0.3778409090907234 0
-0.0112502837794393 -0.375355113636178 0
-0.002639235730423433 -0.3803267045452688 0
-0.002639235730423493 -0.3753551136361751 0
0.001666288294084502 -0.3828124999998143 0
0.001666288294084382 -0.3728693181816267 0
-0.002639235730423553 -0.3703835227270814 0
-0.01125028377943898 -0.3703835227270872 0
-0.006944759754931111 -0.367897727272539 0
-0.01125028377943867 -0.3654119318179965 0
-0.002639235730423235 -0.3654119318179906 0
-0.01125028377943835 -0.3604403409089058 0
-0.00270875189685538 -0.5145596590910426 0
0.001596772127643673 -0.5120738636364961 0
-0.007014275921354433 -0.5170454545455893 0
-0.002778268063262951 -0.5195312500001347 0
-0.01131979994585349 -0.5195312500001359 0
-0.002847784229670521 -0.5245028409092267 0
0.001457739794828532 -0.5220170454546801 0
-0.01125028377943615 -0.4151278409089372 0
-0.01125028377943758 -0.4101562499998412 0
-0.006944759754931439 -0.4076704545452939 0
-0.01125028377943901 -0.4051846590907452 0
-0.002639235730423869 -0.4101562499998426 0
-0.002639235730425299 -0.4051846590907466 0
-0.01125028377944044 -0.4002130681816492 0
-0.006944759754930967 -0.3579545454543576 0
-0.01125028377943852 -0.3554687499998151 0
-0.002639235730423409 -0.3604403409089 0
-0.002639235730423582 -0.3554687499998094 0
0.00166628829408415 -0.3629261363634424 0
0.001666288294083803 -0.3529829545452612 0
-0.002639235730423756 -0.3504971590907189 0
-0.006944759754932296 -0.3977272727271011 0
-0.002639235730424726 -0.4002130681816498 0
-0.002639235730424154 -0.395241477272553 0
0.001666288294082845 -0.4026988636361985 0
0.00166628829408399 -0.3927556818180049 0
-0.007095378115496136 -0.5269886363637735 0
-0.002859370257404654 -0.5294744318183189 0
-0.01133138597358762 -0.5245028409092281 0
-0.01134297200132175 -0.5294744318183203 0
-0.0155673938316791 -0.5220170454546826 0
-0.01559056588714736 -0.5319602272728672 0
-0.01135455802905589 -0.5344460227274126 0
-0.002872887289761376 -0.5344460227274095 0
0.001374706596064239 -0.5319602272728626 0
-0.007120481175586991 -0.5369318181819562 0
-0.002886404322118097 -0.5394176136365 0
-0.01136807506141261 -0.5394176136365031 0
-0.002899921354474818 -0.5443892045455905 0
0.001347672531350797 -0.5419034090910437 0
-0.01125028377943801 -0.3504971590907255 0
-0.006944759754930623 -0.3480113636361775 0
-0.01125028377943749 -0.345525568181636 0
-0.002639235730423238 -0.3455255681816293 0
-0.01125028377943697 -0.3405539772725464 0
-0.007138182051295699 -0.5468750000001373 0
-0.002904105197826805 -0.5493607954546811 0
-0.0113722589047646 -0.5443892045455936 0
-0.01137644274811658 -0.5493607954546841 0
-0.01138062659146857 -0.5543323863637746 0
-0.002639235730436159 -0.4499289772726386 0
-0.002639235730435886 -0.4549005681817366 0
0.001666288294066755 -0.4524147727271799 0
-0.006944759754938525 -0.4573863636362933 0
-0.002639235730435612 -0.4598721590908347 0
-0.01125028377944144 -0.4549005681817519 0
0.001666288294067302 -0.4623579545453761 0
-0.006944759754946905 -0.4971590909092115 0
-0.002639235730446909 -0.4996448863637609 0
-0.002639235730445067 -0.4946732954546674 0
0.001666288294053086 -0.5021306818183104 0
0.001666288294056771 -0.4921875000001233 0
-0.01125028377943887 -0.4350142045453351 0
-0.01125028377943839 -0.4300426136362352 0
-0.006944759754933032 -0.4275568181816864 0
-0.0112502837794379 -0.4250710227271354 0
-0.00263923573042816 -0.4300426136362375 0
-0.002639235730427675 -0.4250710227271376 0
-0.01125028377943742 -0.4200994318180355 0
-0.002861527023954827 -0.5543323863637709 0
0.001376733672866054 -0.5518465909092241 0
-0.007099787720775708 -0.5568181818183177 0
-0.002818948850082848 -0.5593039772728607 0
-0.01133804841759659 -0.5593039772728644 0
-0.002776370676210869 -0.5642755681819506 0
0.001461890020610012 -0.5617897727274038 0
-0.02416878685757766 -0.5170454545455946 0
-0.01986326283307355 -0.5195312500001397 0
-0.02847431088208176 -0.5145596590910495 0
-0.02847624188670624 -0.5195312500001438 0
-0.02847817289133071 -0.524502840909238 0
-0.006944759754929645 -0.3380681818179987 0
-0.01125028377943651 -0.3355823863634572 0
-0.002639235730422777 -0.3405539772725401 0
-0.002639235730422316 -0.3355823863634508 0
0.00166628829408409 -0.3430397727270815 0
0.001666288294085012 -0.3330965909089031 0
-0.002639235730421855 -0.3306107954543616 0
0.04138895195098411 -0.4375000000001747 0
0.03708342792647598 -0.435014204545616 0
0.03708342792647636 -0.4399857954547131 0
0.03277790390196784 -0.4325284090910572 0
0.03277790390196861 -0.4424715909092514 0
0.005373474066434622 -0.5344460227274089 0
0.005386991098791343 -0.5294744318183184 0
0.0053599570340779 -0.5394176136364994 0
0.009372241536805003 -0.5369318181819552 0
0.005346440001721179 -0.54438920454559 0
0.01337100900717538 -0.5394176136365015 0
0.01338452603953211 -0.534446022727411 0
-0.007050810491817 -0.5667613636364968 0
-0.00276997162112414 -0.56924715909104 0
-0.01133164936250986 -0.5642755681819538 0
-0.01132525030742313 -0.5692471590910431 0
-0.0113188512523364 -0.5742187500001323 0
-0.01125028377943607 -0.3306107954543683 0
-0.006944759754928738 -0.3281249999998206 0
-0.01125028377943562 -0.3256392045452795 0
-0.00263923573042141 -0.3256392045452727 0
-0.01125028377943518 -0.3206676136361907 0
-0.002767823984985842 -0.574218750000129 0
0.001506615830620289 -0.5717329545455827 0
-0.007042263800591972 -0.5767045454546752 0
-0.002765676348847543 -0.5791903409092181 0
-0.0113167036161981 -0.5791903409092214 0
-0.002763528712709245 -0.5841619318183071 0
0.001510911102896885 -0.5816761363637608 0
-0.03708342792647597 -0.5493607954546974 0
-0.03708642086541941 -0.554332386363787 0
-0.04139194488992742 -0.5568181818183336 0
-0.03708941380436286 -0.5593039772728766 0
-0.04569447597549199 -0.5543323863637906 0
-0.04569746891443544 -0.5593039772728803 0
-0.0370924067433063 -0.5642755681819662 0
-0.04558067940515005 -0.6984268612515825 0
-0.04127515538065542 -0.6959410657970382 0
-0.04569447597550538 -0.6935369318182703 0
-0.03685583478580547 -0.6983451997758061 0
-0.0369696313561608 -0.6934552703424939 0
-0.03674203821545015 -0.7032351292091183 0
-0.03243651419095551 -0.700749333754574 0
-0.03266410733166616 -0.6909694748879494 0
-0.03708342792651612 -0.6885653409091815 0
-0.006944759754927492 -0.3181818181816429 0
-0.01125028377943437 -0.3156960227271019 0
-0.002639235730420609 -0.320667613636184 0
-0.002639235730419808 -0.3156960227270953 0
0.001666288294086274 -0.3231534090907251 0
0.001666288294087876 -0.3132102272725475 0
-0.002639235730419007 -0.3107244318180065 0
-0.04569746891443544 -0.5642755681819687 0
-0.04569746891443544 -0.5692471590910573 0
-0.04139493782887087 -0.5667613636365118 0
-0.04569746891443544 -0.5742187500001457 0
-0.0370924067433063 -0.5692471590910548 0
-0.04569447597550538 -0.6835937500000934 0
-0.04569447597550538 -0.6786221590910049 0
-0.04569447597550538 -0.6885653409091819 0
-0.04138895195101075 -0.6860795454546375 0
-0.03708342792651612 -0.683593750000093 0
-0.04569447597550538 -0.604048295454678 0
-0.04569447597550538 -0.5990767045455896 0
-0.04569447597550538 -0.6090198863637665 0
-0.04138895195101075 -0.6065340909092225 0
-0.04569447597550538 -0.613991477272855 0
-0.03708342792651613 -0.6090198863637668 0
-0.03708342792651613 -0.6040482954546784 0
-0.007038691715915596 -0.586647727272853 0
-0.002762104264171168 -0.5891335227273958 0
-0.01131527916766003 -0.5841619318183102 0
-0.01131385471912195 -0.5891335227273989 0
-0.01131243027058387 -0.5941051136364877 0
-0.04569447597550538 -0.6438210227273857 0
-0.04569447597550538 -0.6388494318182973 0
-0.04569447597550538 -0.6487926136364742 0
-0.04138895195101077 -0.6463068181819301 0
-0.04569447597550538 -0.6537642045455627 0
-0.03708342792651616 -0.6487926136364746 0
-0.03708342792651616 -0.6438210227273859 0
-0.01125028377943374 -0.3107244318180132 0
-0.006944759754926058 -0.3082386363634655 0
-0.01125028377943311 -0.3057528409089246 0
-0.002639235730418374 -0.3057528409089179 0
-0.01125028377943248 -0.3007812499998359 0
-0.03708342792648403 -0.5891335227274088 0
-0.03708342792649473 -0.5941051136364986 0
-0.04138895195100005 -0.5965909090910442 0
-0.03708342792650543 -0.5990767045455885 0
-0.04569447597549468 -0.5941051136364996 0
0.04569447597550555 -0.236150568181707 0
0.04138895195101099 -0.2386363636362513 0
0.04569447597550544 -0.2411221590907955 0
0.03708342792651653 -0.236150568181707 0
0.03708342792651642 -0.2411221590907956 0
0.03708342792651664 -0.2311789772726184 0
0.03277790390202208 -0.2336647727271627 0
0.03277790390202186 -0.24360795454534 0
0.03708342792651631 -0.2460937499998843 0
0.04569447597550544 -0.2510653409089727 0
0.04569447597550544 -0.2560369318180613 0
0.04569447597550544 -0.2460937499998841 0
0.04138895195101087 -0.2485795454544285 0
0.03708342792651631 -0.2510653409089729 0
-0.006944759754931278 -0.4176136363634882 0
-0.002639235730426407 -0.4200994318180393 0
-0.002639235730425138 -0.4151278409089409 0
0.001666288294078465 -0.4225852272725903 0
0.001666288294081003 -0.4126420454543936 0
0.04562898443870217 -0.753399852413184 0
0.0414742496106263 -0.755913693824749 0
0.04584526517192413 -0.7581956595934394 0
0.03710323404932847 -0.7536317280560587 0
0.03731951478255043 -0.7584275352363141 0
0.03688695331610652 -0.7488359208758031 0
0.03273221848803064 -0.7513497622873683 0
0.03316477995447455 -0.7609413766478793 0
0.03753579551577238 -0.7632233424165697 0
-0.03708342792648045 -0.6289062500001169 0
-0.03708342792649236 -0.6338778409092066 0
-0.04138895195099887 -0.6363636363637519 0
-0.03708342792650425 -0.6388494318182963 0
-0.04569447597549349 -0.6338778409092076 0
-0.002761639342691808 -0.6040482954546617 0
-0.007036694082663052 -0.6065340909092076 0
-0.002761376105630248 -0.6090198863637503 0
-0.01131201205969586 -0.6040482954546649 0
-0.0113117488226343 -0.6090198863637535 0
-0.01131227529675742 -0.5990767045455763 0
-0.01131148558557274 -0.6139914772728421 0
-0.006944759754924566 -0.2982954545452883 0
-0.01125028377943162 -0.2958096590907474 0
-0.002639235730417515 -0.3007812499998292 0
-0.002639235730416655 -0.2958096590907407 0
0.001666288294089537 -0.3032670454543702 0
0.001666288294091255 -0.2933238636361931 0
-0.002639235730415796 -0.2908380681816521 0
0.03708342792651664 -0.6438210227273813 0
0.03708342792651674 -0.6388494318182927 0
0.03277790390202227 -0.641335227272837 0
0.04138895195101119 -0.6363636363637484 0
0.03708342792651682 -0.6338778409092041 0
0.04569447597550555 -0.6388494318182929 0
0.04569447597550564 -0.6338778409092042 0
0.03708342792651691 -0.6289062500001155 0
0.03277790390202246 -0.6313920454546598 0
0.03708342792651656 -0.2659801136362384 0
0.03708342792651648 -0.2610085227271499 0
0.032777903902022 -0.2634943181816942 0
0.04138895195101096 -0.2585227272726056 0
0.03708342792651639 -0.2560369318180614 0
0.04569447597550552 -0.2610085227271498 0
0.03277790390202183 -0.2535511363635172 0
-0.002761949290344715 -0.5941051136364844 0
0.001513213712861636 -0.5916193181819385 0
-0.007037112293551065 -0.5965909090910304 0
-0.002761794316518262 -0.599076704545573 0
0.001513523660514542 -0.6015625000001157 0
0.04536636874685611 -0.1113388352278584 0
0.04536636874685611 -0.116310426136947 0
0.04536636874685611 -0.1063672443187697 0
0.04073273749371221 -0.1083310795466796 0
0.04536636874685611 -0.1013956534096811 0
0.03609910624056832 -0.1053233238655009 0
0.03609910624056832 -0.1102949147745896 0
-0.04569447597549331 -0.3455255681816618 0
-0.04569447597549331 -0.3405539772725733 0
-0.04569447597549331 -0.3504971590907503 0
-0.04138895195098662 -0.3480113636362029 0
-0.04569447597549331 -0.3554687499998388 0
-0.03708342792647992 -0.350497159090744 0
-0.03708342792647992 -0.3455255681816555 0
0.04569447597550555 -0.5742187500001414 0
0.04138895195101107 -0.5767045454546855 0
0.04569447597550552 -0.5791903409092299 0
0.03708342792651662 -0.5742187500001412 0
0.03708342792651659 -0.5791903409092298 0
0.03708342792651664 -0.5692471590910526 0
0.03277790390202216 -0.5717329545455969 0
0.03277790390202211 -0.5816761363637741 0
0.03708342792651656 -0.5841619318183184 0
0.04569447597550555 -0.3156960227271241 0
0.04138895195101105 -0.3181818181816684 0
0.04569447597550551 -0.3206676136362127 0
0.0370834279265166 -0.3156960227271241 0
0.03708342792651656 -0.3206676136362127 0
0.03708342792651664 -0.3107244318180355 0
0.03277790390202214 -0.3132102272725798 0
0.03277790390202206 -0.323153409090757 0
0.03708342792651652 -0.3256392045453013 0
-0.002761321673762934 -0.6239346590910158 0
-0.007036347660853129 -0.6264204545455616 0
-0.002761274776926114 -0.6289062500001041 0
-0.01131142054478014 -0.6239346590910191 0
-0.01131137364794332 -0.6289062500001075 0
-0.01131146744161696 -0.6189630681819307 0
-0.0113113267511065 -0.6338778409091961 0
0.04596326360057564 -0.1566007043449529 0
0.04175255017299681 -0.1590191827837298 0
0.04578928657242116 -0.1615093875296111 0
0.03771581377357244 -0.1565289780378485 0
0.03754183674541797 -0.1614376612225067 0
0.03788979080172693 -0.1516202948531903 0
0.03367907737414808 -0.1540387732919672 0
0.03333112331783912 -0.1638561396612836 0
0.03736785971726349 -0.1663463444071649 0
0.04562857753031723 -0.0720722725672413 0
0.04562857753031723 -0.07704386347632988 0
0.04562857753031723 -0.06710068165815272 0
0.04125715506063446 -0.06957068149815412 0
0.04562857753031723 -0.06212909074906414 0
0.03688573259095169 -0.06706909042906695 0
0.03688573259095169 -0.07204068133815553 0
-0.04569447597549434 -0.3604403409089277 0
-0.04138895195098764 -0.3579545454543803 0
-0.03708342792648196 -0.3604403409089219 0
-0.03708342792648094 -0.3554687499998329 0
-0.03708342792648298 -0.3654119318180108 0
0.03708342792651659 -0.6040482954546729 0
0.03708342792651658 -0.5990767045455843 0
0.03277790390202211 -0.6015625000001286 0
0.04138895195101105 -0.59659090909104 0
0.03708342792651657 -0.5941051136364957 0
0.04569447597550554 -0.5990767045455843 0
0.04569447597550552 -0.5941051136364957 0
0.03708342792651656 -0.589133522727407 0
0.03277790390202209 -0.5916193181819513 0
0.04569447597550551 -0.3306107954543898 0
0.04569447597550551 -0.3355823863634784 0
0.04569447597550551 -0.3256392045453013 0
0.04138895195101101 -0.3281249999998456 0
0.03708342792651652 -0.3306107954543899 0
-0.04569447597549468 -0.5791903409092343 0
-0.04139194488993012 -0.5767045454546887 0
-0.03708642086542479 -0.5791903409092318 0
-0.03708941380436555 -0.5742187500001433 0
-0.03708342792648403 -0.5841619318183203 0
-0.04569447597549235 -0.2808948863635108 0
-0.04138895195098434 -0.2784090909089628 0
-0.04569447597549199 -0.2759232954544225 0
-0.0370834279264767 -0.2808948863635032 0
-0.03708342792647634 -0.2759232954544149 0
-0.03708342792647706 -0.2858664772725916 0
-0.03708342792647597 -0.2709517045453265 0
0.04579685426549572 -0.1913491795994431 0
0.04579685426549572 -0.1963207705085317 0
0.04579685426549572 -0.1863775886903545 0
0.04159370853099143 -0.188806313744432 0
0.04579685426549572 -0.181405997781266 0
0.03739056279648714 -0.186263447889421 0
0.03739056279648714 -0.1912350387985096 0
0.04596326360057564 -0.1516291134358644 0
0.04596326360057564 -0.1466575225267757 0
0.04192652720115128 -0.149138908689983 0
0.04596326360057564 -0.1416859316176872 0
0.03788979080172693 -0.1466487039441017 0
-0.01125028377943102 -0.2908380681816588 0
-0.006944759754923114 -0.2883522727271112 0
-0.01125028377943043 -0.2858664772725703 0
-0.002639235730415203 -0.2858664772725636 0
-0.01125028377942984 -0.2808948863634818 0
0.03708342792651664 -0.2262073863635299 0
0.03714025023197098 -0.221232329079291 0
0.03283472620747653 -0.2237181245338353 0
0.04144577425646544 -0.2187465336247467 0
0.03719707253742532 -0.2162572717950522 0
0.04569447597550555 -0.2212357954544413 0
0.04575129828095989 -0.2162607381702024 0
0.03725389484287966 -0.2112822145108133 0
0.03294837081838521 -0.2137680099653576 0
-0.04569447597549199 -0.2659801136362456 0
-0.04569447597549199 -0.2610085227271571 0
-0.04569447597549199 -0.270951704545334 0
-0.04138895195098398 -0.268465909090786 0
-0.03708342792647597 -0.2659801136362381 0
0.04569447597550555 -0.6537642045455585 0
0.0414713246983968 -0.6563235509685376 0
0.04577684872289124 -0.6588093464230819 0
0.03716580067390234 -0.6538377555139933 0
0.03724817342128803 -0.6588828973915166 0
0.03708342792651664 -0.6487926136364699 0
0.03286027664940788 -0.651351960059449 0
0.03302502214417927 -0.6614422438144958 0
0.03733054616867373 -0.6639280392690401 0
0.04569447597550554 -0.350497159090744 0
0.04569447597550554 -0.3455255681816555 0
0.04138895195101106 -0.3480113636361998 0
0.04569447597550554 -0.3405539772725669 0
0.03708342792651659 -0.3455255681816555 0
-0.03708342792647683 -0.6686789772728248 0
-0.03708342792648993 -0.6736505681819142 0
-0.03277790390198221 -0.6711647727273689 0
-0.04138895195099766 -0.6761363636364595 0
-0.03708342792650303 -0.6786221590910035 0
-0.04569447597549228 -0.6736505681819154 0
-0.0327779039020084 -0.6811079545455476 0
0.03708342792651657 -0.340553977272567 0
0.03277790390202209 -0.3430397727271112 0
0.04138895195101104 -0.3380681818180227 0
0.03708342792651655 -0.3355823863634784 0
0.03277790390202204 -0.3330965909089342 0
-0.01125028377942682 -0.2610085227271277 0
-0.006944759754918279 -0.2585227272725801 0
-0.01125028377942589 -0.2560369318180392 0
-0.002639235730410668 -0.2610085227271209 0
-0.002639235730409739 -0.2560369318180324 0
-0.002639235730411598 -0.2659801136362095 0
0.001666288294096943 -0.2634943181816619 0
0.001666288294098801 -0.2535511363634848 0
-0.00263923573040881 -0.2510653409089438 0
0.04154815254645561 -0.1988030995879257 0
0.04575129828095989 -0.2013459654429368 0
0.03734500681195133 -0.1962602337329146 0
0.0372994508274155 -0.2012854286673197 0
0.03314186107744704 -0.1937173678779036 0
0.03305074910837538 -0.2037677577467136 0
0.03725389484287966 -0.2063106236017248 0
-0.04569447597549228 -0.6637073863637384 0
-0.04569447597549228 -0.65873579545465 0
-0.04569447597549228 -0.668678977272827 0
-0.04138895195098456 -0.6661931818182816 0
-0.03708342792647683 -0.6637073863637362 0
-0.04558067940515005 -0.7033984521606711 0
-0.04558067940515005 -0.7083700430697595 0
-0.0411613588103001 -0.7058025861394389 0
-0.04558067940515005 -0.7133416339788481 0
-0.03674203821545015 -0.7082067201182068 0
0.04578928657242116 -0.1714525693477882 0
0.04578928657242116 -0.1764241602568767 0
0.04578928657242116 -0.1664809784386996 0
0.04157857314484233 -0.1688994568774765 0
0.03736785971726349 -0.1713179353162534 0
0.03738299510341259 -0.1812816103650318 0
0.0331798493689083 -0.1837103354191093 0
0.04158614083791688 -0.1788528853109543 0
0.03737542741033804 -0.1762997728406426 0
0.03316471398275919 -0.1737466603703309 0
-0.01125028377942532 -0.2510653409089507 0
-0.006944759754916772 -0.248579545454403 0
-0.01125028377942474 -0.2460937499998622 0
-0.002639235730408232 -0.2460937499998553 0
-0.01125028377942416 -0.2411221590907737 0
-0.0112502837794212 -0.2212357954544196 0
-0.006944759754912026 -0.2187499999998719 0
-0.01125028377942028 -0.2162642045453311 0
-0.002639235730403773 -0.2212357954544129 0
-0.002639235730402854 -0.2162642045453243 0
-0.002639235730404691 -0.2262073863635014 0
0.00166628829410448 -0.2237215909089537 0
0.001666288294106317 -0.2137784090907766 0
-0.002639235730401936 -0.2112926136362357 0
0.04569447597550552 -0.270951704545327 0
0.04569447597550552 -0.2759232954544156 0
0.04569447597550552 -0.2659801136362384 0
0.04138895195101104 -0.2684659090907827 0
0.03708342792651656 -0.270951704545327 0
-0.03708342792647918 -0.3306107954543883 0
-0.03708342792647942 -0.3355823863634774 0
-0.04138895195098637 -0.3380681818180253 0
-0.03708342792647967 -0.3405539772725664 0
-0.04569447597549306 -0.3355823863634843 0
0.04552925468182045 -0.8281907386172827 0
0.04552925468182045 -0.8331623295263713 0
0.04552925468182045 -0.823219147708194 0
0.0410585093636409 -0.8261257954163626 0
0.04552925468182045 -0.8182475567991055 0
0.03658776404546134 -0.8240608522154425 0
0.03658776404546134 -0.8290324431245311 0
0.04569447597550555 -0.5692471590910528 0
0.04569447597550555 -0.5642755681819642 0
0.0413889519510111 -0.5667613636365085 0
0.04569447597550555 -0.5593039772728757 0
0.03708342792651664 -0.5642755681819641 0
0.04569447597550555 -0.50958806818199 0
0.04569447597550555 -0.5145596590910786 0
0.04569447597550555 -0.5046164772729014 0
0.0413889519510111 -0.5071022727274457 0
0.04569447597550555 -0.4996448863638129 0
0.03708342792651664 -0.5046164772729014 0
0.03708342792651664 -0.50958806818199 0
0.03708342792651664 -0.3057528409089469 0
0.03708342792651668 -0.3007812499998583 0
0.03277790390202222 -0.3032670454544026 0
0.04138895195101112 -0.298295454545314 0
0.0370834279265167 -0.2958096590907698 0
0.04569447597550555 -0.3007812499998583 0
0.04569447597550558 -0.2958096590907698 0
0.03708342792651673 -0.2908380681816812 0
0.03277790390202227 -0.2933238636362255 0
0.04575129828095989 -0.2112891472611139 0
0.04575129828095989 -0.2063175563520254 0
0.04150259656191978 -0.2087998854314194 0
-0.01125028377942887 -0.2759232954543933 0
-0.01125028377942818 -0.2709517045453047 0
-0.00694475975491989 -0.2684659090907571 0
-0.0112502837794275 -0.2659801136362162 0
-0.00263923573041228 -0.270951704545298 0
0.04555287471476931 -0.6891831690440362 0
0.04555287471476931 -0.6941547599531247 0
0.04555287471476931 -0.6842115781349476 0
0.0411057494295386 -0.6873152017243493 0
0.04555287471476931 -0.679239987225859 0
0.0366586241443079 -0.6854472344046627 0
0.0366586241443079 -0.6904188253137512 0
0.04569447597550555 -0.6487926136364699 0
0.04569447597550555 -0.6438210227273814 0
0.0413889519510111 -0.6463068181819256 0
0.04569447597550555 -0.3107244318180355 0
0.04569447597550555 -0.3057528409089469 0
0.0413889519510111 -0.3082386363634912 0
0.04569447597550555 -0.2311789772726184 0
0.04569447597550555 -0.2262073863635299 0
0.0413889519510111 -0.2286931818180742 0
-0.03708342792647509 -0.2510653409089723 0
-0.03708342792647538 -0.2560369318180609 0
-0.04138895195098369 -0.258522727272609 0
-0.03708342792647568 -0.2610085227271495 0
-0.0456944759754917 -0.2560369318180685 0
-0.01125028377940506 -0.2112926136362384 0
-0.006944759754895891 -0.2088068181816907 0
-0.01125028377938984 -0.2063210227271456 0
-0.002639235730386719 -0.206321022727143 0
-0.01125028377937463 -0.2013494318180529 0
0.04569447597550552 -0.5891335227274072 0
0.04569447597550552 -0.5841619318183185 0
0.04138895195101104 -0.5866477272728627 0
-0.04569447597549349 -0.6189630681819422 0
-0.04138895195099886 -0.6164772727273982 0
-0.03708342792649234 -0.6189630681819414 0
-0.03708342792650424 -0.6139914772728541 0
-0.03708342792648045 -0.6239346590910284 0
-0.006944759754915236 -0.238636363636226 0
-0.0112502837794232 -0.2361505681816852 0
-0.002639235730407274 -0.2411221590907668 0
-0.002639235730406316 -0.2361505681816783 0
0.001666288294100688 -0.2436079545453077 0
0.001666288294102604 -0.2336647727271307 0
-0.002639235730405358 -0.2311789772725898 0
-0.01125028377942253 -0.2311789772725967 0
-0.006944759754913612 -0.228693181818049 0
-0.01125028377942186 -0.2262073863635082 0
-0.04569447597549468 -0.5841619318183227 0
-0.04569447597549468 -0.5891335227274113 0
-0.04138895195098936 -0.5866477272728657 0
-0.006944759754921547 -0.2784090909089342 0
-0.002639235730414229 -0.2808948863634751 0
-0.002639235730413254 -0.2759232954543866 0
0.001666288294093089 -0.283380681818016 0
0.001666288294095038 -0.273437499999839 0
-0.04585218961515926 -0.126775568181772 0
-0.04585218961515926 -0.1218039772726835 0
-0.04585218961515926 -0.1317471590908605 0
-0.04170437923031852 -0.1292613636363162 0
-0.04585218961515926 -0.136718749999949 0
-0.03755656884547778 -0.1317471590908605 0
-0.03755656884547778 -0.126775568181772 0
-0.04138895195099766 -0.6562500000001059 0
-0.03708342792648994 -0.6587357954546489 0
-0.03708342792650304 -0.6537642045455617 0
-0.002761258025159331 -0.6487926136364576 0
-0.002814885101214849 -0.6537346646980535 0
0.00146013542121573 -0.6512488692435074 0
-0.007089905623645429 -0.6562204601525996 0
-0.002868512177270368 -0.6586767157596496 0
-0.01131129907002049 -0.6537642045455497 0
-0.01136492614607601 -0.6587062556071457 0
-0.002922139253325887 -0.6636187668212457 0
0.001352881269104694 -0.6611329713666996 0
-0.04578614938096499 -0.08716162390502263 0
-0.04578614938096499 -0.08219003299593414 0
-0.04578614938096499 -0.0921332148141111 0
-0.04157229876192999 -0.08980620235552539 0
-0.04578614938096499 -0.09710480572319957 0
-0.03735844814289499 -0.09245078080602814 0
-0.03735844814289499 -0.08747918989693967 0
-0.04569447597549108 -0.2063210227271837 0
-0.04569447597549108 -0.2013494318180952 0
-0.04569447597549108 -0.2112926136362722 0
-0.04138895195098216 -0.208806818181724 0
-0.04569447597549108 -0.2162642045453607 0
-0.03708342792647323 -0.2112926136362643 0
-0.03708342792647323 -0.2063210227271758 0
-0.0456944759754917 -0.2460937499998915 0
-0.0456944759754917 -0.241122159090803 0
-0.0456944759754917 -0.25106534090898 0
-0.0413889519509834 -0.2485795454544319 0
-0.03708342792647509 -0.2460937499998838 0
-0.04569447597549849 -0.1864346590908311 0
-0.04569447597549849 -0.1814630681817426 0
-0.04569447597549849 -0.1914062499999196 0
-0.04138895195099698 -0.1889204545453727 0
-0.04569447597549849 -0.1963778409090081 0
-0.03708342792649547 -0.1914062499999143 0
-0.03708342792649547 -0.1864346590908258 0
-0.03708342792652364 -0.1715198863635682 0
-0.03708342792651425 -0.1764914772726541 0
-0.03277790390202213 -0.1740056818181099 0
-0.04138895195100637 -0.1789772727271983 0
-0.03708342792650486 -0.18146306818174 0
-0.04569447597550788 -0.1764914772726567 0
-0.03277790390200334 -0.1839488636362816 0
-0.04569447597549434 -0.3654119318180162 0
-0.04569447597549434 -0.3703835227271047 0
-0.04138895195098866 -0.3678977272725578 0
-0.04569447597549434 -0.3753551136361932 0
-0.03708342792648298 -0.3703835227270993 0
0.04569447597550554 -0.6090198863637615 0
0.04569447597550554 -0.6139914772728501 0
0.04569447597550554 -0.6040482954546729 0
0.04138895195101106 -0.6065340909092172 0
0.03708342792651659 -0.6090198863637615 0
-0.04572578033707685 -0.1466619318181259 0
-0.04572578033707685 -0.1416903409090374 0
-0.04572578033707685 -0.1516335227272144 0
-0.04145156067415368 -0.1491477272726701 0
-0.04572578033707685 -0.1566051136363029 0
-0.03717734101123051 -0.1516335227272144 0
-0.03717734101123051 -0.1466619318181258 0
-0.04569447597550788 -0.1615767045453914 0
-0.04142025631258472 -0.1590909090908471 0
-0.0371147322880926 -0.1615767045453914 0
-0.03714603664966155 -0.1566051136363029 0
-0.03708342792652364 -0.1665482954544798 0
-0.03280920826360048 -0.1640624999999356 0
-0.03287181698673838 -0.1541193181817586 0
-0.03743015956739536 -0.136718749999949 0
-0.03328234918255461 -0.1342329545454047 0
-0.0415779699522361 -0.1392045454544932 0
-0.03730375028931293 -0.1416903409090374 0
-0.03302953062638976 -0.1441761363635816 0
0.04578598934501684 -0.7878386532853846 0
0.04578598934501684 -0.7928102441944731 0
0.04578598934501684 -0.7828670623762961 0
0.04157197869003368 -0.7851943520252749 0
0.04578598934501684 -0.7778954714672075 0
0.03735796803505051 -0.7825500507651653 0
0.03735796803505051 -0.7875216416742539 0
0.04562898443870217 -0.7484282615040954 0
0.04562898443870217 -0.7434566705950068 0
0.04125796887740434 -0.746146295735405 0
-0.04138895195098306 -0.2386363636362551 0
-0.04569447597549137 -0.2361505681817147 0
-0.03708342792647476 -0.2411221590907954 0
-0.03708342792647441 -0.236150568181707 0
-0.03708342792647408 -0.2311789772726187 0
-0.04569447597550788 -0.1665482954544798 0
-0.04569447597550788 -0.1715198863635682 0
-0.04138895195101576 -0.169034090909024 0
-0.04569447597549235 -0.2858664772725993 0
-0.04569447597549235 -0.2908380681816879 0
-0.04138895195098471 -0.2883522727271398 0
-0.04569447597549235 -0.2958096590907764 0
-0.03708342792647706 -0.2908380681816801 0
0.04569447597550558 -0.2908380681816812 0
0.04569447597550558 -0.2858664772725926 0
0.04138895195101115 -0.2883522727271369 0
0.04569447597550558 -0.2808948863635041 0
0.03708342792651673 -0.2858664772725927 0
-0.04569447597549306 -0.3256392045453074 0
-0.04569447597549306 -0.3206676136362189 0
-0.04569447597549306 -0.3306107954543958 0
-0.04138895195098612 -0.3281249999998478 0
-0.03708342792647918 -0.3256392045452999 0
0.0413889519510111 -0.2784090909089598 0
0.03708342792651662 -0.2759232954544156 0
0.03708342792651667 -0.2808948863635041 0
0.03277790390202213 -0.2734374999998713 0
0.03277790390202225 -0.2833806818180484 0
-0.04174092498287545 -0.119344645650799 0
-0.04588873536771619 -0.1168588501962547 0
-0.0375931145980347 -0.1218304411053432 0
-0.03762966035059163 -0.1168853140289145 0
-0.03344530421319396 -0.1243162365598875 0
-0.03351839571830782 -0.11442598240703 0
-0.03766620610314857 -0.1119401869524858 0
-0.04138895195098957 -0.1988636363635484 0
-0.03708342792648064 -0.2013494318180886 0
-0.03708342792648806 -0.1963778409090015 0
-0.04569447597549137 -0.2262073863635377 0
-0.04569447597549137 -0.2212357954544492 0
-0.04569447597549137 -0.2311789772726262 0
-0.04138895195098272 -0.2286931818180782 0
-0.03708342792647408 -0.2262073863635302 0
-0.002761271955149322 -0.6338778409091925 0
0.001513754031940873 -0.6313920454546466 0
-0.007036297942239517 -0.6363636363637384 0
-0.00276126913337253 -0.6388494318182808 0
-0.01131132392932971 -0.6388494318182844 0
-0.002761266311595738 -0.6438210227273691 0
0.001513759675494457 -0.6413352272728232 0
-0.007036286834026318 -0.6463068181819152 0
-0.01131131564289331 -0.6438210227273728 0
-0.0113113073564569 -0.6487926136364612 0
-0.03746103412964617 -0.09729005255181786 0
-0.03324718351061117 -0.09496304009323214 0
-0.04167488474868118 -0.09961706501040357 0
-0.03756362011639737 -0.1021293242976076 0
-0.04588873536771619 -0.1019440774689893 0
-0.03766620610314857 -0.1069685960433973 0
-0.03345235548411356 -0.1046415835848116 0
-0.04588873536771619 -0.1069156683780778 0
-0.04588873536771619 -0.1118872592871663 0
-0.04177747073543238 -0.1094279276652818 0
-0.03708342792647351 -0.2162642045453529 0
-0.04138895195098244 -0.2187499999999011 0
-0.0370834279264738 -0.2212357954544416 0
-0.04569447597549199 -0.5443892045456137 0
-0.04569447597549199 -0.5493607954547022 0
-0.04138895195098398 -0.5468750000001555 0
-0.04569447597549349 -0.6239346590910306 0
-0.04569447597549349 -0.6289062500001191 0
-0.04138895195098697 -0.6264204545455738 0
-0.04535823501665122 -0.7637068159482518 0
-0.04535823501665122 -0.7587352250391634 0
-0.04535823501665122 -0.7686784068573403 0
-0.04071647003330244 -0.7667602228055387 0
-0.04535823501665122 -0.7736499977664288 0
-0.03607470504995366 -0.7698136296628255 0
-0.03607470504995366 -0.7648420387537371 0
-0.0456278572451753 -0.8029281743667668 0
-0.0456278572451753 -0.7979565834576783 0
-0.0456278572451753 -0.8078997652758553 0
-0.04125571449035061 -0.8054302123698608 0
-0.0456278572451753 -0.8128713561849437 0
-0.03688357173552591 -0.8079322503729548 0
-0.03688357173552591 -0.8029606594638663 0
-0.002761357961674477 -0.6139914772728388 0
0.001513696778296767 -0.6115056818182928 0
-0.007036412701645721 -0.6164772727273847 0
-0.002761339817718706 -0.6189630681819273 0
0.001513733066208309 -0.6214488636364698 0
0.0374172438619578 -0.777765011618663 0
0.03320323320697464 -0.780092301267642 0
0.04163125451694097 -0.775437721969684 0
0.03747651968886509 -0.7729799724721607 0
0.04584526517192413 -0.7731104323207051 0
0.03753579551577238 -0.7681949333256582 0
0.03332178486078922 -0.7705222229746371 0
-0.04569447597549264 -0.3057528409089535 0
-0.04569447597549264 -0.300781249999865 0
-0.04569447597549264 -0.310724431818042 0
-0.04138895195098527 -0.308238636363494 0
-0.04569447597549264 -0.3156960227271305 0
-0.0370834279264779 -0.3107244318180346 0
-0.0370834279264779 -0.3057528409089461 0
0.04577684872289124 -0.6687525282412591 0
0.04577684872289124 -0.6737241191503477 0
0.04577684872289124 -0.6637809373321705 0
0.04155369744578249 -0.6663402837551495 0
0.03733054616867373 -0.6688996301781287 0
-0.03708342792647734 -0.2958096590907688 0
-0.04138895195098499 -0.2982954545453169 0
-0.03708342792647763 -0.3007812499998574 0
-0.0413889519509857 -0.318181818181671 0
-0.03708342792647875 -0.3206676136362114 0
-0.03708342792647833 -0.315696022727123 0
0.04569447597550564 -0.6289062500001157 0
0.04569447597550564 -0.6239346590910271 0
0.04138895195101128 -0.6264204545455713 0
0.04569447597550564 -0.6189630681819386 0
0.03708342792651691 -0.6239346590910269 0
0.04584526517192413 -0.7681388414116166 0
0.04584526517192413 -0.763167250502528 0
0.04169053034384826 -0.7656810919140931 0
0.03688259815242985 -0.6799313663291513 0
0.03243547286719915 -0.6830349899185532 0
0.04132972343766055 -0.6768277427397495 0
0.03710657216055178 -0.67441549825364 0
0.03288342088344303 -0.6720032537675305 0
0.04138895195101117 -0.6164772727273943 0
0.0370834279265167 -0.61399147727285 0
0.03708342792651681 -0.6189630681819385 0
0.03277790390202223 -0.6115056818183057 0
0.03277790390202245 -0.6214488636364826 0
-0.01988643488854181 -0.5294744318183241 0
-0.01987484886080768 -0.5245028409092318 0
-0.02418230388993627 -0.526988636363781 0
0.04077176467517352 -0.7954256259882573 0
0.04498577533015667 -0.7980699272483669 0
0.03655775402019035 -0.7927813247281477 0
0.03575754000533019 -0.7980410077820415 0
0.03234374336520719 -0.790137023468038 0
0.03074331533548686 -0.8006563895758254 0
0.03495732599047002 -0.8033006908359351 0
-0.01125028377944152 -0.4449573863635396 0
-0.01125028377944155 -0.4399857954544334 0
-0.01125028377944148 -0.4499289772726457 0
-0.006944759754938836 -0.4474431818180891 0
-0.002639235730436196 -0.4449573863635324 0
0.03604428469379757 -0.8187979953919695 0
0.04051503001197712 -0.815891347683801 0
0.03550080534213379 -0.8135351385684966 0
0.04498577533015667 -0.8129846999756327 0
0.03495732599047002 -0.8082722817450236 0
0.04498577533015667 -0.8080131090665441 0
0.04498577533015667 -0.8030415181574555 0
0.03997155066031335 -0.8056568999512397 0
0.04569447597550556 -0.4897017045456358 0
0.04569447597550556 -0.4946732954547244 0
0.04569447597550556 -0.4847301136365473 0
0.04138895195101111 -0.4872159090910915 0
0.04569447597550556 -0.4797585227274587 0
0.03708342792651666 -0.4847301136365473 0
0.03708342792651666 -0.4897017045456358 0
0.03708342792651665 -0.4996448863638128 0
0.03277790390202219 -0.5021306818183571 0
0.04138895195101111 -0.4971590909092686 0
0.03708342792651666 -0.4946732954547243 0
0.0327779039020222 -0.4921875000001801 0
-0.04569447597549364 -0.3852982954543726 0
-0.04569447597549364 -0.3803267045452841 0
-0.04569447597549364 -0.390269886363461 0
-0.04138895195098728 -0.3877840909089166 0
-0.04569447597549364 -0.3952414772725496 0
-0.03708342792648091 -0.3902698863634606 0
-0.03708342792648091 -0.3852982954543721 0
-0.0370834279264823 -0.3753551136361902 0
-0.04138895195098798 -0.3778409090907372 0
-0.0370834279264816 -0.3803267045452812 0
-0.006944759754936195 -0.4374999999998846 0
-0.002639235730433517 -0.4399857954544341 0
-0.002639235730430839 -0.4350142045453358 0
0.00166628829406916 -0.4424715909089836 0
0.001666288294074518 -0.4325284090907869 0
0.04569447597550555 -0.4698153409092816 0
0.04569447597550555 -0.4747869318183701 0
0.04569447597550555 -0.464843750000193 0
0.0413889519510111 -0.4673295454547373 0
0.03708342792651664 -0.4698153409092815 0
-0.04569447597549371 -0.40518465909073 0
-0.04569447597549371 -0.4002130681816415 0
-0.04569447597549371 -0.4101562499998184 0
-0.04138895195098742 -0.4076704545452773 0
-0.03708342792648113 -0.4051846590907363 0
0.04138895195101111 -0.4772727272729144 0
0.03708342792651665 -0.4747869318183701 0
0.03708342792651666 -0.4797585227274587 0
0.03277790390202219 -0.4723011363638258 0
0.0327779039020222 -0.482244318182003 0
-0.04138895195098735 -0.397727272727097 0
-0.03708342792648106 -0.4002130681816444 0
-0.03708342792648099 -0.3952414772725524 0
-0.02002575575709939 -0.6734621039549051 0
-0.02427647180540239 -0.6760107208184527 0
-0.02002575575711248 -0.6784336948639946 0
-0.0285271878536923 -0.6735877467729108 0
-0.02852718785370539 -0.6785593376820002 0
-0.0285271878536792 -0.6686161558638213 0
-0.02852718785371849 -0.6835309285910895 0
-0.01993139569892018 -0.6636445649547296 0
-0.01563349962154067 -0.6611587695001837 0
-0.02422929177629969 -0.6661303604092754 0
-0.01997857572800978 -0.6685533344548173 0
-0.01572785967971987 -0.6709763085003593 0
-0.007190712728790551 -0.6660712807142835 0
-0.002969319282415489 -0.6685275363213334 0
-0.01141210617516561 -0.6636150251072336 0
-0.01145928620425521 -0.6685237946073215 0
-0.01150646623334482 -0.6734325641074093 0
-0.007119654463524859 -0.1988228717917531 0
-0.01142517848801881 -0.196337076337208 0
-0.002814130439030904 -0.2013086672462982 0
-0.00298902514767509 -0.1962963117654533 0
0.001491393585463049 -0.2037944627008432 0
0.001141604168174678 -0.1937697517391536 0
-0.003163919856319276 -0.1912839562846085 0
-0.02429623592018989 -0.1889418861287456 0
-0.02860175994472123 -0.1864560906742105 0
-0.01999071189565855 -0.1914276815832807 0
-0.02012009196291717 -0.1864775222575886 0
-0.0156851878711272 -0.1939134770378158 0
-0.01594394800564445 -0.1840131583864317 0
-0.02024947203017579 -0.1815273629318966 0
-0.02860175994474002 -0.1765129088560388 0
-0.02860175994474941 -0.1715413179469529 0
-0.02860175994473062 -0.1814844997651246 0
-0.0244256159874579 -0.1790201358939676 0
-0.02024947203018519 -0.1765557720228107 0
-0.01155455855527744 -0.191386917011516 0
-0.007423929239427666 -0.1888603569852162 0
-0.01168393862253606 -0.186436757685824 0
-0.003293299923577898 -0.1863337969589165 0
-0.01181331868979468 -0.1814865983601319 0
-0.0287192772969747 -0.1567744677083818 0
-0.02875058165854365 -0.1518028767992932 0
-0.02868797293540575 -0.1617460586174702 0
-0.02456673760721102 -0.1594296172350049 0
-0.02865666857383679 -0.1667176495265587 0
-0.02041419791744734 -0.162084766761628 0
-0.02044550227901629 -0.1571131758525395 0
0.02885474588759307 -0.1607720400662982 0
0.0286807688594386 -0.1656807232509564 0
0.02902872291574755 -0.15586335688164 0
0.02437836845734703 -0.1576879404713128 0
0.02920269994390204 -0.1509546736969818 0
0.01990199102710099 -0.1546038408763274 0
0.0197280139989465 -0.1595125240609856 0
-0.02035928928835995 -0.1669084351820222 0
-0.01623805396016523 -0.1645919937995569 0
-0.02448052461655468 -0.1692248765644875 0
-0.02030438065927257 -0.1717321036024164 0
-0.01612823670199046 -0.1742393306403454 0
0.02846813661780222 -0.7773941935774873 0
0.02840886079089493 -0.7821792327239896 0
0.02852741244470951 -0.772609154430985 0
0.0237330400286298 -0.7746960858873326 0
0.0285866882716168 -0.7678241152844826 0
0.01899794343945738 -0.7719979781971781 0
0.01893866761255009 -0.7767830173436805 0
-0.0285189590250277 -0.09768027227528923 0
-0.02841637303827651 -0.09284100052949952 0
-0.02862154501177889 -0.1025195440210789 0
-0.02379073453944422 -0.1003975044573463 0
-0.02872413099853008 -0.1073588157668686 0
-0.01906251005386074 -0.1031147366394034 0
-0.01895992406710955 -0.0982754648936137 0
-0.04498570823291451 -0.06698856465804746 0
-0.04498570823291451 -0.06201697374895802 0
-0.04498570823291451 -0.0719601555671369 0
-0.03997141646582901 -0.06934644749793187 0
-0.04498570823291451 -0.07693174647622635 0
-0.03495712469874351 -0.07170433033781629 0
-0.03495712469874351 -0.06673273942872684 0
-0.0407718576138795 -0.07957632492672911 0
-0.0365580069948445 -0.08222090337723187 0
-0.035757565846794 -0.07696261685752408 0
-0.03234415637580949 -0.08486548182773464 0
-0.03074327407970851 -0.07434890878831904 0
-0.04552925600924764 -0.04681019373125735 0
-0.04552925600924764 -0.04183860282216779 0
-0.04552925600924764 -0.05178178464034692 0
-0.04105851201849528 -0.04887606928070978 0
-0.04552925600924764 -0.05675337554943648 0
-0.03658776802774291 -0.05094194483016221 0
-0.03658776802774291 -0.04597035392107265 0
-0.0454732090155493 -0.8422169128278485 0
-0.0454732090155493 -0.8372453219187601 0
-0.0454732090155493 -0.847188503736937 0
-0.04094641803109859 -0.8442349620193164 0
-0.0454732090155493 -0.8521600946460255 0
-0.03641962704664788 -0.8462530112107841 0
-0.03641962704664788 -0.8412814203016956 0
0.04547383380148751 -0.03278343859767759 0
0.04547383380148751 -0.0377550295067662 0
0.04547383380148751 -0.02781184768858899 0
0.040947667602975 -0.03076574083173515 0
0.04547383380148751 -0.02284025677950038 0
0.03642150140446249 -0.02874804306579272 0
0.03642150140446249 -0.03371963397488133 0
-0.03604422025140978 -0.05620554302968375 0
-0.04051496424216215 -0.05911125838932089 0
-0.03550067247507665 -0.0614691412292053 0
-0.01990514920384824 -0.6833627487239629 0
-0.01565443315554524 -0.6808141318604154 0
-0.02415586525215124 -0.6859113655875104 0
-0.01978454265058399 -0.6882918025839313 0
-0.02840658130045424 -0.688459982451058 0
-0.01966393609731974 -0.6932208564438997 0
-0.01541322004901674 -0.6906722395803522 0
-0.02413186483029356 -0.1490927612006799 0
-0.02828440452005725 -0.1464376116740568 0
-0.01997932514052988 -0.1517479107273031 0
-0.01951314800204346 -0.1463826456020667 0
-0.01582678545076619 -0.1544030602539262 0
-0.01489443117379337 -0.1436725300034534 0
-0.01904697086355706 -0.1410173804768302 0
-0.02829278473009891 -0.6933499118843702 0
-0.02817898815974359 -0.6982398413176825 0
-0.02392146212853167 -0.6957303488807911 0
-0.02853722307622209 -0.1364944298558799 0
-0.02866363235430452 -0.1315228389467914 0
-0.02841081379813967 -0.1414660207649683 0
-0.02379209696988958 -0.1387559051663551 0
-0.01917338014163948 -0.1360457895677418 0
0.02830471202465685 -0.116695948827519 0
0.03207914325054914 -0.1128184397664969 0
0.02453028079876455 -0.1205734578885412 0
0.02891838028778156 -0.1222272295006051 0
0.02075584957287225 -0.1244509669495633 0
0.02953204855090627 -0.1277585101736912 0
0.03330647977679857 -0.123881001112669 0
0.02760675843644284 -0.7394765635710443 0
0.02804768575936634 -0.7449462973889505 0
0.02716583111351933 -0.734006829753138 0
0.0231385064410005 -0.737868905852882 0
0.02672490379059583 -0.7285370959352317 0
0.01867025444555816 -0.7362612481347197 0
0.01911118176848167 -0.7417309819526259 0
0.02764306142284189 -0.710982054963023 0
0.02999846868061091 -0.715522761823183 0
0.03160011615587616 -0.7109112106710379 0
-0.007280307690140164 -0.8536550342458069 0
-0.004749382652061588 -0.8580052040064032 0
-0.009811232728218738 -0.8493048644852108 0
-0.01220280452481076 -0.8538720149822446 0
-0.01459437632140277 -0.8584391654792785 0
0.007282949598438232 -0.02134710850198999 0
0.004750507098570119 -0.01699634519009463 0
0.009815392098306341 -0.02569787181388536 0
0.01220564999335271 -0.02113000692161774 0
0.01459590788839908 -0.01656214202935012 0
0.02125370452092121 -0.7278346441179391 0
0.0157825052512466 -0.7271321923006464 0
0.01722637984840238 -0.7316967202176831 0
0.01031130598157198 -0.7264297404833537 0
0.01319905517588355 -0.735558796317427 0
-0.0223792182890678 -0.870914036553929 0
-0.02737921828905289 -0.870914036553929 0
-0.0173792182890827 -0.870914036553929 0
-0.01975843657807462 -0.866828073107858 0
-0.01237921828909761 -0.870914036553929 0
-0.01713765486708144 -0.8627421096617871 0
-0.02213765486706654 -0.8627421096617871 0
0.02237965207087785 -0.004086260112244468 0
0.02737965207086294 -0.004086260112244468 0
0.01737965207089276 -0.004086260112244468 0
0.01975930414169472 -0.008172520224488935 0
0.01237965207090766 -0.004086260112244468 0
0.0171389562125116 -0.0122587803367334 0
0.02213895621249669 -0.0122587803367334 0
0.002214487249373287 -0.7423464801326641 0
0.0005812249231441058 -0.7376097397172561 0
0.003847749575602467 -0.7470832205480722 0
0.006901722199338361 -0.7431843416384001 0
0.005481011901831648 -0.7518199609634804 0
0.01158895714930343 -0.7440222031441359 0
0.009955694823074256 -0.7392854627287277 0
0.04584789273337525 -0.8477005537476466 0
0.04584789273337525 -0.8526721446567351 0
0.04584789273337525 -0.842728962838558 0
0.0416957854667505 -0.8452590620407361 0
0.04584789273337525 -0.8377573719294694 0
0.03754367820012575 -0.8428175703338255 0
0.03754367820012575 -0.8477891612429141 0
-0.04584791963104885 -0.02729979176431847 0
-0.04584791963104885 -0.02232820085522927 0
-0.04584791963104885 -0.03227138267340769 0
-0.04169583926209769 -0.02974162898318922 0
-0.04584791963104885 -0.0372429735824969 0
-0.03754375889314654 -0.03218346620205996 0
-0.03754375889314654 -0.02721187529297076 0
0.01250162621721617 -0.1803950364015668 0
0.01268140587090885 -0.1856350957550898 0
0.008836433618346958 -0.1884225490406705 0
0.01286118552460153 -0.1908751551086127 0
0.004811681712092385 -0.1859699429727282 0
0.004991461365785067 -0.1912100023262511 0
0.01304096517829421 -0.1961152144621357 0
-0.01149466606030294 -0.6830153601174433 0
-0.01161527261356718 -0.678086306257475 0
-0.01137405950703869 -0.6879444139774118 0
-0.007334898965060632 -0.6852165883744714 0
-0.01125345295377444 -0.6928734678373801 0
-0.003175131869818331 -0.6874178166314994 0
-0.003295738423082579 -0.682488762771531 0
0.04589217364193364 -0.5497032178574892 0
0.04589217364193364 -0.5546748087665778 0
0.04589217364193364 -0.5447316269484007 0
0.04178434728386728 -0.5475598448057357 0
0.03767652092580091 -0.5503880626630706 0
0.04589217364193555 -0.5291320094155494 0
0.04589217364193555 -0.5241604185064608 0
0.04178434728387109 -0.5263037915582101 0
0.04589217364193555 -0.5191888275973722 0
0.03767652092580664 -0.5234755737008707 0
0.02896964472085711 -0.1809391879622312 0
0.02896207702778255 -0.1759573504378421 0
0.02475944007280591 -0.1781680405053532 0
0.028954509334708 -0.1709755129134529 0
0.02054923542475471 -0.1753968930484751 0
-0.006729021576912783 -0.6947486831242486 0
-0.00220459020005113 -0.696623898411117 0
-0.00268986103493473 -0.6920208575213083 0
0.002319841176810524 -0.6984991136979855 0
0.001349299507043322 -0.6892930319183679 0
0.01333018472926408 -0.5443892045455898 0
0.01734246923199118 -0.5419034090910455 0
0.009317900226536977 -0.546875000000134 0
0.01328936045135277 -0.549360795454678 0
0.005305615723809874 -0.5493607954546782 0
0.01324853617344147 -0.5543323863637662 0
0.01726082067616858 -0.5518465909092221 0
0.009344934291252579 -0.5269886363637731 0
0.005346166820882196 -0.5245028409092268 0
0.01334370176162296 -0.5294744318183194 0
0.01330287748371381 -0.5245028409092278 0
0.01734246923199334 -0.5319602272728657 0
0.01726082067617505 -0.5220170454546824 0
0.01326205320580467 -0.5195312500001361 0
-0.007821817130831046 -0.1790057216483936 0
-0.01208182651393944 -0.1765821223490013 0
-0.003561807747722655 -0.1814293209477859 0
-0.003830315571867412 -0.1765248449366553 0
0.0006982016353857355 -0.1838529202471782 0
0.0001611859870962216 -0.174043968224917 0
-0.004098823396012169 -0.1716203689255247 0
0.04134640575683693 -0.1188339511288544 0
0.04598003700998082 -0.121841706810033 0
0.03671277450369304 -0.1158261954476756 0
0.03732644276681775 -0.1213574761207616 0
0.03794011102994246 -0.1268887567938478 0
0.0379065642111321 -0.1417192518637132 0
0.03386982781170775 -0.1442006380269205 0
0.04194330061055646 -0.1392378657005059 0
0.03792333762053728 -0.1367897997833248 0
0.04598003700998082 -0.1367564795372987 0
0.03794011102994246 -0.1318603477029363 0
0.0339033746305181 -0.1343417338661436 0
-0.03056004998130951 -0.7959860863730627 0
-0.0336445778761001 -0.8004748640093222 0
-0.02747552208651893 -0.7914973087368031 0
-0.03169319887670841 -0.7909982529154245 0
-0.03591087566689789 -0.7904991970940458 0
0.03056778877224126 -0.07902449976492781 0
0.03364930829695495 -0.0745264767926998 0
0.02748626924752756 -0.08352252273715582 0
0.03170278694792729 -0.08401188628855927 0
0.03591930464832702 -0.08450124983996271 0
0.007067945628762687 -0.7301564068946544 0
0.003824585275953397 -0.7338830733059553 0
0.008511820225918471 -0.7347209348116912 0
-0.009835939743418939 -0.8666110923714203 0
-0.007292661197740264 -0.8623081481889118 0
-0.01221515803241085 -0.8625251289253495 0
0.009836603746795149 -0.00838962180486119 0
0.007293555422682635 -0.01269298349747791 0
0.01221625581759711 -0.01247588191710566 0
0.0413771474151957 -0.8356924287285493 0
0.03690640209701614 -0.8336274855276292 0
0.03722504014857093 -0.8382225279307274 0
-0.04137717564029648 -0.03930884913194932 0
-0.03690643164954413 -0.04137472468140176 0
-0.03722509527134533 -0.03677909544173086 0
-0.02855234407993551 -0.758679593327146 0
-0.03218802088474745 -0.7626673884339654 0
-0.02491666727512358 -0.7546917982203265 0
-0.02930742489807808 -0.7534515361500874 0
-0.02128099047031165 -0.750704003113507 0
-0.03006250571622064 -0.7482234789730289 0
-0.03369818252103257 -0.7522112740798483 0
-0.02040615280114309 -0.1077332511275221 0
-0.02523696327347776 -0.1098552906912548 0
-0.02174979554842543 -0.1123517656156409 0
-0.03006777374581242 -0.1119773302549874 0
-0.02309343829570778 -0.1169702801037597 0
-0.03797873904429672 -0.8127174006393785 0
-0.04235088179912142 -0.815186953545373 0
-0.03907390635306753 -0.8175025509058022 0
-0.04672302455394611 -0.8176565064513674 0
-0.04016907366183835 -0.8222877011722258 0
0.03798081369725712 -0.06228400386481151 0
0.04235223616693988 -0.0598140040248101 0
0.03907589480356254 -0.05749891730055608 0
0.04672365863662266 -0.0573440041848087 0
0.04017097590986797 -0.05271383073630063 0
0.007458585167400698 -0.8265870203744397 0
0.004174048653850514 -0.8226581065058621 0
0.01074312168095088 -0.8305159342430171 0
0.01160089905098451 -0.826106813803591 0
0.01245867642101813 -0.821697693364165 0
-0.007455850528015863 -0.04842486249138007 0
-0.004170618866280427 -0.05235549841482925 0
-0.0107410821897513 -0.04449422656793089 0
-0.01159916818740556 -0.04890602371652882 0
-0.01245725418505983 -0.05331782086512675 0
-0.04219623356949541 -0.8345893283701007 0
-0.04672302455394611 -0.8325712791786329 0
-0.0376694425850447 -0.8366073775615686 0
-0.03891925812344152 -0.8319333348214415 0
-0.04016907366183835 -0.8272592920813144 0
0.04219749243811016 -0.04041153369160069 0
0.04672365863662266 -0.04242923145754314 0
0.03767132623959765 -0.03839383592565825 0
0.0389211510747328 -0.04306803787643518 0
0.04017097590986797 -0.04774223982721212 0
0.02126260300720404 -0.1502927061855948 0
0.02591295746560457 -0.148468122595922 0
0.02262321498730711 -0.1459815714948622 0
0.0305633119240051 -0.1466435390062492 0
0.02398382696741017 -0.1416704368041296 0
-0.02521301038180913 -0.1290741867947488 0
-0.02995813648814164 -0.1268127114842736 0
-0.02046788427547661 -0.131335662105224 0
-0.02176238840931373 -0.1266255346427062 0
-0.02305689254315085 -0.1219154071801885 0
-0.03747747617387663 -0.7742176091691715 0
-0.04211924115722542 -0.7761357932209731 0
-0.03888024729779961 -0.7786215886755175 0
-0.0467610061405742 -0.7780539772727748 0
-0.04028301842172259 -0.7830255681818634 0
-0.04238886338574951 -0.7954707880031342 0
-0.0467610061405742 -0.7929687500000402 0
-0.0380167206309248 -0.7979728260062282 0
-0.0391498695263237 -0.79298499254859 0
-0.04028301842172259 -0.7879971590909518 0
0.03749631319971547 -0.1008736931830467 0
0.04212994445285937 -0.09890985795513685 0
0.03889352015886263 -0.0964240625005926 0
0.04676357570600327 -0.09694602272722699 0
0.04029072711800979 -0.09197443181813844 0
0.04239215323632049 -0.07952965893087416 0
0.04676357570600327 -0.08203124999996134 0
0.03802073076663772 -0.07702806786178698 0
0.03915572894232376 -0.08201545438541843 0
0.04029072711800979 -0.08700284090904989 0
0.02767793650169612 -0.7971093931074376 0
0.02847815051655628 -0.7918497100535438 0
0.02461255766790538 -0.7935623966390497 0
0.02927836453141645 -0.7865900269996501 0
0.02154717883411465 -0.7900154001706619 0
0.03633322138050192 -0.8713407586195905 0
0.03133322138048864 -0.8713407586195905 0
0.04133322138051521 -0.8713407586195905 0
0.03766644276104372 -0.867681517239181 0
0.04633322138052851 -0.8713407586195905 0
0.03899966414158551 -0.8640222758587714 0
0.03399966414157223 -0.8640222758587714 0
-0.02767883030315248 -0.07789704429486041 0
-0.02847927145120297 -0.08315533081456822 0
-0.02461438652659645 -0.08144517980140178 0
-0.02927971259925346 -0.08841361733427601 0
-0.02154994275004041 -0.08499331530794316 0
-0.03633340547711958 -0.00365905623181171 0
-0.03133340547710629 -0.00365905623181171 0
-0.04133340547713286 -0.00365905623181171 0
-0.03766681095427903 -0.00731811246362342 0
-0.04633340547714616 -0.00365905623181171 0
-0.03900021643143846 -0.01097716869543513 0
-0.03400021643142517 -0.01097716869543513 0
0.04633322138052851 -0.8663691677105019 0
0.04633322138052851 -0.8613975768014133 0
0.04266644276105701 -0.8627099263300924 0
0.04633322138052851 -0.8564259858923248 0
0.03899966414158551 -0.859050684949683 0
-0.04633340547714616 -0.008630647140901343 0
-0.04633340547714616 -0.01360223804999098 0
-0.04266681095429231 -0.01228970337271305 0
-0.04633340547714616 -0.01857382895908061 0
-0.03900021643143846 -0.01594875960452476 0
-0.04606429290186519 -0.7229030424650673 0
-0.04606429290186519 -0.7179314515559789 0
-0.04606429290186519 -0.7278746333741558 0
-0.04212858580373038 -0.7249254031118776 0
-0.03819287870559557 -0.7219761728495993 0
0.02543516976090721 -0.5475598448057253 0
0.02948152002536523 -0.5503880626630653 0
0.0213888194964492 -0.5447316269483855 0
0.02134799521853789 -0.5497032178574737 0
0.02130717094062659 -0.5546748087665618 0
0.02138881949645327 -0.5291320094155314 0
0.02543516976091319 -0.526303791558197 0
0.02134799521854412 -0.5241604185064397 0
0.02948152002537311 -0.5234755737008626 0
0.02130717094063497 -0.5191888275973481 0
0.004543173887947628 -0.1810654669615976 0
0.00838814614050952 -0.1782780136760169 0
0.004274666063802871 -0.1761609909504669 0
0.01223311839307141 -0.1754905603904363 0
0.004006158239658114 -0.1712565149393364 0
0.03728112559294473 -0.5596463996756662 0
0.03297560156845028 -0.5621321951302105 0
0.04158664961743919 -0.5571606042211221 0
0.03747882325937282 -0.5550172311693684 0
0.03337099690130646 -0.5528738581176147 0
0.0415866496174411 -0.5167030321428279 0
0.03728112559294665 -0.5142172366882836 0
0.03747882325937664 -0.5188464051945771 0
0.03297560156845219 -0.5117314412337391 0
0.03337099690131219 -0.5209897782463263 0
0.02447813190446195 -0.1678914133184675 0
0.02000175447421591 -0.1648073137234821 0
0.02027549494948531 -0.1701021033859786 0
0.01552537704396986 -0.1617232141284967 0
0.01607285799450866 -0.1723127934534897 0
-0.003078125662637852 -0.6731812784713993 0
0.001190447812826812 -0.6707287645783615 0
-0.007346699138102516 -0.6756337923644371 0
-0.003186932042860216 -0.6778350206214652 0
0.0009728350523820847 -0.6800362488784932 0
-0.04611331583479378 -0.7435639860439278 0
-0.04611331583479378 -0.7485355769530163 0
-0.04222663166958757 -0.7463609266332446 0
-0.04611331583479378 -0.7535071678621048 0
-0.03833994750438136 -0.7491578672225614 0
0.04234257930581323 -0.6967062819416487 0
0.04678970459104393 -0.6985742492613355 0
0.03789545402058253 -0.694838314621962 0
0.03913228389685715 -0.6992578039301728 0
0.04036911377313178 -0.7036772932383837 0
-0.01149801387950277 -0.1473987700345294 0
-0.01103183674101636 -0.142033504909293 0
-0.01196419101798918 -0.1527640351597659 0
-0.008101596585212166 -0.1511250100656056 0
-0.01243036815647559 -0.1581293002850023 0
-0.004705179290921562 -0.1548512500966816 0
-0.00423900215243515 -0.1494859849714452 0
0.02111104804904091 -0.5742187500001412 0
0.02111052312409344 -0.5692471590910474 0
0.01722157117309968 -0.5717329545455916 0
0.0249994750750872 -0.5667613636365031 0
0.02110999819914597 -0.5642755681819536 0
0.02888895195102843 -0.5692471590910526 0
0.02888842702608096 -0.5642755681819588 0
0.0211094732741985 -0.5593039772728597 0
0.01722052132320474 -0.561789772727404 0
0.02888886446353665 -0.5046164772728956 0
0.02499938758759758 -0.5071022727274319 0
0.02888842702608311 -0.5095880681819819 0
0.02111034814911205 -0.5046164772728821 0
0.02110991071165851 -0.5095880681819682 0
0.02111078558656559 -0.4996448863637959 0
0.01722130871062651 -0.5021306818183322 0
0.01722043383571944 -0.5120738636365045 0
0.02110947327420497 -0.5145596590910545 0
0.01321782110415095 -0.6587282611676184 0
0.01322606413514062 -0.6636925168898844 0
0.01719891977217455 -0.6612435964696586 0
0.009253208498106692 -0.6661414373101102 0
0.01323430716613028 -0.6686567726121504 0
0.005272109830083101 -0.6636261020080698 0
0.005280352861072766 -0.6685903577303359 0
0.01324255019711995 -0.6736210283344164 0
0.01721540583415387 -0.6711721079141906 0
0.005555237814846701 -0.4499289772726612 0
0.009444189360799578 -0.4474431818181429 0
0.005555239840019359 -0.4449573863635635 0
0.0133331388815798 -0.4499289772727223 0
0.01333314090675245 -0.4449573863636246 0
0.01333313685640714 -0.45490056818182 0
0.01722208840236002 -0.4524147727273016 0
0.01722209245270533 -0.4424715909091062 0
0.01333314293192511 -0.4399857954545269 0
0.02111104075838276 -0.4549005681818866 0
0.02111104278355542 -0.4499289772727889 0
0.02499999716475083 -0.4474431818182762 0
0.02111104480872808 -0.4449573863636912 0
0.02888894952077358 -0.4499289772728612 0
0.02888895154594624 -0.4449573863637635 0
0.02111104683390074 -0.4399857954545935 0
0.005555225663814254 -0.4747869318182096 0
0.005555225663816494 -0.4698153409090707 0
0.005555225663812014 -0.4797585227273485 0
0.009444163033563172 -0.4772727272728062 0
0.005555225663809773 -0.4847301136364874 0
0.01333310040331209 -0.4797585227274028 0
0.01333310040331433 -0.4747869318182639 0
0.02888895195096755 -0.4200994318182351 0
0.02888895195097571 -0.4250710227273632 0
0.02888895195095939 -0.4151278409091069 0
0.0249999999999758 -0.4176136363636382 0
0.02888895195095123 -0.4101562499999788 0
0.02111104804898405 -0.4151278409090414 0
0.02111104804899221 -0.4200994318181695 0
0.005555237814846974 -0.4549005681817593 0
0.005555237814847247 -0.4598721590908573 0
0.009444187335627192 -0.4573863636363387 0
0.005555237814847521 -0.4648437499999555 0
0.01333313685640741 -0.459872159090918 0
0.005555240245082854 -0.2908380681816524 0
0.009444192196072725 -0.2883522727271099 0
0.005555240245081986 -0.2858664772725621 0
0.01333314414706347 -0.2908380681816578 0
0.0133331441470626 -0.2858664772725675 0
0.01333314414706433 -0.2958096590907482 0
0.0172220960980542 -0.2933238636362058 0
0.01722209609805247 -0.283380681818025 0
0.01333314414706173 -0.2808948863634771 0
0.02111104804904688 -0.2958096590907564 0
0.02111104804904601 -0.290838068181666 0
0.02500000000003782 -0.2883522727271262 0
0.02111104804904514 -0.2858664772725756 0
0.02888895195103049 -0.2908380681816768 0
0.02888895195102963 -0.2858664772725864 0
0.02111104804904428 -0.2808948863634852 0
0.00555515275756213 -0.4946732954546774 0
0.005555152757563973 -0.4897017045455838 0
0.005555152757560288 -0.4996448863637709 0
0.00944401722106749 -0.4971590909092314 0
0.005555152757558445 -0.5046164772728645 0
0.01333288168457285 -0.4996448863637855 0
0.01333288168457469 -0.494673295454692 0
0.01329483675829416 -0.5791903409092265 0
0.01329483675829518 -0.5841619318183154 0
0.01722209609804817 -0.5816761363637744 0
0.009367577418542191 -0.5866477272728565 0
0.01329483675829621 -0.5891335227274043 0
0.005440318078788174 -0.5841619318183088 0
0.0054403180787892 -0.5891335227273976 0
0.01329483675829723 -0.5941051136364931 0
0.01722209609805023 -0.591619318181952 0
0.005436022806511578 -0.5742187500001307 0
0.005433875170373281 -0.5692471590910416 0
0.005438170442649876 -0.5791903409092197 0
0.009365429782402868 -0.5767045454546786 0
0.01329268912215586 -0.5742187500001374 0
0.005440473052615653 -0.5941051136364862 0
0.005440628026442107 -0.5990767045455748 0
0.00936773239236967 -0.596590909091034 0
0.00544078300026856 -0.6040482954546634 0
0.01329499173212369 -0.5990767045455817 0
0.01329499173212457 -0.6040482954546701 0
0.01722209609805214 -0.6015625000001292 0
0.009367887366197009 -0.606534090909211 0
0.01329499173212546 -0.6090198863637585 0
0.005440783000269444 -0.6090198863637518 0
0.01329499173212634 -0.6139914772728468 0
0.0172220960980539 -0.611505681818306 0
0.005440801144225215 -0.6139914772728403 0
0.005440819288180986 -0.6189630681819288 0
0.009367905510153665 -0.6164772727273878 0
0.005440837432136758 -0.6239346590910173 0
0.01329500987608211 -0.6189630681819354 0
0.01329500987608296 -0.6239346590910235 0
0.01722209609805563 -0.6214488636364826 0
0.00936792365411028 -0.6264204545455646 0
0.0132950098760838 -0.6289062500001119 0
0.005440837432137603 -0.6289062500001056 0
0.01329500987608465 -0.6338778409092001 0
0.01722209609805733 -0.6313920454546591 0
0.005555240245077001 -0.3355823863634517 0
0.005555240245077462 -0.3306107954543624 0
0.005555240245076539 -0.3405539772725409 0
0.00944419219606899 -0.3380681818180002 0
0.005555240245076079 -0.34552556818163 0
0.01333314414706098 -0.3405539772725488 0
0.01333314414706144 -0.3355823863634596 0
0.005440840253914395 -0.6338778409091939 0
0.005440843075691187 -0.6388494318182821 0
0.009367926475887918 -0.6363636363637412 0
0.005440845897467979 -0.6438210227273704 0
0.01329501269786144 -0.6388494318182885 0
0.005555240245079771 -0.3156960227270966 0
0.005555240245080573 -0.3107244318180079 0
0.00555524024507897 -0.3206676136361854 0
0.009444192196071666 -0.3181818181816457 0
0.00555524024507817 -0.3256392045452742 0
0.01333314414706356 -0.3206676136361949 0
0.01333314414706436 -0.3156960227271062 0
0.009444192196070159 -0.3281249999998228 0
0.01333314414706215 -0.3306107954543713 0
0.01333314414706285 -0.3256392045452831 0
0.01722209609805413 -0.3330965909089199 0
0.01722209609805555 -0.3231534090907435 0
0.009444192196072169 -0.3082386363634673 0
0.005555240245080275 -0.3057528409089181 0
0.01333314414706407 -0.3107244318180164 0
0.01333314414706377 -0.3057528409089266 0
0.01722209609805597 -0.3132102272725655 0
0.01722209609805537 -0.303267045454386 0
0.01333314414706347 -0.3007812499998369 0
0.005555240245081994 -0.295809659090741 0
0.005555240245081135 -0.3007812499998296 0
0.009444192196072732 -0.2982954545452889 0
0.02888895195099344 -0.3604403409089426 0
0.02888895195097733 -0.3654119318180432 0
0.02888895195100954 -0.3554687499998419 0
0.02500000000001307 -0.3579545454543835 0
0.02888895195102565 -0.3504971590907413 0
0.02111104804903271 -0.3554687499998245 0
0.0211110480490166 -0.3604403409089252 0
0.02888895195102837 -0.5791903409092298 0
0.02888895195102834 -0.5841619318183183 0
0.0288889519510284 -0.5742187500001412 0
0.02500000000003464 -0.5767045454546855 0
0.02111104804904088 -0.5791903409092297 0
0.02904584260658425 -0.6588902325783391 0
0.02912821535396995 -0.6639353744558625 0
0.02896346985919855 -0.6538450907008158 0
0.02506666306898923 -0.6563382213421824 0
0.02888109711181286 -0.6487999488232923 0
0.0210874835313942 -0.6537862101060259 0
0.0211698562787799 -0.6588313519835493 0
0.02500000000003564 -0.586647727272863 0
0.02888895195102938 -0.5891335227274073 0
0.0211110480490419 -0.5841619318183187 0
0.02111104804904294 -0.5891335227274075 0
0.02111104804904396 -0.5941051136364963 0
0.02888895195102957 -0.2808948863634978 0
0.02888895195102952 -0.2759232954544093 0
0.0250000000000369 -0.2784090909089473 0
0.02888895195102946 -0.2709517045453207 0
0.02111104804904422 -0.2759232954543966 0
0.02111104804904436 -0.2709517045453077 0
0.01722209609805174 -0.2734374999998456 0
0.02500000000003698 -0.2684659090907697 0
0.02111104804904449 -0.2659801136362187 0
0.02888895195102959 -0.2659801136362318 0
0.02111104804904462 -0.2610085227271296 0
0.017222096098052 -0.2634943181816676 0
0.02888895195102951 -0.2610085227271432 0
0.02888895195102942 -0.2560369318180546 0
0.02500000000003703 -0.2585227272725922 0
0.02888895195102935 -0.2510653409089661 0
0.02111104804904454 -0.2560369318180411 0
0.0288889519510294 -0.5990767045455845 0
0.0288889519510294 -0.6040482954546731 0
0.02888895195102938 -0.5941051136364959 0
0.02500000000003668 -0.5965909090910404 0
0.02111104804904397 -0.5990767045455849 0
0.02111104804904468 -0.251065340908952 0
0.01722209609805228 -0.2535511363634895 0
0.02500000000003708 -0.2485795454544145 0
0.02111104804904482 -0.2460937499998629 0
0.02888895195102949 -0.246093749999877 0
0.02111104804904496 -0.2411221590907738 0
0.01722209609805256 -0.2436079545453113 0
0.0288889519510296 -0.2411221590907884 0
0.0288889519510297 -0.2361505681816997 0
0.02500000000003733 -0.2386363636362368 0
0.02888895195102981 -0.2311789772726112 0
0.02111104804904507 -0.2361505681816852 0
0.02111104804904552 -0.2311789772725967 0
0.01722209609805316 -0.2336647727271338 0
0.0250000000000379 -0.2286931818180596 0
0.02111104804904598 -0.2262073863635081 0
0.02888895195103027 -0.2262073863635226 0
0.02111104804904644 -0.2212357954544195 0
0.01722209609805407 -0.2237215909089566 0
0.02500000000003758 -0.6065340909092174 0
0.02888895195103029 -0.6090198863637615 0
0.02111104804904486 -0.6040482954546733 0
0.02111104804904574 -0.6090198863637617 0
0.02111104804904662 -0.6139914772728501 0
0.02894577425648462 -0.2212323290792837 0
0.02900259656193896 -0.2162572717950448 0
0.0250568223054927 -0.2187465336247321 0
0.0290594188673933 -0.211282214510806 0
0.02116787035450078 -0.2162607381701807 0
0.02888895195103051 -0.6189630681819385 0
0.02888895195103061 -0.6239346590910269 0
0.0288889519510304 -0.61399147727285 0
0.02500000000003856 -0.6164772727273942 0
0.02111104804904673 -0.6189630681819385 0
0.009444090127315133 -0.4872159090910415 0
0.01333295459082049 -0.4897017045455956 0
0.01333302749706629 -0.4847301136364992 0
0.01722181905432585 -0.4921875000001497 0
0.01722196486681745 -0.4822443181819569 0
0.02500000000003951 -0.6264204545455709 0
0.02888895195103146 -0.6289062500001151 0
0.02111104804904757 -0.6239346590910267 0
0.02111104804904842 -0.628906250000115 0
0.02111104804904926 -0.6338778409092033 0
0.02888895195103128 -0.6388494318182925 0
0.02888895195103118 -0.6438210227273811 0
0.02888895195103137 -0.6338778409092038 0
0.02500000000004027 -0.6363636363637479 0
0.02111104804904917 -0.638849431818292 0
0.005379363982194138 -0.6537419998848778 0
0.005432991058249657 -0.6487999488232818 0
0.005325736906138619 -0.6586840509464738 0
0.009298592543172546 -0.6562351305262482 0
0.01327144818020647 -0.6537862101060223 0
0.02888895195102992 -0.3405539772725633 0
0.02888895195102995 -0.3455255681816518 0
0.0288889519510299 -0.3355823863634747 0
0.02500000000003775 -0.3380681818180153 0
0.02888895195102987 -0.3306107954543862 0
0.02111104804904557 -0.3355823863634674 0
0.0211110480490456 -0.340553977272556 0
0.02111104804904628 -0.3306107954543792 0
0.02500000000003843 -0.3281249999998387 0
0.02111104804904699 -0.3256392045452911 0
0.02888895195103058 -0.325639204545298 0
0.0211110480490477 -0.3206676136362029 0
0.02888895195103062 -0.3206676136362094 0
0.02888895195103066 -0.3156960227271208 0
0.02500000000003918 -0.3181818181816619 0
0.0288889519510307 -0.3107244318180322 0
0.02111104804904774 -0.3156960227271143 0
0.02888886446353666 -0.4996448863638072 0
0.02888886446353666 -0.4946732954547187 0
0.02499982502505112 -0.4971590909092573 0
0.02888886446353667 -0.4897017045456302 0
0.02111078558656559 -0.4946732954547074 0
0.02111104804904745 -0.3107244318180245 0
0.02500000000003893 -0.3082386363634835 0
0.02111104804904715 -0.3057528409089347 0
0.02888895195103041 -0.3057528409089424 0
0.02111104804904685 -0.300781249999845 0
0.02888895195103044 -0.3007812499998539 0
0.02888895195103047 -0.2958096590907653 0
0.02500000000003866 -0.2982954545453051 0
0.02888895195095698 -0.4002130681817626 0
0.02888895195095244 -0.4051846590908732 0
0.02888895195096153 -0.3952414772726519 0
0.0249999999999746 -0.3977272727271883 0
0.02888895195096609 -0.3902698863635413 0
0.02111104804899221 -0.3952414772726142 0
0.02111104804898766 -0.4002130681817248 0
0.005555240245083935 -0.275923295454385 0
0.00555524024508491 -0.2709517045452965 0
0.00555524024508296 -0.2808948863634736 0
0.009444192196072832 -0.2784090909089311 0
0.0133331441470627 -0.2759232954543885 0
0.009444192196073942 -0.2684659090907535 0
0.005555240245085045 -0.2659801136362074 0
0.01333314414706284 -0.2709517045452996 0
0.01333314414706297 -0.2659801136362105 0
0.01333314414706311 -0.2610085227271215 0
0.005555240245071955 -0.3554687499998101 0
0.005555240245071782 -0.3504971590907195 0
0.00555524024507213 -0.3604403409089007 0
0.00944419219606011 -0.357954545454359 0
0.005555240245072303 -0.3654119318179913 0
0.01333314414704826 -0.3604403409089079 0
0.01333314414704809 -0.3554687499998173 0
0.005555240245086903 -0.2560369318180303 0
0.005555240245087833 -0.2510653409089418 0
0.005555240245085974 -0.2610085227271189 0
0.009444192196075006 -0.258522727272576 0
0.01333314414706404 -0.256036931818033 0
0.009444192196076076 -0.2485795454543984 0
0.005555240245087974 -0.2460937499998528 0
0.01333314414706418 -0.2510653409089439 0
0.01333314414706432 -0.2460937499998548 0
0.01333314414706446 -0.2411221590907658 0
0.005555240245089889 -0.2361505681816757 0
0.005555240245090846 -0.2311789772725872 0
0.005555240245088931 -0.2411221590907643 0
0.009444192196077174 -0.2386363636362208 0
0.01333314414706542 -0.2361505681816773 0
0.02888895154594586 -0.4399857954546664 0
0.02888895154594548 -0.4350142045455693 0
0.02499999918992311 -0.4375000000000814 0
0.0288889515459451 -0.4300426136364722 0
0.02111104683390036 -0.4350142045454964 0
0.009444192196078588 -0.2286931818180437 0
0.005555240245091304 -0.2262073863634987 0
0.01333314414706587 -0.2311789772725887 0
0.01333314414706633 -0.2262073863635002 0
0.01333314414706679 -0.2212357954544115 0
0.00944417518459644 -0.467329545454552 0
0.01333311255434536 -0.4698153409091486 0
0.01333312470537639 -0.4648437500000333 0
0.01722204992409428 -0.4723011363637452 0
0.01722207422615633 -0.4623579545455146 0
0.00555524024509314 -0.2162642045453216 0
0.005555240245094058 -0.2112926136362331 0
0.005555240245092222 -0.2212357954544101 0
0.009444192196079964 -0.2187499999998666 0
0.01333314414706771 -0.2162642045453231 0
0.02888895195097025 -0.3803267045453413 0
0.02888895195096908 -0.3852982954544419 0
0.02888895195097142 -0.3753551136362406 0
0.0249999999999863 -0.3778409090907783 0
0.02888895195097258 -0.37038352272714 0
0.02111104804900235 -0.3753551136362153 0
0.02111104804900119 -0.380326704545316 0
0.02499214516082186 -0.6463141533687478 0
0.02110319320983085 -0.6438283579142032 0
0.02109533837061252 -0.6488072840101144 0
0.01721424125883984 -0.6413425624596587 0
0.0171985315804032 -0.6513004146514813 0
0.01328715785864311 -0.6438283579141997 0
0.009360074458446388 -0.6463141533687408 0
0.01327930301942479 -0.648807284010111 0
0.02906588009855269 -0.2012114747089535 0
0.02902032411401686 -0.2062366696433585 0
0.02911143608308852 -0.1961862797745484 0
0.02508101108873 -0.1986551916711933 0
0.02105058609437148 -0.2011241035678382 0
0.02499999959495335 -0.4275568181818753 0
0.02111104764396159 -0.4250710227272785 0
0.02111104723893098 -0.4300426136363874 0
0.01722209569296985 -0.4225852272726816 0
0.01722209488290861 -0.4325284090908995 0
0.02111085849281139 -0.489701704545611 0
0.02499989793129693 -0.4872159090910725 0
0.02111093139905719 -0.4847301136365147 0
0.02888893736978247 -0.4847301136365338 0
0.02111100430530299 -0.4797585227274183 0
0.02500000000003348 -0.3480113636361934 0
0.02111104804904131 -0.3455255681816455 0
0.02111104804903701 -0.350497159090735 0
0.01722209609804913 -0.3430397727270976 0
0.01722209609804054 -0.3529829545452766 0
0.01333314414705668 -0.3455255681816383 0
0.009444192196064231 -0.3480113636361789 0
0.01333314414705239 -0.3504971590907278 0
0.02888893736978247 -0.4797585227274452 0
0.02888893736978246 -0.4747869318183566 0
0.02499997083754273 -0.4772727272728875 0
0.02888893736978245 -0.469815340909268 0
0.02111100430530299 -0.4747869318183297 0
0.009405097442704447 -0.2087328642233305 0
0.005516145491717623 -0.2062470687687855 0
0.01329404939369127 -0.2112186596778756 0
0.01325495464031484 -0.206173114810428 0
0.01718300134467809 -0.2137044551324205 0
0.01710481183792523 -0.2036133653975255 0
0.0132158598869384 -0.2011275699429805 0
0.02112877560112435 -0.2112151933027331 0
0.02507454985757061 -0.2087259314730458 0
0.02108968084774791 -0.2061696484352857 0
0.01333314414704351 -0.3654119318180046 0
0.01722209609803149 -0.3629261363634628 0
0.009444192196055532 -0.3678977272725463 0
0.01333314414703876 -0.3703835227271012 0
0.005555240245067552 -0.370383522727088 0
0.01333314414703401 -0.375355113636198 0
0.01722209609802199 -0.3728693181816563 0
0.02499999999998214 -0.3877840909089784 0
0.02111104804899819 -0.3852982954544154 0
0.0211110480489952 -0.3902698863635147 0
0.01722209609801425 -0.3828124999998524 0
0.01722209609800827 -0.3927556818180512 0
0.02499999999999222 -0.367897727272581 0
0.02111104804901185 -0.3654119318180218 0
0.0211110480490071 -0.3703835227271186 0
0.02499999999996885 -0.4076704545454045 0
0.02111104804898646 -0.4051846590908303 0
0.02111104804898525 -0.4101562499999358 0
0.01722209609800408 -0.4026988636362561 0
0.01722209609800167 -0.4126420454544671 0
0.005555240245067612 -0.3753551136361817 0
0.005555240245067671 -0.3803267045452755 0
0.009444192196050839 -0.3778409090907368 0
0.005555240245067731 -0.3852982954543693 0
0.01333314414703407 -0.3803267045452918 0
0.01333314414703108 -0.3852982954543912 0
0.009444192196047911 -0.38778409090893 0
0.01333314414702809 -0.3902698863634905 0
0.005555240245064741 -0.3902698863634687 0
0.0133331441470251 -0.39524147727259 0
0.005555240245064169 -0.3952414772725655 0
0.005555240245063597 -0.4002130681816624 0
0.009444192196044348 -0.3977272727271262 0
0.005555240245063024 -0.4051846590907592 0
0.01333314414702453 -0.4002130681816868 0
0.02111101645633402 -0.4698153409092144 0
0.02499998298857374 -0.4673295454546836 0
0.02111102860736504 -0.4648437500000991 0
0.02888894952081348 -0.4648437500001528 0
0.02111104075839607 -0.4598721590909838 0
0.01333314414702332 -0.4051846590907923 0
0.009444192196042572 -0.4076704545453285 0
0.01333314414702212 -0.4101562499998977 0
0.005555240245061819 -0.4101562499998646 0
0.01333314414702091 -0.4151278409090032 0
0.00555524024506055 -0.4151278409089629 0
0.005555240245059282 -0.4200994318180613 0
0.009444192196040098 -0.4176136363635322 0
0.005555240245058013 -0.4250710227271596 0
0.01333314414701964 -0.4200994318181016 0
0.02888894952080018 -0.4598721590910555 0
0.02888894952078688 -0.4549005681819583 0
0.02499999513959147 -0.4573863636364711 0
0.01333314374198903 -0.4250710227272106 0
0.009444191791008211 -0.4275568181817396 0
0.01333314333695841 -0.4300426136363196 0
0.005555239840027396 -0.4300426136362686 0
0.01333314293192779 -0.4350142045454286 0
0.005555239840024716 -0.435014204545367 0
0.005555239840022038 -0.4399857954544653 0
0.009444191385974916 -0.4374999999999469 0
0.005166356074429252 -0.1962223578070959 0
0.005341250783073437 -0.2012347132879407 0
0.009191107980683826 -0.1986749638750382 0
0.02515727884736459 -0.6663476189419719 0
0.02913645838495962 -0.6688996301781285 0
0.02117809930976957 -0.6637956077058152 0
0.02118634234075924 -0.6687598634280812 0
0.0211945853717489 -0.6737241191503474 0
0.009362757221317099 -0.5667613636364958 0
0.005433350245425811 -0.5642755681819478 0
0.01329216419720839 -0.5692471590910437 0
0.01329163927226092 -0.5642755681819499 0
0.01329111434731345 -0.5593039772728561 0
0.01333244424711931 -0.5046164772728716 0
0.00944357978361211 -0.5071022727274113 0
0.01333200680966578 -0.5095880681819579 0
0.005554715320104908 -0.5095880681819507 0
0.01333156937221224 -0.5145596590910442 0
0.02868851036871573 -0.6799313663291512 0
0.02846453636059379 -0.6854472344046625 0
0.02891248437683767 -0.6744154982536399 0
0.02494154787023231 -0.6768277427397492 0
0.02097061136362696 -0.6792399872258585 0
0.005485199153697337 -0.5145596590910427 0
0.005415682987289767 -0.5195312500001348 0
0.009373626179751002 -0.5170454545455895 0
0.005348193897681853 -0.5543323863637681 0
0.005390772071553832 -0.559303977272858 0
0.009319654122497651 -0.5568181818183121 0
-0.01219164377211421 -0.1669347855082128 0
-0.01224655240120159 -0.1621111170878186 0
-0.01213673514302682 -0.1717584539286071 0
-0.008145233584063188 -0.1692775772168688 0
-0.004153732025099554 -0.1667967005051305 0
-0.04135773277176026 -0.8713654100758967 0
-0.04635773277174874 -0.8713654100758967 0
-0.03635773277177178 -0.8713654100758967 0
-0.03771546554350899 -0.8677308201517934 0
-0.03135773277178329 -0.8713654100758967 0
-0.03407319831525774 -0.86409623022769 0
-0.03907319831524621 -0.86409623022769 0
0.04135773277176049 -0.003634589924103288 0
0.04635773277174897 -0.003634589924103288 0
0.03635773277177201 -0.003634589924103288 0
0.03771546554350946 -0.007269179848206575 0
0.03135773277178353 -0.003634589924103288 0
0.03407319831525843 -0.01090376977230986 0
0.03907319831524692 -0.01090376977230986 0
-0.04635773277174874 -0.8614222282577197 0
-0.04635773277174874 -0.8564506373486314 0
-0.04635773277174874 -0.8663938191668081 0
-0.04271546554349748 -0.8627592292427049 0
-0.03907319831524621 -0.8591246393186016 0
0.04635773277174897 -0.01357777174228039 0
0.04635773277174897 -0.01854936265136894 0
0.04635773277174897 -0.00860618083319184 0
0.04271546554349794 -0.01224077075729513 0
0.03907319831524692 -0.01587536068139841 0
-0.001778793047971903 -0.1419555908795771 0
-0.00640531489449413 -0.1419945478944351 0
-0.003008897600203527 -0.1457207879255112 0
0.02030557760946386 -0.7675876614186161 0
0.02509995002554357 -0.7655007299622684 0
0.02161321177947034 -0.7631773446400542 0
0.02989432244162328 -0.7634137985059206 0
0.02292084594947682 -0.7587670278614922 0
0.04598003700998082 -0.1317848886282101 0
0.04598003700998082 -0.1268132977191216 0
0.04196007401996164 -0.1293368227110289 0
-0.04147155085144501 -0.7565605747193916 0
-0.03682978586809622 -0.7596139815766785 0
-0.03758486668623879 -0.75438592439962 0
-0.0221052579741378 -0.7464929792433674 0
-0.02292952547796396 -0.7422819553732277 0
-0.0264960155970923 -0.7452527171731282 0
0.02908612469250905 -0.5596463996756609 0
0.02928382235893714 -0.5550172311693631 0
0.02519664781656782 -0.5571606042211115 0
0.02928382235894312 -0.518846405194569 0
0.02908612469251311 -0.5142172366882755 0
0.02519664781657404 -0.5167030321428118 0
0.01195937791780201 -0.1701957707279398 0
0.01168563744253261 -0.1649009810654433 0
0.007845897841095363 -0.1680787480023898 0
0.01141189696726321 -0.1596061914029467 0
0.003732417764388714 -0.1659617252768398 0
0.005171546480850403 -0.6732440998804018 0
0.005062740100628039 -0.6778978420304675 0
0.009152645148873994 -0.6757594351824421 0
0.004953933720405676 -0.6825515841805334 0
0.01313374381689759 -0.6782747704844823 0
0.0115540358951474 -0.7822148457501252 0
0.01507307476389919 -0.7784957039291863 0
0.0080349970263956 -0.7859339875710641 0
0.01242353963566891 -0.7866256400257857 0
0.004515958157643806 -0.7896531293920031 0
0.01329304337619043 -0.7910364343014462 0
0.01681208224494223 -0.7873172924805072 0
-0.01156635873171239 -0.09283108922999181 0
-0.01509503914250303 -0.09656531388044728 0
-0.008037678320921761 -0.08909686457953633 0
-0.01242969829268935 -0.0884037060347683 0
-0.004508997910131129 -0.08536263992908086 0
-0.0132930378536663 -0.08397632283954479 0
-0.01682171826445693 -0.08771054749000026 0
-0.006975170320848968 -0.08112733632789185 0
-0.009441342731566806 -0.07689203272670284 0
-0.01136719029261655 -0.08043417778312381 0
0.006981007810581898 -0.7938888403102901 0
0.009446057463519991 -0.7981245512285771 0
0.01136955041985521 -0.7945804927650116 0
0.02967804170840132 -0.7586179913256651 0
0.02946176097517936 -0.7538221841454096 0
0.02619130346232809 -0.7562946060034509 0
0.02924548024195741 -0.7490263769651541 0
0.02270456521625486 -0.7539712206812366 0
0.03058008533341028 -0.1417140869258607 0
0.03059685874281546 -0.1367846348454722 0
0.02729034285511281 -0.1392275358248009 0
0.03061363215222063 -0.1318551827650837 0
0.02400060037681535 -0.1367409847237411 0
-0.0300312279932555 -0.1169224573314162 0
-0.02999468224069857 -0.1218675844078449 0
-0.02654406026820318 -0.1194189322558023 0
-0.04672302455394611 -0.8226280973604559 0
-0.04672302455394611 -0.8275996882695444 0
-0.04344604910789223 -0.8249436947208851 0
0.04672365863662266 -0.05237241327572018 0
0.04672365863662266 -0.04740082236663166 0
0.04344731727324531 -0.05005732655146615 0
0.009151988348778593 -0.8140411102727215 0
0.006663018501314554 -0.8183496083892918 0
0.01080533238489836 -0.8178694018184433 0
-0.00914780205345251 -0.06097562185453543 0
-0.00665921045986647 -0.05666556013468234 0
-0.01080252811925617 -0.05714672135983109 0
0.0127867516318945 -0.7481022827203394 0
0.01584072425563039 -0.7442034038106672 0
0.009732779008158606 -0.7520011616300117 0
0.01398454611448556 -0.752182362296543 0
0.01823631322081252 -0.7523635629630743 0
0.02413340603783014 -0.6862590978882325 0
0.02038644353934673 -0.6831554742988306 0
0.01980227571506651 -0.6870709613718025 0
0.01663948104086332 -0.6800518507094286 0
0.01547114539230287 -0.6878828248553726 0
0.01045695025586237 -0.7011287033746954 0
0.005825578400776254 -0.7002761939229318 0
0.01508832211094849 -0.7019812128264589 0
0.0134774166449445 -0.6983027427098329 0
0.01186651117894051 -0.694624272593207 0
-0.0467610061405742 -0.7830255681818632 0
-0.0467610061405742 -0.7879971590909516 0
-0.0435220122811484 -0.7855113636364075 0
0.04676357570600327 -0.09197443181813844 0
0.04676357570600327 -0.08700284090904989 0
0.04352715141200653 -0.08948863636359417 0
0.02454326794224403 -0.7838919193094955 0
0.01980817135307161 -0.7811938116193409 0
0.02067767509359313 -0.7856046058950014 0
-0.02455148811366999 -0.0911308495163331 0
-0.01982326362808651 -0.09384808169839019 0
-0.02068660318906346 -0.08942069850316668 0
0.01437685450190128 -0.1307324282992134 0
0.01744933368516961 -0.126893867928892 0
0.01130437531863296 -0.1345709886695348 0
0.01545843810321565 -0.134829100890606 0
0.01961250088779833 -0.1350872131116772 0
-0.02873695106079011 -0.8672794466298257 0
-0.02611616934979694 -0.8631934831837547 0
-0.03009468383252734 -0.8636448567057224 0
-0.02349538763880376 -0.8591075197376837 0
-0.03145241660426455 -0.8600102667816191 0
0.0287373848426004 -0.007720850036347755 0
0.02611703691341727 -0.01180711014859222 0
0.03009511761433785 -0.01135543996045104 0
0.02349668898423414 -0.01589337026083669 0
0.0314528503860753 -0.01499002988455433 0
0.02477722824651506 -0.7474187192469918 0
0.02030897625107273 -0.7458110615288295 0
0.02150677073366379 -0.7498911411050331 0
-0.03722565171216528 -0.7127965376953377 0
-0.04164497230701524 -0.7153639946256583 0
-0.03770926520888042 -0.7173863552724685 0
0.04218111411390375 -0.8539844941854142 0
0.038029006847279 -0.8515430024785038 0
0.03851433549443226 -0.8552968437140933 0
0.03387689958065424 -0.8491015107715932 0
0.03484755687496076 -0.8566091932427724 0
-0.042181325108195 -0.02101566617795135 0
-0.03802924473924384 -0.02345750339682209 0
-0.03851473058534115 -0.01970313150067343 0
-0.03387716437029269 -0.02589934061569283 0
-0.03484813606248731 -0.0183905968233955 0
0.04678970459104393 -0.7085174310795126 0
0.04678970459104393 -0.703545840170424 0
0.04357940918208786 -0.7060973621589481 0
0.02628005504029307 -0.8629671507980916 0
0.02375347187019528 -0.8587803468873421 0
0.02880663821039085 -0.8671539547088409 0
0.03013985959093264 -0.8634947133284315 0
0.03147308097147444 -0.8598354719480221 0
-0.02628060880028964 -0.01203316163913931 0
-0.02375421046188131 -0.01622021434280312 0
-0.02880700713869797 -0.007846108935475512 0
-0.03014041261585741 -0.01150516516728722 0
-0.03147381809301684 -0.01516422139909893 0
-0.03730415080284732 -0.8505435539133899 0
-0.03277735981839662 -0.8475900121957693 0
-0.04183094178729803 -0.8534970956310106 0
-0.03818867455904677 -0.8548340966159957 0
-0.0345464073307955 -0.8561710976009809 0
0.03730540037472396 -0.02445714893766128 0
0.03277923417621145 -0.02741104208080745 0
0.04183156657323647 -0.02150325579451511 0
0.03818929934498544 -0.02016625480952985 0
0.03454703211673441 -0.01882925382454458 0
0.02622553266320363 -0.1302014111530198 0
0.02183743317418661 -0.1285476395409559 0
0.02291901677550098 -0.1326443121323485 0
0.003548602009114711 -0.1619799084740235 0
-0.0002911375923225383 -0.1651576754109701 0
0.007388341610551959 -0.158802141537077 0
0.003364786253840708 -0.1579980916712073 0
-0.0006587691028705441 -0.1571940418053375 0
-0.02658937836533471 -0.8552683505570455 0
-0.02968336909186567 -0.8514291813764074 0
-0.03056789284806511 -0.8557197240790133 0
0.02659087071489324 -0.01973259420082694 0
0.02968505244555235 -0.0235718181408172 0
0.03056895141581382 -0.01928092401268576 0
0.004855036731009052 -0.6910701121433143 0
0.004369765896125451 -0.6864670712535054 0
0.005340307565892653 -0.695673153033123 0
0.008360773954974782 -0.6928471923682606 0
0.01138124034405691 -0.6900212317033981 0
0.01254957599261736 -0.6821902575574542 0
0.008459670944371406 -0.6843286644054798 0
0.01196540816833714 -0.6861057446304262 0
0.03050242367716792 -0.8523277894768428 0
0.0271279477736816 -0.8555540681820925 0
0.03098775232432118 -0.8560816307124325 0
-0.03050284640082223 -0.02267296519139626 0
-0.02712852843135177 -0.01944658976709969 0
-0.03098833224691954 -0.01891859329524759 0
-0.008383957968424574 -0.1604720919936583 0
-0.004337547780373557 -0.1628148837023142 0
-0.00452136353564756 -0.1588330668994979 0
$EndNodes
$Elements
5 8904 1 8904
1 1 1 20
1 12 11 
2 11 16 
3 16 10 
4 10 20 
5 20 9 
6 9 15 
7 15 8 
8 8 19 
9 19 7 
10 7 14 
11 14 6 
12 6 18 
13 18 5 
14 5 13 
15 13 4 
16 4 17 
17 17 3 
18 3 1 
19 1 2 
20 2 21 
1 2 1 176
21 21 99 
22 99 110 
23 110 45 
24 45 197 
25 197 46 
26 46 153 
27 153 47 
28 47 196 
29 196 48 
30 48 152 
31 152 49 
32 49 195 
33 195 50 
34 50 151 
35 151 51 
36 51 194 
37 194 52 
38 52 150 
39 150 53 
40 53 193 
41 193 54 
42 54 149 
43 149 44 
44 44 192 
45 192 56 
46 56 148 
47 148 57 
48 57 191 
49 191 58 
50 58 147 
51 147 59 
52 59 190 
53 190 60 
54 60 146 
55 146 61 
56 61 189 
57 189 62 
58 62 145 
59 145 63 
60 63 188 
61 188 64 
62 64 144 
63 144 65 
64 65 143 
65 143 33 
66 33 187 
67 187 23 
68 23 186 
69 186 24 
70 24 142 
71 142 25 
72 25 185 
73 185 26 
74 26 141 
75 141 27 
76 27 184 
77 184 28 
78 28 140 
79 140 29 
80 29 183 
81 183 30 
82 30 139 
83 139 31 
84 31 182 
85 182 32 
86 32 138 
87 138 22 
88 22 181 
89 181 34 
90 34 137 
91 137 35 
92 35 180 
93 180 36 
94 36 136 
95 136 37 
96 37 179 
97 179 38 
98 38 135 
99 135 39 
100 39 178 
101 178 40 
102 40 134 
103 134 41 
104 41 177 
105 177 42 
106 42 133 
107 133 43 
108 43 176 
109 176 55 
110 55 132 
111 132 89 
112 89 175 
113 175 90 
114 90 131 
115 131 91 
116 91 174 
117 174 92 
118 92 130 
119 130 93 
120 93 173 
121 173 94 
122 94 129 
123 129 95 
124 95 172 
125 172 96 
126 96 128 
127 128 97 
128 97 171 
129 171 98 
130 98 127 
131 127 88 
132 88 170 
133 170 100 
134 100 126 
135 126 101 
136 101 169 
137 169 102 
138 102 125 
139 125 103 
140 103 168 
141 168 104 
142 104 124 
143 124 105 
144 105 167 
145 167 106 
146 106 123 
147 123 107 
148 107 166 
149 166 108 
150 108 122 
151 122 109 
152 109 165 
153 165 77 
154 77 121 
155 121 67 
156 67 164 
157 164 68 
158 68 120 
159 120 69 
160 69 163 
161 163 70 
162 70 119 
163 119 71 
164 71 162 
165 162 72 
166 72 118 
167 118 73 
168 73 161 
169 161 74 
170 74 117 
171 117 75 
172 75 160 
173 160 76 
174 76 116 
175 116 66 
176 66 159 
177 159 78 
178 78 115 
179 115 79 
180 79 158 
181 158 80 
182 80 114 
183 114 81 
184 81 157 
185 157 82 
186 82 113 
187 113 83 
188 83 156 
189 156 84 
190 84 112 
191 112 85 
192 85 155 
193 155 86 
194 86 111 
195 111 87 
196 87 154 
1 3 1 20
197 154 198 
198 198 213 
199 213 207 
200 207 217 
201 217 206 
202 206 212 
203 212 205 
204 205 216 
205 216 204 
206 204 211 
207 211 203 
208 203 215 
209 215 202 
210 202 210 
211 210 201 
212 201 214 
213 214 200 
214 200 209 
215 209 199 
216 199 208 
1 4 1 176
217 208 295 
218 295 306 
219 306 241 
220 241 362 
221 362 242 
222 242 349 
223 349 243 
224 243 361 
225 361 244 
226 244 348 
227 348 245 
228 245 392 
229 392 246 
230 246 347 
231 347 247 
232 247 391 
233 391 248 
234 248 346 
235 346 249 
236 249 390 
237 390 250 
238 250 345 
239 345 240 
240 240 389 
241 389 252 
242 252 344 
243 344 253 
244 253 388 
245 388 254 
246 254 343 
247 343 255 
248 255 387 
249 387 256 
250 256 342 
251 342 257 
252 257 386 
253 386 258 
254 258 341 
255 341 259 
256 259 385 
257 385 260 
258 260 340 
259 340 261 
260 261 384 
261 384 229 
262 229 383 
263 383 219 
264 219 339 
265 339 220 
266 220 338 
267 338 221 
268 221 382 
269 382 222 
270 222 337 
271 337 223 
272 223 381 
273 381 224 
274 224 336 
275 336 225 
276 225 380 
277 380 226 
278 226 335 
279 335 227 
280 227 379 
281 379 228 
282 228 334 
283 334 218 
284 218 378 
285 378 230 
286 230 333 
287 333 231 
288 231 377 
289 377 232 
290 232 332 
291 332 233 
292 233 376 
293 376 234 
294 234 331 
295 331 235 
296 235 375 
297 375 236 
298 236 330 
299 330 237 
300 237 374 
301 374 238 
302 238 329 
303 329 239 
304 239 373 
305 373 251 
306 251 328 
307 328 285 
308 285 372 
309 372 286 
310 286 327 
311 327 287 
312 287 371 
313 371 288 
314 288 326 
315 326 289 
316 289 370 
317 370 290 
318 290 325 
319 325 291 
320 291 369 
321 369 292 
322 292 324 
323 324 293 
324 293 368 
325 368 294 
326 294 323 
327 323 284 
328 284 367 
329 367 296 
330 296 322 
331 322 297 
332 297 366 
333 366 298 
334 298 321 
335 321 299 
336 299 365 
337 365 300 
338 300 320 
339 320 301 
340 301 364 
341 364 302 
342 302 319 
343 319 303 
344 303 363 
345 363 304 
346 304 318 
347 318 305 
348 305 351 
349 351 273 
350 273 317 
351 317 263 
352 263 350 
353 350 264 
354 264 316 
355 316 265 
356 265 360 
357 360 266 
358 266 315 
359 315 267 
360 267 359 
361 359 268 
362 268 314 
363 314 269 
364 269 358 
365 358 270 
366 270 313 
367 313 271 
368 271 357 
369 357 272 
370 272 312 
371 312 262 
372 262 356 
373 356 274 
374 274 311 
375 311 275 
376 275 355 
377 355 276 
378 276 310 
379 310 277 
380 277 354 
381 354 278 
382 278 309 
383 309 279 
384 279 353 
385 353 280 
386 280 308 
387 308 281 
388 281 352 
389 352 282 
390 282 307 
391 307 283 
392 283 12 
2 1 2 8512
393 414 1360 1362 
394 1360 1361 1362 
395 1360 611 1361 
396 1362 1361 613 
397 611 1363 1361 
398 1363 1364 1361 
399 1363 612 1364 
400 1361 1364 613 
401 611 1365 1363 
402 1365 1366 1363 
403 1365 436 1366 
404 1363 1366 612 
405 613 1364 1368 
406 1364 1367 1368 
407 1364 612 1367 
408 1368 1367 559 
409 432 1369 1371 
410 1369 1370 1371 
411 1369 614 1370 
412 1371 1370 616 
413 614 1372 1370 
414 1372 1373 1370 
415 1372 615 1373 
416 1370 1373 616 
417 614 1374 1372 
418 1374 1375 1372 
419 1374 455 1375 
420 1372 1375 615 
421 616 1373 1377 
422 1373 1376 1377 
423 1373 615 1376 
424 1377 1376 560 
425 465 1378 1380 
426 1378 1379 1380 
427 1378 617 1379 
428 1380 1379 619 
429 617 1381 1379 
430 1381 1382 1379 
431 1381 618 1382 
432 1379 1382 619 
433 617 1383 1381 
434 1383 1384 1381 
435 1383 463 1384 
436 1381 1384 618 
437 619 1382 1386 
438 1382 1385 1386 
439 1382 618 1385 
440 1386 1385 545 
441 446 1387 1389 
442 1387 1388 1389 
443 1387 620 1388 
444 1389 1388 622 
445 620 1390 1388 
446 1390 1391 1388 
447 1390 621 1391 
448 1388 1391 622 
449 620 1392 1390 
450 1392 1393 1390 
451 1392 444 1393 
452 1390 1393 621 
453 622 1391 1395 
454 1391 1394 1395 
455 1391 621 1394 
456 1395 1394 526 
457 436 1365 1397 
458 1365 1396 1397 
459 1365 611 1396 
460 1397 1396 624 
461 611 1398 1396 
462 1398 1399 1396 
463 1398 623 1399 
464 1396 1399 624 
465 611 1360 1398 
466 1360 1400 1398 
467 1360 414 1400 
468 1398 1400 623 
469 624 1399 1402 
470 1399 1401 1402 
471 1399 623 1401 
472 1402 1401 595 
473 455 1374 1404 
474 1374 1403 1404 
475 1374 614 1403 
476 1404 1403 626 
477 614 1405 1403 
478 1405 1406 1403 
479 1405 625 1406 
480 1403 1406 626 
481 614 1369 1405 
482 1369 1407 1405 
483 1369 432 1407 
484 1405 1407 625 
485 626 1406 1409 
486 1406 1408 1409 
487 1406 625 1408 
488 1409 1408 596 
489 396 1410 1412 
490 1410 1411 1412 
491 1410 627 1411 
492 1412 1411 629 
493 627 1413 1411 
494 1413 1414 1411 
495 1413 628 1414 
496 1411 1414 629 
497 627 1415 1413 
498 1415 1416 1413 
499 1415 443 1416 
500 1413 1416 628 
501 629 1414 1418 
502 1414 1417 1418 
503 1414 628 1417 
504 1418 1417 444 
505 426 1419 1421 
506 1419 1420 1421 
507 1419 630 1420 
508 1421 1420 632 
509 630 1422 1420 
510 1422 1423 1420 
511 1422 631 1423 
512 1420 1423 632 
513 630 1424 1422 
514 1424 1425 1422 
515 1424 462 1425 
516 1422 1425 631 
517 632 1423 1427 
518 1423 1426 1427 
519 1423 631 1426 
520 1427 1426 463 
521 433 1428 1430 
522 1428 1429 1430 
523 1428 633 1429 
524 1430 1429 635 
525 633 1431 1429 
526 1431 1432 1429 
527 1431 634 1432 
528 1429 1432 635 
529 633 1433 1431 
530 1433 1434 1431 
531 1433 437 1434 
532 1431 1434 634 
533 635 1432 1436 
534 1432 1435 1436 
535 1432 634 1435 
536 1436 1435 439 
537 434 1437 1439 
538 1437 1438 1439 
539 1437 636 1438 
540 1439 1438 638 
541 636 1440 1438 
542 1440 1441 1438 
543 1440 637 1441 
544 1438 1441 638 
545 636 1442 1440 
546 1442 1443 1440 
547 1442 456 1443 
548 1440 1443 637 
549 638 1441 1445 
550 1441 1444 1445 
551 1441 637 1444 
552 1445 1444 458 
553 449 1446 1448 
554 1446 1447 1448 
555 1446 639 1447 
556 1448 1447 641 
557 639 1449 1447 
558 1449 1450 1447 
559 1449 640 1450 
560 1447 1450 641 
561 639 1451 1449 
562 1451 1452 1449 
563 1451 397 1452 
564 1449 1452 640 
565 641 1450 1454 
566 1450 1453 1454 
567 1450 640 1453 
568 1454 1453 604 
569 463 1455 1384 
570 1455 1456 1384 
571 1455 642 1456 
572 1384 1456 618 
573 642 1457 1456 
574 1457 1458 1456 
575 1457 643 1458 
576 1456 1458 618 
577 642 1459 1457 
578 1459 1460 1457 
579 1459 461 1460 
580 1457 1460 643 
581 618 1458 1385 
582 1458 1461 1385 
583 1458 643 1461 
584 1385 1461 545 
585 397 1451 1463 
586 1451 1462 1463 
587 1451 639 1462 
588 1463 1462 645 
589 639 1464 1462 
590 1464 1465 1462 
591 1464 644 1465 
592 1462 1465 645 
593 639 1446 1464 
594 1446 1466 1464 
595 1446 449 1466 
596 1464 1466 644 
597 645 1465 1468 
598 1465 1467 1468 
599 1465 644 1467 
600 1468 1467 554 
601 444 1469 1393 
602 1469 1470 1393 
603 1469 646 1470 
604 1393 1470 621 
605 646 1471 1470 
606 1471 1472 1470 
607 1471 647 1472 
608 1470 1472 621 
609 646 1473 1471 
610 1473 1474 1471 
611 1473 442 1474 
612 1471 1474 647 
613 621 1472 1394 
614 1472 1475 1394 
615 1472 647 1475 
616 1394 1475 526 
617 191 58 1477 
618 58 1476 1477 
619 58 147 1476 
620 1477 1476 649 
621 147 1478 1476 
622 1478 1479 1476 
623 1478 648 1479 
624 1476 1479 649 
625 147 59 1478 
626 59 1480 1478 
627 59 190 1480 
628 1478 1480 648 
629 649 1479 1482 
630 1479 1481 1482 
631 1479 648 1481 
632 1482 1481 453 
633 443 1415 1484 
634 1415 1483 1484 
635 1415 627 1483 
636 1484 1483 651 
637 627 1485 1483 
638 1485 1486 1483 
639 1485 650 1486 
640 1483 1486 651 
641 627 1410 1485 
642 1410 1487 1485 
643 1410 396 1487 
644 1485 1487 650 
645 651 1486 1489 
646 1486 1488 1489 
647 1486 650 1488 
648 1489 1488 598 
649 462 1424 1491 
650 1424 1490 1491 
651 1424 630 1490 
652 1491 1490 653 
653 630 1492 1490 
654 1492 1493 1490 
655 1492 652 1493 
656 1490 1493 653 
657 630 1419 1492 
658 1419 1494 1492 
659 1419 426 1494 
660 1492 1494 652 
661 653 1493 1496 
662 1493 1495 1496 
663 1493 652 1495 
664 1496 1495 599 
665 358 1497 1499 
666 1497 1498 1499 
667 1497 654 1498 
668 1499 1498 656 
669 654 1500 1498 
670 1500 1501 1498 
671 1500 655 1501 
672 1498 1501 656 
673 654 1502 1500 
674 1502 1503 1500 
675 1502 591 1503 
676 1500 1503 655 
677 656 1501 1505 
678 1501 1504 1505 
679 1501 655 1504 
680 1505 1504 604 
681 433 1430 1507 
682 1430 1506 1507 
683 1430 635 1506 
684 1507 1506 658 
685 635 1508 1506 
686 1508 1509 1506 
687 1508 657 1509 
688 1506 1509 658 
689 635 1436 1508 
690 1436 1510 1508 
691 1436 439 1510 
692 1508 1510 657 
693 658 1509 1512 
694 1509 1511 1512 
695 1509 657 1511 
696 1512 1511 593 
697 434 1439 1514 
698 1439 1513 1514 
699 1439 638 1513 
700 1514 1513 660 
701 638 1515 1513 
702 1515 1516 1513 
703 1515 659 1516 
704 1513 1516 660 
705 638 1445 1515 
706 1445 1517 1515 
707 1445 458 1517 
708 1515 1517 659 
709 660 1516 1519 
710 1516 1518 1519 
711 1516 659 1518 
712 1519 1518 594 
713 591 1520 1503 
714 1520 1521 1503 
715 1520 661 1521 
716 1503 1521 655 
717 661 1522 1521 
718 1522 1523 1521 
719 1522 662 1523 
720 1521 1523 655 
721 661 1524 1522 
722 1524 1525 1522 
723 1524 448 1525 
724 1522 1525 662 
725 655 1523 1504 
726 1523 1526 1504 
727 1523 662 1526 
728 1504 1526 604 
729 448 1527 1525 
730 1527 1528 1525 
731 1527 663 1528 
732 1525 1528 662 
733 663 1529 1528 
734 1529 1530 1528 
735 1529 641 1530 
736 1528 1530 662 
737 663 1531 1529 
738 1531 1448 1529 
739 1531 449 1448 
740 1529 1448 641 
741 662 1530 1526 
742 1530 1454 1526 
743 1530 641 1454 
744 1526 1454 604 
745 396 1412 1533 
746 1412 1532 1533 
747 1412 629 1532 
748 1533 1532 665 
749 629 1534 1532 
750 1534 1535 1532 
751 1534 664 1535 
752 1532 1535 665 
753 629 1418 1534 
754 1418 1536 1534 
755 1418 444 1536 
756 1534 1536 664 
757 665 1535 1538 
758 1535 1537 1538 
759 1535 664 1537 
760 1538 1537 445 
761 426 1421 1540 
762 1421 1539 1540 
763 1421 632 1539 
764 1540 1539 667 
765 632 1541 1539 
766 1541 1542 1539 
767 1541 666 1542 
768 1539 1542 667 
769 632 1427 1541 
770 1427 1543 1541 
771 1427 463 1543 
772 1541 1543 666 
773 667 1542 1545 
774 1542 1544 1545 
775 1542 666 1544 
776 1545 1544 464 
777 395 1546 1548 
778 1546 1547 1548 
779 1546 668 1547 
780 1548 1547 670 
781 668 1549 1547 
782 1549 1550 1547 
783 1549 669 1550 
784 1547 1550 670 
785 668 1551 1549 
786 1551 1552 1549 
787 1551 439 1552 
788 1549 1552 669 
789 670 1550 1554 
790 1550 1553 1554 
791 1550 669 1553 
792 1554 1553 440 
793 412 1555 1557 
794 1555 1556 1557 
795 1555 671 1556 
796 1557 1556 673 
797 671 1558 1556 
798 1558 1559 1556 
799 1558 672 1559 
800 1556 1559 673 
801 671 1560 1558 
802 1560 1561 1558 
803 1560 458 1561 
804 1558 1561 672 
805 673 1559 1563 
806 1559 1562 1563 
807 1559 672 1562 
808 1563 1562 459 
809 466 1564 1566 
810 1564 1565 1566 
811 1564 674 1565 
812 1566 1565 676 
813 674 1567 1565 
814 1567 1568 1565 
815 1567 675 1568 
816 1565 1568 676 
817 674 1569 1567 
818 1569 1570 1567 
819 1569 465 1570 
820 1567 1570 675 
821 676 1568 1572 
822 1568 1571 1572 
823 1568 675 1571 
824 1572 1571 555 
825 395 1548 1574 
826 1548 1573 1574 
827 1548 670 1573 
828 1574 1573 678 
829 670 1575 1573 
830 1575 1576 1573 
831 1575 677 1576 
832 1573 1576 678 
833 670 1554 1575 
834 1554 1577 1575 
835 1554 440 1577 
836 1575 1577 677 
837 678 1576 1579 
838 1576 1578 1579 
839 1576 677 1578 
840 1579 1578 443 
841 412 1557 1581 
842 1557 1580 1581 
843 1557 673 1580 
844 1581 1580 680 
845 673 1582 1580 
846 1582 1583 1580 
847 1582 679 1583 
848 1580 1583 680 
849 673 1563 1582 
850 1563 1584 1582 
851 1563 459 1584 
852 1582 1584 679 
853 680 1583 1586 
854 1583 1585 1586 
855 1583 679 1585 
856 1586 1585 462 
857 413 1587 1589 
858 1587 1588 1589 
859 1587 681 1588 
860 1589 1588 682 
861 681 1590 1588 
862 1590 1591 1588 
863 1590 649 1591 
864 1588 1591 682 
865 681 1592 1590 
866 1592 1477 1590 
867 1592 191 1477 
868 1590 1477 649 
869 682 1591 1593 
870 1591 1482 1593 
871 1591 649 1482 
872 1593 1482 453 
873 436 1594 1366 
874 1594 1595 1366 
875 1594 683 1595 
876 1366 1595 612 
877 683 1596 1595 
878 1596 1597 1595 
879 1596 684 1597 
880 1595 1597 612 
881 683 1598 1596 
882 1598 1599 1596 
883 1598 435 1599 
884 1596 1599 684 
885 612 1597 1367 
886 1597 1600 1367 
887 1597 684 1600 
888 1367 1600 559 
889 455 1601 1375 
890 1601 1602 1375 
891 1601 685 1602 
892 1375 1602 615 
893 685 1603 1602 
894 1603 1604 1602 
895 1603 686 1604 
896 1602 1604 615 
897 685 1605 1603 
898 1605 1606 1603 
899 1605 454 1606 
900 1603 1606 686 
901 615 1604 1376 
902 1604 1607 1376 
903 1604 686 1607 
904 1376 1607 560 
905 551 1608 1610 
906 1608 1609 1610 
907 1608 687 1609 
908 1610 1609 689 
909 687 1611 1609 
910 1611 1612 1609 
911 1611 688 1612 
912 1609 1612 689 
913 687 1613 1611 
914 1613 1614 1611 
915 1613 441 1614 
916 1611 1614 688 
917 689 1612 1616 
918 1612 1615 1616 
919 1612 688 1615 
920 1616 1615 595 
921 524 1617 1619 
922 1617 1618 1619 
923 1617 690 1618 
924 1619 1618 692 
925 690 1620 1618 
926 1620 1621 1618 
927 1620 691 1621 
928 1618 1621 692 
929 690 1622 1620 
930 1622 1623 1620 
931 1622 460 1623 
932 1620 1623 691 
933 692 1621 1625 
934 1621 1624 1625 
935 1621 691 1624 
936 1625 1624 596 
937 453 1481 1627 
938 1481 1626 1627 
939 1481 648 1626 
940 1627 1626 694 
941 648 1628 1626 
942 1628 1629 1626 
943 1628 693 1629 
944 1626 1629 694 
945 648 1480 1628 
946 1480 1630 1628 
947 1480 190 1630 
948 1628 1630 693 
949 694 1629 1632 
950 1629 1631 1632 
951 1629 693 1631 
952 1632 1631 606 
953 555 1571 1634 
954 1571 1633 1634 
955 1571 675 1633 
956 1634 1633 696 
957 675 1635 1633 
958 1635 1636 1633 
959 1635 695 1636 
960 1633 1636 696 
961 675 1570 1635 
962 1570 1637 1635 
963 1570 465 1637 
964 1635 1637 695 
965 696 1636 1639 
966 1636 1638 1639 
967 1636 695 1638 
968 1639 1638 592 
969 437 1433 1641 
970 1433 1640 1641 
971 1433 633 1640 
972 1641 1640 698 
973 633 1642 1640 
974 1642 1643 1640 
975 1642 697 1643 
976 1640 1643 698 
977 633 1428 1642 
978 1428 1644 1642 
979 1428 433 1644 
980 1642 1644 697 
981 698 1643 1646 
982 1643 1645 1646 
983 1643 697 1645 
984 1646 1645 557 
985 456 1442 1648 
986 1442 1647 1648 
987 1442 636 1647 
988 1648 1647 700 
989 636 1649 1647 
990 1649 1650 1647 
991 1649 699 1650 
992 1647 1650 700 
993 636 1437 1649 
994 1437 1651 1649 
995 1437 434 1651 
996 1649 1651 699 
997 700 1650 1653 
998 1650 1652 1653 
999 1650 699 1652 
1000 1653 1652 558 
1001 465 1380 1637 
1002 1380 1654 1637 
1003 1380 619 1654 
1004 1637 1654 695 
1005 619 1655 1654 
1006 1655 1656 1654 
1007 1655 701 1656 
1008 1654 1656 695 
1009 619 1386 1655 
1010 1386 1657 1655 
1011 1386 545 1657 
1012 1655 1657 701 
1013 695 1656 1638 
1014 1656 1658 1638 
1015 1656 701 1658 
1016 1638 1658 592 
1017 561 1659 1661 
1018 1659 1660 1661 
1019 1659 702 1660 
1020 1661 1660 704 
1021 702 1662 1660 
1022 1662 1663 1660 
1023 1662 703 1663 
1024 1660 1663 704 
1025 702 1664 1662 
1026 1664 1665 1662 
1027 1664 181 1665 
1028 1662 1665 703 
1029 704 1663 1667 
1030 1663 1666 1667 
1031 1663 703 1666 
1032 1667 1666 562 
1033 466 1668 1670 
1034 1668 1669 1670 
1035 1668 705 1669 
1036 1670 1669 707 
1037 705 1671 1669 
1038 1671 1672 1669 
1039 1671 706 1672 
1040 1669 1672 707 
1041 705 1673 1671 
1042 1673 1674 1671 
1043 1673 532 1674 
1044 1671 1674 706 
1045 707 1672 1676 
1046 1672 1675 1676 
1047 1672 706 1675 
1048 1676 1675 603 
1049 449 1677 1466 
1050 1677 1678 1466 
1051 1677 708 1678 
1052 1466 1678 644 
1053 708 1679 1678 
1054 1679 1680 1678 
1055 1679 709 1680 
1056 1678 1680 644 
1057 708 1681 1679 
1058 1681 1682 1679 
1059 1681 451 1682 
1060 1679 1682 709 
1061 644 1680 1467 
1062 1680 1683 1467 
1063 1680 709 1683 
1064 1467 1683 554 
1065 446 1389 1685 
1066 1389 1684 1685 
1067 1389 622 1684 
1068 1685 1684 711 
1069 622 1686 1684 
1070 1686 1687 1684 
1071 1686 710 1687 
1072 1684 1687 711 
1073 622 1395 1686 
1074 1395 1688 1686 
1075 1395 526 1688 
1076 1686 1688 710 
1077 711 1687 1690 
1078 1687 1689 1690 
1079 1687 710 1689 
1080 1690 1689 597 
1081 532 1673 1692 
1082 1673 1691 1692 
1083 1673 705 1691 
1084 1692 1691 713 
1085 705 1693 1691 
1086 1693 1694 1691 
1087 1693 712 1694 
1088 1691 1694 713 
1089 705 1668 1693 
1090 1668 1695 1693 
1091 1668 466 1695 
1092 1693 1695 712 
1093 713 1694 1697 
1094 1694 1696 1697 
1095 1694 712 1696 
1096 1697 1696 605 
1097 416 1698 1700 
1098 1698 1699 1700 
1099 1698 714 1699 
1100 1700 1699 716 
1101 714 1701 1699 
1102 1701 1702 1699 
1103 1701 715 1702 
1104 1699 1702 716 
1105 714 1703 1701 
1106 1703 1704 1701 
1107 1703 452 1704 
1108 1701 1704 715 
1109 716 1702 1706 
1110 1702 1705 1706 
1111 1702 715 1705 
1112 1706 1705 606 
1113 459 1707 1584 
1114 1707 1708 1584 
1115 1707 717 1708 
1116 1584 1708 679 
1117 717 1709 1708 
1118 1709 1710 1708 
1119 1709 718 1710 
1120 1708 1710 679 
1121 717 1711 1709 
1122 1711 1712 1709 
1123 1711 461 1712 
1124 1709 1712 718 
1125 679 1710 1585 
1126 1710 1713 1585 
1127 1710 718 1713 
1128 1585 1713 462 
1129 440 1714 1577 
1130 1714 1715 1577 
1131 1714 719 1715 
1132 1577 1715 677 
1133 719 1716 1715 
1134 1716 1717 1715 
1135 1716 720 1717 
1136 1715 1717 677 
1137 719 1718 1716 
1138 1718 1719 1716 
1139 1718 442 1719 
1140 1716 1719 720 
1141 677 1717 1578 
1142 1717 1720 1578 
1143 1717 720 1720 
1144 1578 1720 443 
1145 462 1713 1425 
1146 1713 1721 1425 
1147 1713 718 1721 
1148 1425 1721 631 
1149 718 1722 1721 
1150 1722 1723 1721 
1151 1722 642 1723 
1152 1721 1723 631 
1153 718 1712 1722 
1154 1712 1459 1722 
1155 1712 461 1459 
1156 1722 1459 642 
1157 631 1723 1426 
1158 1723 1455 1426 
1159 1723 642 1455 
1160 1426 1455 463 
1161 443 1720 1416 
1162 1720 1724 1416 
1163 1720 720 1724 
1164 1416 1724 628 
1165 720 1725 1724 
1166 1725 1726 1724 
1167 1725 646 1726 
1168 1724 1726 628 
1169 720 1719 1725 
1170 1719 1473 1725 
1171 1719 442 1473 
1172 1725 1473 646 
1173 628 1726 1417 
1174 1726 1469 1417 
1175 1726 646 1469 
1176 1417 1469 444 
1177 452 1703 1728 
1178 1703 1727 1728 
1179 1703 714 1727 
1180 1728 1727 722 
1181 714 1729 1727 
1182 1729 1730 1727 
1183 1729 721 1730 
1184 1727 1730 722 
1185 714 1698 1729 
1186 1698 1731 1729 
1187 1698 416 1731 
1188 1729 1731 721 
1189 722 1730 1733 
1190 1730 1732 1733 
1191 1730 721 1732 
1192 1733 1732 600 
1193 445 1537 1735 
1194 1537 1734 1735 
1195 1537 664 1734 
1196 1735 1734 723 
1197 664 1736 1734 
1198 1736 1737 1734 
1199 1736 620 1737 
1200 1734 1737 723 
1201 664 1536 1736 
1202 1536 1392 1736 
1203 1536 444 1392 
1204 1736 1392 620 
1205 723 1737 1738 
1206 1737 1387 1738 
1207 1737 620 1387 
1208 1738 1387 446 
1209 464 1544 1740 
1210 1544 1739 1740 
1211 1544 666 1739 
1212 1740 1739 724 
1213 666 1741 1739 
1214 1741 1742 1739 
1215 1741 617 1742 
1216 1739 1742 724 
1217 666 1543 1741 
1218 1543 1383 1741 
1219 1543 463 1383 
1220 1741 1383 617 
1221 724 1742 1743 
1222 1742 1378 1743 
1223 1742 617 1378 
1224 1743 1378 465 
1225 441 1613 1745 
1226 1613 1744 1745 
1227 1613 687 1744 
1228 1745 1744 726 
1229 687 1746 1744 
1230 1746 1747 1744 
1231 1746 725 1747 
1232 1744 1747 726 
1233 687 1608 1746 
1234 1608 1748 1746 
1235 1608 551 1748 
1236 1746 1748 725 
1237 726 1747 1750 
1238 1747 1749 1750 
1239 1747 725 1749 
1240 1750 1749 601 
1241 460 1622 1752 
1242 1622 1751 1752 
1243 1622 690 1751 
1244 1752 1751 728 
1245 690 1753 1751 
1246 1753 1754 1751 
1247 1753 727 1754 
1248 1751 1754 728 
1249 690 1617 1753 
1250 1617 1755 1753 
1251 1617 524 1755 
1252 1753 1755 727 
1253 728 1754 1757 
1254 1754 1756 1757 
1255 1754 727 1756 
1256 1757 1756 602 
1257 481 1758 1760 
1258 1758 1759 1760 
1259 1758 729 1759 
1260 1760 1759 730 
1261 729 1761 1759 
1262 1761 1762 1759 
1263 1761 704 1762 
1264 1759 1762 730 
1265 729 1763 1761 
1266 1763 1661 1761 
1267 1763 561 1661 
1268 1761 1661 704 
1269 730 1762 1764 
1270 1762 1667 1764 
1271 1762 704 1667 
1272 1764 1667 562 
1273 414 1765 1400 
1274 1765 1766 1400 
1275 1765 731 1766 
1276 1400 1766 623 
1277 731 1767 1766 
1278 1767 1768 1766 
1279 1767 689 1768 
1280 1766 1768 623 
1281 731 1769 1767 
1282 1769 1610 1767 
1283 1769 551 1610 
1284 1767 1610 689 
1285 623 1768 1401 
1286 1768 1616 1401 
1287 1768 689 1616 
1288 1401 1616 595 
1289 432 1770 1407 
1290 1770 1771 1407 
1291 1770 732 1771 
1292 1407 1771 625 
1293 732 1772 1771 
1294 1772 1773 1771 
1295 1772 692 1773 
1296 1771 1773 625 
1297 732 1774 1772 
1298 1774 1619 1772 
1299 1774 524 1619 
1300 1772 1619 692 
1301 625 1773 1408 
1302 1773 1625 1408 
1303 1773 692 1625 
1304 1408 1625 596 
1305 445 1735 1776 
1306 1735 1775 1776 
1307 1735 723 1775 
1308 1776 1775 734 
1309 723 1777 1775 
1310 1777 1778 1775 
1311 1777 733 1778 
1312 1775 1778 734 
1313 723 1738 1777 
1314 1738 1779 1777 
1315 1738 446 1779 
1316 1777 1779 733 
1317 734 1778 1781 
1318 1778 1780 1781 
1319 1778 733 1780 
1320 1781 1780 447 
1321 464 1740 1783 
1322 1740 1782 1783 
1323 1740 724 1782 
1324 1783 1782 735 
1325 724 1784 1782 
1326 1784 1785 1782 
1327 1784 674 1785 
1328 1782 1785 735 
1329 724 1743 1784 
1330 1743 1569 1784 
1331 1743 465 1569 
1332 1784 1569 674 
1333 735 1785 1786 
1334 1785 1564 1786 
1335 1785 674 1564 
1336 1786 1564 466 
1337 424 1787 1789 
1338 1787 1788 1789 
1339 1787 736 1788 
1340 1789 1788 738 
1341 736 1790 1788 
1342 1790 1791 1788 
1343 1790 737 1791 
1344 1788 1791 738 
1345 736 1792 1790 
1346 1792 1793 1790 
1347 1792 563 1793 
1348 1790 1793 737 
1349 738 1791 1795 
1350 1791 1794 1795 
1351 1791 737 1794 
1352 1795 1794 579 
1353 439 1551 1510 
1354 1551 1796 1510 
1355 1551 668 1796 
1356 1510 1796 657 
1357 668 1797 1796 
1358 1797 1798 1796 
1359 1797 739 1798 
1360 1796 1798 657 
1361 668 1546 1797 
1362 1546 1799 1797 
1363 1546 395 1799 
1364 1797 1799 739 
1365 657 1798 1511 
1366 1798 1800 1511 
1367 1798 739 1800 
1368 1511 1800 593 
1369 458 1560 1517 
1370 1560 1801 1517 
1371 1560 671 1801 
1372 1517 1801 659 
1373 671 1802 1801 
1374 1802 1803 1801 
1375 1802 740 1803 
1376 1801 1803 659 
1377 671 1555 1802 
1378 1555 1804 1802 
1379 1555 412 1804 
1380 1802 1804 740 
1381 659 1803 1518 
1382 1803 1805 1518 
1383 1803 740 1805 
1384 1518 1805 594 
1385 445 1776 1807 
1386 1776 1806 1807 
1387 1776 734 1806 
1388 1807 1806 742 
1389 734 1808 1806 
1390 1808 1809 1806 
1391 1808 741 1809 
1392 1806 1809 742 
1393 734 1781 1808 
1394 1781 1810 1808 
1395 1781 447 1810 
1396 1808 1810 741 
1397 742 1809 1812 
1398 1809 1811 1812 
1399 1809 741 1811 
1400 1812 1811 448 
1401 431 1813 1815 
1402 1813 1814 1815 
1403 1813 743 1814 
1404 1815 1814 744 
1405 743 1816 1814 
1406 1816 1817 1814 
1407 1816 683 1817 
1408 1814 1817 744 
1409 743 1818 1816 
1410 1818 1598 1816 
1411 1818 435 1598 
1412 1816 1598 683 
1413 744 1817 1819 
1414 1817 1594 1819 
1415 1817 683 1594 
1416 1819 1594 436 
1417 431 1815 1821 
1418 1815 1820 1821 
1419 1815 744 1820 
1420 1821 1820 746 
1421 744 1822 1820 
1422 1822 1823 1820 
1423 1822 745 1823 
1424 1820 1823 746 
1425 744 1819 1822 
1426 1819 1824 1822 
1427 1819 436 1824 
1428 1822 1824 745 
1429 746 1823 1826 
1430 1823 1825 1826 
1431 1823 745 1825 
1432 1826 1825 437 
1433 411 1827 1829 
1434 1827 1828 1829 
1435 1827 747 1828 
1436 1829 1828 748 
1437 747 1830 1828 
1438 1830 1831 1828 
1439 1830 685 1831 
1440 1828 1831 748 
1441 747 1832 1830 
1442 1832 1605 1830 
1443 1832 454 1605 
1444 1830 1605 685 
1445 748 1831 1833 
1446 1831 1601 1833 
1447 1831 685 1601 
1448 1833 1601 455 
1449 411 1829 1835 
1450 1829 1834 1835 
1451 1829 748 1834 
1452 1835 1834 750 
1453 748 1836 1834 
1454 1836 1837 1834 
1455 1836 749 1837 
1456 1834 1837 750 
1457 748 1833 1836 
1458 1833 1838 1836 
1459 1833 455 1838 
1460 1836 1838 749 
1461 750 1837 1840 
1462 1837 1839 1840 
1463 1837 749 1839 
1464 1840 1839 456 
1465 437 1825 1842 
1466 1825 1841 1842 
1467 1825 745 1841 
1468 1842 1841 752 
1469 745 1843 1841 
1470 1843 1844 1841 
1471 1843 751 1844 
1472 1841 1844 752 
1473 745 1824 1843 
1474 1824 1845 1843 
1475 1824 436 1845 
1476 1843 1845 751 
1477 752 1844 1847 
1478 1844 1846 1847 
1479 1844 751 1846 
1480 1847 1846 438 
1481 456 1839 1849 
1482 1839 1848 1849 
1483 1839 749 1848 
1484 1849 1848 754 
1485 749 1850 1848 
1486 1850 1851 1848 
1487 1850 753 1851 
1488 1848 1851 754 
1489 749 1838 1850 
1490 1838 1852 1850 
1491 1838 455 1852 
1492 1850 1852 753 
1493 754 1851 1854 
1494 1851 1853 1854 
1495 1851 753 1853 
1496 1854 1853 457 
1497 431 1855 1813 
1498 1855 1856 1813 
1499 1855 755 1856 
1500 1813 1856 743 
1501 755 1857 1856 
1502 1857 1858 1856 
1503 1857 756 1858 
1504 1856 1858 743 
1505 755 1859 1857 
1506 1859 1860 1857 
1507 1859 18 1860 
1508 1857 1860 756 
1509 743 1858 1818 
1510 1858 1861 1818 
1511 1858 756 1861 
1512 1818 1861 435 
1513 456 1849 1443 
1514 1849 1862 1443 
1515 1849 754 1862 
1516 1443 1862 637 
1517 754 1863 1862 
1518 1863 1864 1862 
1519 1863 757 1864 
1520 1862 1864 637 
1521 754 1854 1863 
1522 1854 1865 1863 
1523 1854 457 1865 
1524 1863 1865 757 
1525 637 1864 1444 
1526 1864 1866 1444 
1527 1864 757 1866 
1528 1444 1866 458 
1529 411 1867 1827 
1530 1867 1868 1827 
1531 1867 758 1868 
1532 1827 1868 747 
1533 758 1869 1868 
1534 1869 1870 1868 
1535 1869 759 1870 
1536 1868 1870 747 
1537 758 1871 1869 
1538 1871 1872 1869 
1539 1871 215 1872 
1540 1869 1872 759 
1541 747 1870 1832 
1542 1870 1873 1832 
1543 1870 759 1873 
1544 1832 1873 454 
1545 458 1866 1561 
1546 1866 1874 1561 
1547 1866 757 1874 
1548 1561 1874 672 
1549 757 1875 1874 
1550 1875 1876 1874 
1551 1875 760 1876 
1552 1874 1876 672 
1553 757 1865 1875 
1554 1865 1877 1875 
1555 1865 457 1877 
1556 1875 1877 760 
1557 672 1876 1562 
1558 1876 1878 1562 
1559 1876 760 1878 
1560 1562 1878 459 
1561 19 7 1880 
1562 7 1879 1880 
1563 7 14 1879 
1564 1880 1879 761 
1565 14 1881 1879 
1566 1881 1882 1879 
1567 1881 755 1882 
1568 1879 1882 761 
1569 14 6 1881 
1570 6 1859 1881 
1571 6 18 1859 
1572 1881 1859 755 
1573 761 1882 1883 
1574 1882 1855 1883 
1575 1882 755 1855 
1576 1883 1855 431 
1577 437 1842 1434 
1578 1842 1884 1434 
1579 1842 752 1884 
1580 1434 1884 634 
1581 752 1885 1884 
1582 1885 1886 1884 
1583 1885 762 1886 
1584 1884 1886 634 
1585 752 1847 1885 
1586 1847 1887 1885 
1587 1847 438 1887 
1588 1885 1887 762 
1589 634 1886 1435 
1590 1886 1888 1435 
1591 1886 762 1888 
1592 1435 1888 439 
1593 216 204 1890 
1594 204 1889 1890 
1595 204 211 1889 
1596 1890 1889 763 
1597 211 1891 1889 
1598 1891 1892 1889 
1599 1891 758 1892 
1600 1889 1892 763 
1601 211 203 1891 
1602 203 1871 1891 
1603 203 215 1871 
1604 1891 1871 758 
1605 763 1892 1893 
1606 1892 1867 1893 
1607 1892 758 1867 
1608 1893 1867 411 
1609 439 1888 1552 
1610 1888 1894 1552 
1611 1888 762 1894 
1612 1552 1894 669 
1613 762 1895 1894 
1614 1895 1896 1894 
1615 1895 764 1896 
1616 1894 1896 669 
1617 762 1887 1895 
1618 1887 1897 1895 
1619 1887 438 1897 
1620 1895 1897 764 
1621 669 1896 1553 
1622 1896 1898 1553 
1623 1896 764 1898 
1624 1553 1898 440 
1625 18 5 1860 
1626 5 1899 1860 
1627 5 13 1899 
1628 1860 1899 756 
1629 13 1900 1899 
1630 1900 1901 1899 
1631 1900 765 1901 
1632 1899 1901 756 
1633 13 4 1900 
1634 4 1902 1900 
1635 4 17 1902 
1636 1900 1902 765 
1637 756 1901 1861 
1638 1901 1903 1861 
1639 1901 765 1903 
1640 1861 1903 435 
1641 448 1811 1527 
1642 1811 1904 1527 
1643 1811 741 1904 
1644 1527 1904 663 
1645 741 1905 1904 
1646 1905 1906 1904 
1647 1905 766 1906 
1648 1904 1906 663 
1649 741 1810 1905 
1650 1810 1907 1905 
1651 1810 447 1907 
1652 1905 1907 766 
1653 663 1906 1531 
1654 1906 1908 1531 
1655 1906 766 1908 
1656 1531 1908 449 
1657 459 1909 1707 
1658 1909 1910 1707 
1659 1909 767 1910 
1660 1707 1910 717 
1661 767 1911 1910 
1662 1911 1912 1910 
1663 1911 768 1912 
1664 1910 1912 717 
1665 767 1913 1911 
1666 1913 1914 1911 
1667 1913 460 1914 
1668 1911 1914 768 
1669 717 1912 1711 
1670 1912 1915 1711 
1671 1912 768 1915 
1672 1711 1915 461 
1673 215 202 1872 
1674 202 1916 1872 
1675 202 210 1916 
1676 1872 1916 759 
1677 210 1917 1916 
1678 1917 1918 1916 
1679 1917 769 1918 
1680 1916 1918 759 
1681 210 201 1917 
1682 201 1919 1917 
1683 201 214 1919 
1684 1917 1919 769 
1685 759 1918 1873 
1686 1918 1920 1873 
1687 1918 769 1920 
1688 1873 1920 454 
1689 459 1878 1909 
1690 1878 1921 1909 
1691 1878 760 1921 
1692 1909 1921 767 
1693 760 1922 1921 
1694 1922 1923 1921 
1695 1922 770 1923 
1696 1921 1923 767 
1697 760 1877 1922 
1698 1877 1924 1922 
1699 1877 457 1924 
1700 1922 1924 770 
1701 767 1923 1913 
1702 1923 1925 1913 
1703 1923 770 1925 
1704 1913 1925 460 
1705 440 1898 1927 
1706 1898 1926 1927 
1707 1898 764 1926 
1708 1927 1926 772 
1709 764 1928 1926 
1710 1928 1929 1926 
1711 1928 771 1929 
1712 1926 1929 772 
1713 764 1897 1928 
1714 1897 1930 1928 
1715 1897 438 1930 
1716 1928 1930 771 
1717 772 1929 1932 
1718 1929 1931 1932 
1719 1929 771 1931 
1720 1932 1931 441 
1721 440 1927 1714 
1722 1927 1933 1714 
1723 1927 772 1933 
1724 1714 1933 719 
1725 772 1934 1933 
1726 1934 1935 1933 
1727 1934 773 1935 
1728 1933 1935 719 
1729 772 1932 1934 
1730 1932 1936 1934 
1731 1932 441 1936 
1732 1934 1936 773 
1733 719 1935 1718 
1734 1935 1937 1718 
1735 1935 773 1937 
1736 1718 1937 442 
1737 449 1908 1939 
1738 1908 1938 1939 
1739 1908 766 1938 
1740 1939 1938 775 
1741 766 1940 1938 
1742 1940 1941 1938 
1743 1940 774 1941 
1744 1938 1941 775 
1745 766 1907 1940 
1746 1907 1942 1940 
1747 1907 447 1942 
1748 1940 1942 774 
1749 775 1941 1944 
1750 1941 1943 1944 
1751 1941 774 1943 
1752 1944 1943 450 
1753 449 1939 1677 
1754 1939 1945 1677 
1755 1939 775 1945 
1756 1677 1945 708 
1757 775 1946 1945 
1758 1946 1947 1945 
1759 1946 776 1947 
1760 1945 1947 708 
1761 775 1944 1946 
1762 1944 1948 1946 
1763 1944 450 1948 
1764 1946 1948 776 
1765 708 1947 1681 
1766 1947 1949 1681 
1767 1947 776 1949 
1768 1681 1949 451 
1769 451 1949 1951 
1770 1949 1950 1951 
1771 1949 776 1950 
1772 1951 1950 778 
1773 776 1952 1950 
1774 1952 1953 1950 
1775 1952 777 1953 
1776 1950 1953 778 
1777 776 1948 1952 
1778 1948 1954 1952 
1779 1948 450 1954 
1780 1952 1954 777 
1781 778 1953 1956 
1782 1953 1955 1956 
1783 1953 777 1955 
1784 1956 1955 452 
1785 452 1955 1958 
1786 1955 1957 1958 
1787 1955 777 1957 
1788 1958 1957 780 
1789 777 1959 1957 
1790 1959 1960 1957 
1791 1959 779 1960 
1792 1957 1960 780 
1793 777 1954 1959 
1794 1954 1961 1959 
1795 1954 450 1961 
1796 1959 1961 779 
1797 780 1960 1963 
1798 1960 1962 1963 
1799 1960 779 1962 
1800 1963 1962 453 
1801 405 1964 1966 
1802 1964 1965 1966 
1803 1964 781 1965 
1804 1966 1965 783 
1805 781 1967 1965 
1806 1967 1968 1965 
1807 1967 782 1968 
1808 1965 1968 783 
1809 781 1969 1967 
1810 1969 1970 1967 
1811 1969 517 1970 
1812 1967 1970 782 
1813 783 1968 1972 
1814 1968 1971 1972 
1815 1968 782 1971 
1816 1972 1971 540 
1817 405 1973 1964 
1818 1973 1974 1964 
1819 1973 784 1974 
1820 1964 1974 781 
1821 784 1975 1974 
1822 1975 1976 1974 
1823 1975 785 1976 
1824 1974 1976 781 
1825 784 1977 1975 
1826 1977 1978 1975 
1827 1977 515 1978 
1828 1975 1978 785 
1829 781 1976 1969 
1830 1976 1979 1969 
1831 1976 785 1979 
1832 1969 1979 517 
1833 515 1977 1981 
1834 1977 1980 1981 
1835 1977 784 1980 
1836 1981 1980 787 
1837 784 1982 1980 
1838 1982 1983 1980 
1839 1982 786 1983 
1840 1980 1983 787 
1841 784 1973 1982 
1842 1973 1984 1982 
1843 1973 405 1984 
1844 1982 1984 786 
1845 787 1983 1986 
1846 1983 1985 1986 
1847 1983 786 1985 
1848 1986 1985 546 
1849 513 1987 1989 
1850 1987 1988 1989 
1851 1987 788 1988 
1852 1989 1988 789 
1853 788 1990 1988 
1854 1990 1991 1988 
1855 1990 787 1991 
1856 1988 1991 789 
1857 788 1992 1990 
1858 1992 1981 1990 
1859 1992 515 1981 
1860 1990 1981 787 
1861 789 1991 1993 
1862 1991 1986 1993 
1863 1991 787 1986 
1864 1993 1986 546 
1865 404 1994 1996 
1866 1994 1995 1996 
1867 1994 790 1995 
1868 1996 1995 791 
1869 790 1997 1995 
1870 1997 1998 1995 
1871 1997 789 1998 
1872 1995 1998 791 
1873 790 1999 1997 
1874 1999 1989 1997 
1875 1999 513 1989 
1876 1997 1989 789 
1877 791 1998 2000 
1878 1998 1993 2000 
1879 1998 789 1993 
1880 2000 1993 546 
1881 404 2001 1994 
1882 2001 2002 1994 
1883 2001 792 2002 
1884 1994 2002 790 
1885 792 2003 2002 
1886 2003 2004 2002 
1887 2003 793 2004 
1888 2002 2004 790 
1889 792 2005 2003 
1890 2005 2006 2003 
1891 2005 511 2006 
1892 2003 2006 793 
1893 790 2004 1999 
1894 2004 2007 1999 
1895 2004 793 2007 
1896 1999 2007 513 
1897 511 2005 2009 
1898 2005 2008 2009 
1899 2005 792 2008 
1900 2009 2008 795 
1901 792 2010 2008 
1902 2010 2011 2008 
1903 2010 794 2011 
1904 2008 2011 795 
1905 792 2001 2010 
1906 2001 2012 2010 
1907 2001 404 2012 
1908 2010 2012 794 
1909 795 2011 2014 
1910 2011 2013 2014 
1911 2011 794 2013 
1912 2014 2013 538 
1913 509 2015 2017 
1914 2015 2016 2017 
1915 2015 796 2016 
1916 2017 2016 797 
1917 796 2018 2016 
1918 2018 2019 2016 
1919 2018 795 2019 
1920 2016 2019 797 
1921 796 2020 2018 
1922 2020 2009 2018 
1923 2020 511 2009 
1924 2018 2009 795 
1925 797 2019 2021 
1926 2019 2014 2021 
1927 2019 795 2014 
1928 2021 2014 538 
1929 403 2022 2024 
1930 2022 2023 2024 
1931 2022 798 2023 
1932 2024 2023 799 
1933 798 2025 2023 
1934 2025 2026 2023 
1935 2025 797 2026 
1936 2023 2026 799 
1937 798 2027 2025 
1938 2027 2017 2025 
1939 2027 509 2017 
1940 2025 2017 797 
1941 799 2026 2028 
1942 2026 2021 2028 
1943 2026 797 2021 
1944 2028 2021 538 
1945 403 2029 2022 
1946 2029 2030 2022 
1947 2029 800 2030 
1948 2022 2030 798 
1949 800 2031 2030 
1950 2031 2032 2030 
1951 2031 801 2032 
1952 2030 2032 798 
1953 800 2033 2031 
1954 2033 2034 2031 
1955 2033 507 2034 
1956 2031 2034 801 
1957 798 2032 2027 
1958 2032 2035 2027 
1959 2032 801 2035 
1960 2027 2035 509 
1961 478 2036 2038 
1962 2036 2037 2038 
1963 2036 802 2037 
1964 2038 2037 804 
1965 802 2039 2037 
1966 2039 2040 2037 
1967 2039 803 2040 
1968 2037 2040 804 
1969 802 2041 2039 
1970 2041 2042 2039 
1971 2041 472 2042 
1972 2039 2042 803 
1973 804 2040 2044 
1974 2040 2043 2044 
1975 2040 803 2043 
1976 2044 2043 523 
1977 507 2033 2046 
1978 2033 2045 2046 
1979 2033 800 2045 
1980 2046 2045 806 
1981 800 2047 2045 
1982 2047 2048 2045 
1983 2047 805 2048 
1984 2045 2048 806 
1985 800 2029 2047 
1986 2029 2049 2047 
1987 2029 403 2049 
1988 2047 2049 805 
1989 806 2048 2051 
1990 2048 2050 2051 
1991 2048 805 2050 
1992 2051 2050 548 
1993 505 2052 2054 
1994 2052 2053 2054 
1995 2052 807 2053 
1996 2054 2053 808 
1997 807 2055 2053 
1998 2055 2056 2053 
1999 2055 806 2056 
2000 2053 2056 808 
2001 807 2057 2055 
2002 2057 2046 2055 
2003 2057 507 2046 
2004 2055 2046 806 
2005 808 2056 2058 
2006 2056 2051 2058 
2007 2056 806 2051 
2008 2058 2051 548 
2009 398 2059 2061 
2010 2059 2060 2061 
2011 2059 809 2060 
2012 2061 2060 811 
2013 809 2062 2060 
2014 2062 2063 2060 
2015 2062 810 2063 
2016 2060 2063 811 
2017 809 2064 2062 
2018 2064 2065 2062 
2019 2064 492 2065 
2020 2062 2065 810 
2021 811 2063 2067 
2022 2063 2066 2067 
2023 2063 810 2066 
2024 2067 2066 549 
2025 402 2068 2070 
2026 2068 2069 2070 
2027 2068 812 2069 
2028 2070 2069 813 
2029 812 2071 2069 
2030 2071 2072 2069 
2031 2071 808 2072 
2032 2069 2072 813 
2033 812 2073 2071 
2034 2073 2054 2071 
2035 2073 505 2054 
2036 2071 2054 808 
2037 813 2072 2074 
2038 2072 2058 2074 
2039 2072 808 2058 
2040 2074 2058 548 
2041 402 2075 2068 
2042 2075 2076 2068 
2043 2075 814 2076 
2044 2068 2076 812 
2045 814 2077 2076 
2046 2077 2078 2076 
2047 2077 815 2078 
2048 2076 2078 812 
2049 814 2079 2077 
2050 2079 2080 2077 
2051 2079 503 2080 
2052 2077 2080 815 
2053 812 2078 2073 
2054 2078 2081 2073 
2055 2078 815 2081 
2056 2073 2081 505 
2057 492 2082 2065 
2058 2082 2083 2065 
2059 2082 816 2083 
2060 2065 2083 810 
2061 816 2084 2083 
2062 2084 2085 2083 
2063 2084 817 2085 
2064 2083 2085 810 
2065 816 2086 2084 
2066 2086 2087 2084 
2067 2086 490 2087 
2068 2084 2087 817 
2069 810 2085 2066 
2070 2085 2088 2066 
2071 2085 817 2088 
2072 2066 2088 549 
2073 490 2089 2087 
2074 2089 2090 2087 
2075 2089 818 2090 
2076 2087 2090 817 
2077 818 2091 2090 
2078 2091 2092 2090 
2079 2091 819 2092 
2080 2090 2092 817 
2081 818 2093 2091 
2082 2093 2094 2091 
2083 2093 399 2094 
2084 2091 2094 819 
2085 817 2092 2088 
2086 2092 2095 2088 
2087 2092 819 2095 
2088 2088 2095 549 
2089 503 2079 2097 
2090 2079 2096 2097 
2091 2079 814 2096 
2092 2097 2096 821 
2093 814 2098 2096 
2094 2098 2099 2096 
2095 2098 820 2099 
2096 2096 2099 821 
2097 814 2075 2098 
2098 2075 2100 2098 
2099 2075 402 2100 
2100 2098 2100 820 
2101 821 2099 2102 
2102 2099 2101 2102 
2103 2099 820 2101 
2104 2102 2101 543 
2105 501 2103 2105 
2106 2103 2104 2105 
2107 2103 822 2104 
2108 2105 2104 823 
2109 822 2106 2104 
2110 2106 2107 2104 
2111 2106 821 2107 
2112 2104 2107 823 
2113 822 2108 2106 
2114 2108 2097 2106 
2115 2108 503 2097 
2116 2106 2097 821 
2117 823 2107 2109 
2118 2107 2102 2109 
2119 2107 821 2102 
2120 2109 2102 543 
2121 488 2110 2112 
2122 2110 2111 2112 
2123 2110 824 2111 
2124 2112 2111 825 
2125 824 2113 2111 
2126 2113 2114 2111 
2127 2113 818 2114 
2128 2111 2114 825 
2129 824 2115 2113 
2130 2115 2093 2113 
2131 2115 399 2093 
2132 2113 2093 818 
2133 825 2114 2116 
2134 2114 2089 2116 
2135 2114 818 2089 
2136 2116 2089 490 
2137 399 2115 2118 
2138 2115 2117 2118 
2139 2115 824 2117 
2140 2118 2117 827 
2141 824 2119 2117 
2142 2119 2120 2117 
2143 2119 826 2120 
2144 2117 2120 827 
2145 824 2110 2119 
2146 2110 2121 2119 
2147 2110 488 2121 
2148 2119 2121 826 
2149 827 2120 2123 
2150 2120 2122 2123 
2151 2120 826 2122 
2152 2123 2122 547 
2153 393 2124 2126 
2154 2124 2125 2126 
2155 2124 828 2125 
2156 2126 2125 829 
2157 828 2127 2125 
2158 2127 2128 2125 
2159 2127 823 2128 
2160 2125 2128 829 
2161 828 2129 2127 
2162 2129 2105 2127 
2163 2129 501 2105 
2164 2127 2105 823 
2165 829 2128 2130 
2166 2128 2109 2130 
2167 2128 823 2109 
2168 2130 2109 543 
2169 393 2131 2124 
2170 2131 2132 2124 
2171 2131 830 2132 
2172 2124 2132 828 
2173 830 2133 2132 
2174 2133 2134 2132 
2175 2133 831 2134 
2176 2132 2134 828 
2177 830 2135 2133 
2178 2135 2136 2133 
2179 2135 499 2136 
2180 2133 2136 831 
2181 828 2134 2129 
2182 2134 2137 2129 
2183 2134 831 2137 
2184 2129 2137 501 
2185 488 2138 2121 
2186 2138 2139 2121 
2187 2138 832 2139 
2188 2121 2139 826 
2189 832 2140 2139 
2190 2140 2141 2139 
2191 2140 833 2141 
2192 2139 2141 826 
2193 832 2142 2140 
2194 2142 2143 2140 
2195 2142 486 2143 
2196 2140 2143 833 
2197 826 2141 2122 
2198 2141 2144 2122 
2199 2141 833 2144 
2200 2122 2144 547 
2201 486 2145 2143 
2202 2145 2146 2143 
2203 2145 834 2146 
2204 2143 2146 833 
2205 834 2147 2146 
2206 2147 2148 2146 
2207 2147 835 2148 
2208 2146 2148 833 
2209 834 2149 2147 
2210 2149 2150 2147 
2211 2149 401 2150 
2212 2147 2150 835 
2213 833 2148 2144 
2214 2148 2151 2144 
2215 2148 835 2151 
2216 2144 2151 547 
2217 484 2152 2154 
2218 2152 2153 2154 
2219 2152 836 2153 
2220 2154 2153 837 
2221 836 2155 2153 
2222 2155 2156 2153 
2223 2155 834 2156 
2224 2153 2156 837 
2225 836 2157 2155 
2226 2157 2149 2155 
2227 2157 401 2149 
2228 2155 2149 834 
2229 837 2156 2158 
2230 2156 2145 2158 
2231 2156 834 2145 
2232 2158 2145 486 
2233 472 2159 2042 
2234 2159 2160 2042 
2235 2159 838 2160 
2236 2042 2160 803 
2237 838 2161 2160 
2238 2161 2162 2160 
2239 2161 839 2162 
2240 2160 2162 803 
2241 838 2163 2161 
2242 2163 2164 2161 
2243 2163 468 2164 
2244 2161 2164 839 
2245 803 2162 2043 
2246 2162 2165 2043 
2247 2162 839 2165 
2248 2043 2165 523 
2249 401 2157 2167 
2250 2157 2166 2167 
2251 2157 836 2166 
2252 2167 2166 841 
2253 836 2168 2166 
2254 2168 2169 2166 
2255 2168 840 2169 
2256 2166 2169 841 
2257 836 2152 2168 
2258 2152 2170 2168 
2259 2152 484 2170 
2260 2168 2170 840 
2261 841 2169 2172 
2262 2169 2171 2172 
2263 2169 840 2171 
2264 2172 2171 528 
2265 484 2173 2170 
2266 2173 2174 2170 
2267 2173 842 2174 
2268 2170 2174 840 
2269 842 2175 2174 
2270 2175 2176 2174 
2271 2175 843 2176 
2272 2174 2176 840 
2273 842 2177 2175 
2274 2177 2178 2175 
2275 2177 482 2178 
2276 2175 2178 843 
2277 840 2176 2171 
2278 2176 2179 2171 
2279 2176 843 2179 
2280 2171 2179 528 
2281 497 2180 2182 
2282 2180 2181 2182 
2283 2180 844 2181 
2284 2182 2181 846 
2285 844 2183 2181 
2286 2183 2184 2181 
2287 2183 845 2184 
2288 2181 2184 846 
2289 844 2185 2183 
2290 2185 2186 2183 
2291 2185 499 2186 
2292 2183 2186 845 
2293 846 2184 2188 
2294 2184 2187 2188 
2295 2184 845 2187 
2296 2188 2187 533 
2297 482 2189 2178 
2298 2189 2190 2178 
2299 2189 847 2190 
2300 2178 2190 843 
2301 847 2191 2190 
2302 2191 2192 2190 
2303 2191 848 2192 
2304 2190 2192 843 
2305 847 2193 2191 
2306 2193 2194 2191 
2307 2193 400 2194 
2308 2191 2194 848 
2309 843 2192 2179 
2310 2192 2195 2179 
2311 2192 848 2195 
2312 2179 2195 528 
2313 499 2135 2186 
2314 2135 2196 2186 
2315 2135 830 2196 
2316 2186 2196 845 
2317 830 2197 2196 
2318 2197 2198 2196 
2319 2197 849 2198 
2320 2196 2198 845 
2321 830 2131 2197 
2322 2131 2199 2197 
2323 2131 393 2199 
2324 2197 2199 849 
2325 845 2198 2187 
2326 2198 2200 2187 
2327 2198 849 2200 
2328 2187 2200 533 
2329 479 2201 2203 
2330 2201 2202 2203 
2331 2201 850 2202 
2332 2203 2202 851 
2333 850 2204 2202 
2334 2204 2205 2202 
2335 2204 847 2205 
2336 2202 2205 851 
2337 850 2206 2204 
2338 2206 2193 2204 
2339 2206 400 2193 
2340 2204 2193 847 
2341 851 2205 2207 
2342 2205 2189 2207 
2343 2205 847 2189 
2344 2207 2189 482 
2345 427 2208 2210 
2346 2208 2209 2210 
2347 2208 852 2209 
2348 2210 2209 854 
2349 852 2211 2209 
2350 2211 2212 2209 
2351 2211 853 2212 
2352 2209 2212 854 
2353 852 2213 2211 
2354 2213 2214 2211 
2355 2213 467 2214 
2356 2211 2214 853 
2357 854 2212 2216 
2358 2212 2215 2216 
2359 2212 853 2215 
2360 2216 2215 468 
2361 468 2215 2164 
2362 2215 2217 2164 
2363 2215 853 2217 
2364 2164 2217 839 
2365 853 2218 2217 
2366 2218 2219 2217 
2367 2218 855 2219 
2368 2217 2219 839 
2369 853 2214 2218 
2370 2214 2220 2218 
2371 2214 467 2220 
2372 2218 2220 855 
2373 839 2219 2165 
2374 2219 2221 2165 
2375 2219 855 2221 
2376 2165 2221 523 
2377 409 2222 2224 
2378 2222 2223 2224 
2379 2222 856 2223 
2380 2224 2223 858 
2381 856 2225 2223 
2382 2225 2226 2223 
2383 2225 857 2226 
2384 2223 2226 858 
2385 856 2227 2225 
2386 2227 2228 2225 
2387 2227 495 2228 
2388 2225 2228 857 
2389 858 2226 2230 
2390 2226 2229 2230 
2391 2226 857 2229 
2392 2230 2229 497 
2393 427 2231 2208 
2394 2231 2232 2208 
2395 2231 859 2232 
2396 2208 2232 852 
2397 859 2233 2232 
2398 2233 2234 2232 
2399 2233 860 2234 
2400 2232 2234 852 
2401 859 2235 2233 
2402 2235 2236 2233 
2403 2235 372 2236 
2404 2233 2236 860 
2405 852 2234 2213 
2406 2234 2237 2213 
2407 2234 860 2237 
2408 2213 2237 467 
2409 369 292 2239 
2410 292 2238 2239 
2411 292 324 2238 
2412 2239 2238 862 
2413 324 2240 2238 
2414 2240 2241 2238 
2415 2240 861 2241 
2416 2238 2241 862 
2417 324 293 2240 
2418 293 2242 2240 
2419 293 368 2242 
2420 2240 2242 861 
2421 862 2241 2244 
2422 2241 2243 2244 
2423 2241 861 2243 
2424 2244 2243 521 
2425 409 2224 2246 
2426 2224 2245 2246 
2427 2224 858 2245 
2428 2246 2245 863 
2429 858 2247 2245 
2430 2247 2248 2245 
2431 2247 846 2248 
2432 2245 2248 863 
2433 858 2230 2247 
2434 2230 2182 2247 
2435 2230 497 2182 
2436 2247 2182 846 
2437 863 2248 2249 
2438 2248 2188 2249 
2439 2248 846 2188 
2440 2249 2188 533 
2441 473 2250 2252 
2442 2250 2251 2252 
2443 2250 864 2251 
2444 2252 2251 865 
2445 864 2253 2251 
2446 2253 2254 2251 
2447 2253 862 2254 
2448 2251 2254 865 
2449 864 2255 2253 
2450 2255 2239 2253 
2451 2255 369 2239 
2452 2253 2239 862 
2453 865 2254 2256 
2454 2254 2244 2256 
2455 2254 862 2244 
2456 2256 2244 521 
2457 495 2227 2258 
2458 2227 2257 2258 
2459 2227 856 2257 
2460 2258 2257 867 
2461 856 2259 2257 
2462 2259 2260 2257 
2463 2259 866 2260 
2464 2257 2260 867 
2465 856 2222 2259 
2466 2222 2261 2259 
2467 2222 409 2261 
2468 2259 2261 866 
2469 867 2260 2263 
2470 2260 2262 2263 
2471 2260 866 2262 
2472 2263 2262 522 
2473 400 2206 2265 
2474 2206 2264 2265 
2475 2206 850 2264 
2476 2265 2264 869 
2477 850 2266 2264 
2478 2266 2267 2264 
2479 2266 868 2267 
2480 2264 2267 869 
2481 850 2201 2266 
2482 2201 2268 2266 
2483 2201 479 2268 
2484 2266 2268 868 
2485 869 2267 2270 
2486 2267 2269 2270 
2487 2267 868 2269 
2488 2270 2269 521 
2489 373 251 2272 
2490 251 2271 2272 
2491 251 328 2271 
2492 2272 2271 870 
2493 328 2273 2271 
2494 2273 2274 2271 
2495 2273 859 2274 
2496 2271 2274 870 
2497 328 285 2273 
2498 285 2235 2273 
2499 285 372 2235 
2500 2273 2235 859 
2501 870 2274 2275 
2502 2274 2231 2275 
2503 2274 859 2231 
2504 2275 2231 427 
2505 173 94 2277 
2506 94 2276 2277 
2507 94 129 2276 
2508 2277 2276 872 
2509 129 2278 2276 
2510 2278 2279 2276 
2511 2278 871 2279 
2512 2276 2279 872 
2513 129 95 2278 
2514 95 2280 2278 
2515 95 172 2280 
2516 2278 2280 871 
2517 872 2279 2282 
2518 2279 2281 2282 
2519 2279 871 2281 
2520 2282 2281 520 
2521 172 2283 2280 
2522 2283 2284 2280 
2523 2283 873 2284 
2524 2280 2284 871 
2525 873 2285 2284 
2526 2285 2286 2284 
2527 2285 874 2286 
2528 2284 2286 871 
2529 873 2287 2285 
2530 2287 2288 2285 
2531 2287 420 2288 
2532 2285 2288 874 
2533 871 2286 2281 
2534 2286 2289 2281 
2535 2286 874 2289 
2536 2281 2289 520 
2537 430 2290 2292 
2538 2290 2291 2292 
2539 2290 875 2291 
2540 2292 2291 877 
2541 875 2293 2291 
2542 2293 2294 2291 
2543 2293 876 2294 
2544 2291 2294 877 
2545 875 2295 2293 
2546 2295 2296 2293 
2547 2295 175 2296 
2548 2293 2296 876 
2549 877 2294 2298 
2550 2294 2297 2298 
2551 2294 876 2297 
2552 2298 2297 519 
2553 174 92 2300 
2554 92 2299 2300 
2555 92 130 2299 
2556 2300 2299 879 
2557 130 2301 2299 
2558 2301 2302 2299 
2559 2301 878 2302 
2560 2299 2302 879 
2561 130 93 2301 
2562 93 2303 2301 
2563 93 173 2303 
2564 2301 2303 878 
2565 879 2302 2305 
2566 2302 2304 2305 
2567 2302 878 2304 
2568 2305 2304 428 
2569 371 288 2307 
2570 288 2306 2307 
2571 288 326 2306 
2572 2307 2306 881 
2573 326 2308 2306 
2574 2308 2309 2306 
2575 2308 880 2309 
2576 2306 2309 881 
2577 326 289 2308 
2578 289 2310 2308 
2579 289 370 2310 
2580 2308 2310 880 
2581 881 2309 2312 
2582 2309 2311 2312 
2583 2309 880 2311 
2584 2312 2311 429 
2585 370 290 2314 
2586 290 2313 2314 
2587 290 325 2313 
2588 2314 2313 882 
2589 325 2315 2313 
2590 2315 2316 2313 
2591 2315 864 2316 
2592 2313 2316 882 
2593 325 291 2315 
2594 291 2255 2315 
2595 291 369 2255 
2596 2315 2255 864 
2597 882 2316 2317 
2598 2316 2250 2317 
2599 2316 864 2250 
2600 2317 2250 473 
2601 368 2318 2242 
2602 2318 2319 2242 
2603 2318 883 2319 
2604 2242 2319 861 
2605 883 2320 2319 
2606 2320 2321 2319 
2607 2320 869 2321 
2608 2319 2321 861 
2609 883 2322 2320 
2610 2322 2265 2320 
2611 2322 400 2265 
2612 2320 2265 869 
2613 861 2321 2243 
2614 2321 2270 2243 
2615 2321 869 2270 
2616 2243 2270 521 
2617 429 2311 2324 
2618 2311 2323 2324 
2619 2311 880 2323 
2620 2324 2323 884 
2621 880 2325 2323 
2622 2325 2326 2323 
2623 2325 882 2326 
2624 2323 2326 884 
2625 880 2310 2325 
2626 2310 2314 2325 
2627 2310 370 2314 
2628 2325 2314 882 
2629 884 2326 2327 
2630 2326 2317 2327 
2631 2326 882 2317 
2632 2327 2317 473 
2633 428 2304 2329 
2634 2304 2328 2329 
2635 2304 878 2328 
2636 2329 2328 885 
2637 878 2330 2328 
2638 2330 2331 2328 
2639 2330 872 2331 
2640 2328 2331 885 
2641 878 2303 2330 
2642 2303 2277 2330 
2643 2303 173 2277 
2644 2330 2277 872 
2645 885 2331 2332 
2646 2331 2282 2332 
2647 2331 872 2282 
2648 2332 2282 520 
2649 373 2272 2334 
2650 2272 2333 2334 
2651 2272 870 2333 
2652 2334 2333 887 
2653 870 2335 2333 
2654 2335 2336 2333 
2655 2335 886 2336 
2656 2333 2336 887 
2657 870 2275 2335 
2658 2275 2337 2335 
2659 2275 427 2337 
2660 2335 2337 886 
2661 887 2336 2339 
2662 2336 2338 2339 
2663 2336 886 2338 
2664 2339 2338 522 
2665 374 238 2341 
2666 238 2340 2341 
2667 238 329 2340 
2668 2341 2340 888 
2669 329 2342 2340 
2670 2342 2343 2340 
2671 2342 887 2343 
2672 2340 2343 888 
2673 329 239 2342 
2674 239 2334 2342 
2675 239 373 2334 
2676 2342 2334 887 
2677 888 2343 2344 
2678 2343 2339 2344 
2679 2343 887 2339 
2680 2344 2339 522 
2681 176 55 2346 
2682 55 2345 2346 
2683 55 132 2345 
2684 2346 2345 889 
2685 132 2347 2345 
2686 2347 2348 2345 
2687 2347 875 2348 
2688 2345 2348 889 
2689 132 89 2347 
2690 89 2295 2347 
2691 89 175 2295 
2692 2347 2295 875 
2693 889 2348 2349 
2694 2348 2290 2349 
2695 2348 875 2290 
2696 2349 2290 430 
2697 469 2350 2352 
2698 2350 2351 2352 
2699 2350 890 2351 
2700 2352 2351 891 
2701 890 2353 2351 
2702 2353 2354 2351 
2703 2353 867 2354 
2704 2351 2354 891 
2705 890 2355 2353 
2706 2355 2258 2353 
2707 2355 495 2258 
2708 2353 2258 867 
2709 891 2354 2356 
2710 2354 2263 2356 
2711 2354 867 2263 
2712 2356 2263 522 
2713 467 2357 2220 
2714 2357 2358 2220 
2715 2357 892 2358 
2716 2220 2358 855 
2717 892 2359 2358 
2718 2359 2360 2358 
2719 2359 893 2360 
2720 2358 2360 855 
2721 892 2361 2359 
2722 2361 2362 2359 
2723 2361 429 2362 
2724 2359 2362 893 
2725 855 2360 2221 
2726 2360 2363 2221 
2727 2360 893 2363 
2728 2221 2363 523 
2729 372 286 2236 
2730 286 2364 2236 
2731 286 327 2364 
2732 2236 2364 860 
2733 327 2365 2364 
2734 2365 2366 2364 
2735 2365 894 2366 
2736 2364 2366 860 
2737 327 287 2365 
2738 287 2367 2365 
2739 287 371 2367 
2740 2365 2367 894 
2741 860 2366 2237 
2742 2366 2368 2237 
2743 2366 894 2368 
2744 2237 2368 467 
2745 371 2307 2367 
2746 2307 2369 2367 
2747 2307 881 2369 
2748 2367 2369 894 
2749 881 2370 2369 
2750 2370 2371 2369 
2751 2370 892 2371 
2752 2369 2371 894 
2753 881 2312 2370 
2754 2312 2361 2370 
2755 2312 429 2361 
2756 2370 2361 892 
2757 894 2371 2368 
2758 2371 2357 2368 
2759 2371 892 2357 
2760 2368 2357 467 
2761 427 2210 2373 
2762 2210 2372 2373 
2763 2210 854 2372 
2764 2373 2372 896 
2765 854 2374 2372 
2766 2374 2375 2372 
2767 2374 895 2375 
2768 2372 2375 896 
2769 854 2216 2374 
2770 2216 2376 2374 
2771 2216 468 2376 
2772 2374 2376 895 
2773 896 2375 2378 
2774 2375 2377 2378 
2775 2375 895 2377 
2776 2378 2377 469 
2777 427 2373 2337 
2778 2373 2379 2337 
2779 2373 896 2379 
2780 2337 2379 886 
2781 896 2380 2379 
2782 2380 2381 2379 
2783 2380 891 2381 
2784 2379 2381 886 
2785 896 2378 2380 
2786 2378 2352 2380 
2787 2378 469 2352 
2788 2380 2352 891 
2789 886 2381 2338 
2790 2381 2356 2338 
2791 2381 891 2356 
2792 2338 2356 522 
2793 474 2382 2384 
2794 2382 2383 2384 
2795 2382 897 2383 
2796 2384 2383 898 
2797 897 2385 2383 
2798 2385 2386 2383 
2799 2385 804 2386 
2800 2383 2386 898 
2801 897 2387 2385 
2802 2387 2038 2385 
2803 2387 478 2038 
2804 2385 2038 804 
2805 898 2386 2388 
2806 2386 2044 2388 
2807 2386 804 2044 
2808 2388 2044 523 
2809 409 2389 2261 
2810 2389 2390 2261 
2811 2389 899 2390 
2812 2261 2390 866 
2813 899 2391 2390 
2814 2391 2392 2390 
2815 2391 888 2392 
2816 2390 2392 866 
2817 899 2393 2391 
2818 2393 2341 2391 
2819 2393 374 2341 
2820 2391 2341 888 
2821 866 2392 2262 
2822 2392 2344 2262 
2823 2392 888 2344 
2824 2262 2344 522 
2825 177 42 2395 
2826 42 2394 2395 
2827 42 133 2394 
2828 2395 2394 901 
2829 133 2396 2394 
2830 2396 2397 2394 
2831 2396 900 2397 
2832 2394 2397 901 
2833 133 43 2396 
2834 43 2398 2396 
2835 43 176 2398 
2836 2396 2398 900 
2837 901 2397 2400 
2838 2397 2399 2400 
2839 2397 900 2399 
2840 2400 2399 552 
2841 429 2401 2362 
2842 2401 2402 2362 
2843 2401 902 2402 
2844 2362 2402 893 
2845 902 2403 2402 
2846 2403 2404 2402 
2847 2403 898 2404 
2848 2402 2404 893 
2849 902 2405 2403 
2850 2405 2384 2403 
2851 2405 474 2384 
2852 2403 2384 898 
2853 893 2404 2363 
2854 2404 2388 2363 
2855 2404 898 2388 
2856 2363 2388 523 
2857 474 2406 2408 
2858 2406 2407 2408 
2859 2406 903 2407 
2860 2408 2407 905 
2861 903 2409 2407 
2862 2409 2410 2407 
2863 2409 904 2410 
2864 2407 2410 905 
2865 903 2411 2409 
2866 2411 2412 2409 
2867 2411 473 2412 
2868 2409 2412 904 
2869 905 2410 2414 
2870 2410 2413 2414 
2871 2410 904 2413 
2872 2414 2413 475 
2873 175 90 2296 
2874 90 2415 2296 
2875 90 131 2415 
2876 2296 2415 876 
2877 131 2416 2415 
2878 2416 2417 2415 
2879 2416 906 2417 
2880 2415 2417 876 
2881 131 91 2416 
2882 91 2418 2416 
2883 91 174 2418 
2884 2416 2418 906 
2885 876 2417 2297 
2886 2417 2419 2297 
2887 2417 906 2419 
2888 2297 2419 519 
2889 429 2324 2401 
2890 2324 2420 2401 
2891 2324 884 2420 
2892 2401 2420 902 
2893 884 2421 2420 
2894 2421 2422 2420 
2895 2421 903 2422 
2896 2420 2422 902 
2897 884 2327 2421 
2898 2327 2411 2421 
2899 2327 473 2411 
2900 2421 2411 903 
2901 902 2422 2405 
2902 2422 2406 2405 
2903 2422 903 2406 
2904 2405 2406 474 
2905 174 2300 2418 
2906 2300 2423 2418 
2907 2300 879 2423 
2908 2418 2423 906 
2909 879 2424 2423 
2910 2424 2425 2423 
2911 2424 907 2425 
2912 2423 2425 906 
2913 879 2305 2424 
2914 2305 2426 2424 
2915 2305 428 2426 
2916 2424 2426 907 
2917 906 2425 2419 
2918 2425 2427 2419 
2919 2425 907 2427 
2920 2419 2427 519 
2921 474 2408 2429 
2922 2408 2428 2429 
2923 2408 905 2428 
2924 2429 2428 909 
2925 905 2430 2428 
2926 2430 2431 2428 
2927 2430 908 2431 
2928 2428 2431 909 
2929 905 2414 2430 
2930 2414 2432 2430 
2931 2414 475 2432 
2932 2430 2432 908 
2933 909 2431 2434 
2934 2431 2433 2434 
2935 2431 908 2433 
2936 2434 2433 476 
2937 410 2435 2437 
2938 2435 2436 2437 
2939 2435 910 2436 
2940 2437 2436 911 
2941 910 2438 2436 
2942 2438 2439 2436 
2943 2438 901 2439 
2944 2436 2439 911 
2945 910 2440 2438 
2946 2440 2395 2438 
2947 2440 177 2395 
2948 2438 2395 901 
2949 911 2439 2441 
2950 2439 2400 2441 
2951 2439 901 2400 
2952 2441 2400 552 
2953 497 2442 2180 
2954 2442 2443 2180 
2955 2442 912 2443 
2956 2180 2443 844 
2957 912 2444 2443 
2958 2444 2445 2443 
2959 2444 913 2445 
2960 2443 2445 844 
2961 912 2446 2444 
2962 2446 2447 2444 
2963 2446 498 2447 
2964 2444 2447 913 
2965 844 2445 2185 
2966 2445 2448 2185 
2967 2445 913 2448 
2968 2185 2448 499 
2969 499 2448 2450 
2970 2448 2449 2450 
2971 2448 913 2449 
2972 2450 2449 915 
2973 913 2451 2449 
2974 2451 2452 2449 
2975 2451 914 2452 
2976 2449 2452 915 
2977 913 2447 2451 
2978 2447 2453 2451 
2979 2447 498 2453 
2980 2451 2453 914 
2981 915 2452 2455 
2982 2452 2454 2455 
2983 2452 914 2454 
2984 2455 2454 500 
2985 499 2450 2136 
2986 2450 2456 2136 
2987 2450 915 2456 
2988 2136 2456 831 
2989 915 2457 2456 
2990 2457 2458 2456 
2991 2457 916 2458 
2992 2456 2458 831 
2993 915 2455 2457 
2994 2455 2459 2457 
2995 2455 500 2459 
2996 2457 2459 916 
2997 831 2458 2137 
2998 2458 2460 2137 
2999 2458 916 2460 
3000 2137 2460 501 
3001 476 2433 2462 
3002 2433 2461 2462 
3003 2433 908 2461 
3004 2462 2461 918 
3005 908 2463 2461 
3006 2463 2464 2461 
3007 2463 917 2464 
3008 2461 2464 918 
3009 908 2432 2463 
3010 2432 2465 2463 
3011 2432 475 2465 
3012 2463 2465 917 
3013 918 2464 2467 
3014 2464 2466 2467 
3015 2464 917 2466 
3016 2467 2466 477 
3017 495 2468 2228 
3018 2468 2469 2228 
3019 2468 919 2469 
3020 2228 2469 857 
3021 919 2470 2469 
3022 2470 2471 2469 
3023 2470 920 2471 
3024 2469 2471 857 
3025 919 2472 2470 
3026 2472 2473 2470 
3027 2472 496 2473 
3028 2470 2473 920 
3029 857 2471 2229 
3030 2471 2474 2229 
3031 2471 920 2474 
3032 2229 2474 497 
3033 501 2460 2476 
3034 2460 2475 2476 
3035 2460 916 2475 
3036 2476 2475 922 
3037 916 2477 2475 
3038 2477 2478 2475 
3039 2477 921 2478 
3040 2475 2478 922 
3041 916 2459 2477 
3042 2459 2479 2477 
3043 2459 500 2479 
3044 2477 2479 921 
3045 922 2478 2481 
3046 2478 2480 2481 
3047 2478 921 2480 
3048 2481 2480 502 
3049 497 2474 2442 
3050 2474 2482 2442 
3051 2474 920 2482 
3052 2442 2482 912 
3053 920 2483 2482 
3054 2483 2484 2482 
3055 2483 923 2484 
3056 2482 2484 912 
3057 920 2473 2483 
3058 2473 2485 2483 
3059 2473 496 2485 
3060 2483 2485 923 
3061 912 2484 2446 
3062 2484 2486 2446 
3063 2484 923 2486 
3064 2446 2486 498 
3065 477 2466 2488 
3066 2466 2487 2488 
3067 2466 917 2487 
3068 2488 2487 925 
3069 917 2489 2487 
3070 2489 2490 2487 
3071 2489 924 2490 
3072 2487 2490 925 
3073 917 2465 2489 
3074 2465 2491 2489 
3075 2465 475 2491 
3076 2489 2491 924 
3077 925 2490 2493 
3078 2490 2492 2493 
3079 2490 924 2492 
3080 2493 2492 479 
3081 477 2488 2495 
3082 2488 2494 2495 
3083 2488 925 2494 
3084 2495 2494 927 
3085 925 2496 2494 
3086 2496 2497 2494 
3087 2496 926 2497 
3088 2494 2497 927 
3089 925 2493 2496 
3090 2493 2498 2496 
3091 2493 479 2498 
3092 2496 2498 926 
3093 927 2497 2500 
3094 2497 2499 2500 
3095 2497 926 2499 
3096 2500 2499 480 
3097 501 2476 2103 
3098 2476 2501 2103 
3099 2476 922 2501 
3100 2103 2501 822 
3101 922 2502 2501 
3102 2502 2503 2501 
3103 2502 928 2503 
3104 2501 2503 822 
3105 922 2481 2502 
3106 2481 2504 2502 
3107 2481 502 2504 
3108 2502 2504 928 
3109 822 2503 2108 
3110 2503 2505 2108 
3111 2503 928 2505 
3112 2108 2505 503 
3113 480 2499 2507 
3114 2499 2506 2507 
3115 2499 926 2506 
3116 2507 2506 929 
3117 926 2508 2506 
3118 2508 2509 2506 
3119 2508 851 2509 
3120 2506 2509 929 
3121 926 2498 2508 
3122 2498 2203 2508 
3123 2498 479 2203 
3124 2508 2203 851 
3125 929 2509 2510 
3126 2509 2207 2510 
3127 2509 851 2207 
3128 2510 2207 482 
3129 470 2511 2513 
3130 2511 2512 2513 
3131 2511 930 2512 
3132 2513 2512 931 
3133 930 2514 2512 
3134 2514 2515 2512 
3135 2514 838 2515 
3136 2512 2515 931 
3137 930 2516 2514 
3138 2516 2163 2514 
3139 2516 468 2163 
3140 2514 2163 838 
3141 931 2515 2517 
3142 2515 2159 2517 
3143 2515 838 2159 
3144 2517 2159 472 
3145 474 2429 2382 
3146 2429 2518 2382 
3147 2429 909 2518 
3148 2382 2518 897 
3149 909 2519 2518 
3150 2519 2520 2518 
3151 2519 932 2520 
3152 2518 2520 897 
3153 909 2434 2519 
3154 2434 2521 2519 
3155 2434 476 2521 
3156 2519 2521 932 
3157 897 2520 2387 
3158 2520 2522 2387 
3159 2520 932 2522 
3160 2387 2522 478 
3161 469 2523 2350 
3162 2523 2524 2350 
3163 2523 933 2524 
3164 2350 2524 890 
3165 933 2525 2524 
3166 2525 2526 2524 
3167 2525 934 2526 
3168 2524 2526 890 
3169 933 2527 2525 
3170 2527 2528 2525 
3171 2527 471 2528 
3172 2525 2528 934 
3173 890 2526 2355 
3174 2526 2529 2355 
3175 2526 934 2529 
3176 2355 2529 495 
3177 480 2507 2531 
3178 2507 2530 2531 
3179 2507 929 2530 
3180 2531 2530 936 
3181 929 2532 2530 
3182 2532 2533 2530 
3183 2532 935 2533 
3184 2530 2533 936 
3185 929 2510 2532 
3186 2510 2534 2532 
3187 2510 482 2534 
3188 2532 2534 935 
3189 936 2533 2536 
3190 2533 2535 2536 
3191 2533 935 2535 
3192 2536 2535 483 
3193 475 2413 2538 
3194 2413 2537 2538 
3195 2413 904 2537 
3196 2538 2537 937 
3197 904 2539 2537 
3198 2539 2540 2537 
3199 2539 865 2540 
3200 2537 2540 937 
3201 904 2412 2539 
3202 2412 2252 2539 
3203 2412 473 2252 
3204 2539 2252 865 
3205 937 2540 2541 
3206 2540 2256 2541 
3207 2540 865 2256 
3208 2541 2256 521 
3209 503 2505 2543 
3210 2505 2542 2543 
3211 2505 928 2542 
3212 2543 2542 939 
3213 928 2544 2542 
3214 2544 2545 2542 
3215 2544 938 2545 
3216 2542 2545 939 
3217 928 2504 2544 
3218 2504 2546 2544 
3219 2504 502 2546 
3220 2544 2546 938 
3221 939 2545 2548 
3222 2545 2547 2548 
3223 2545 938 2547 
3224 2548 2547 504 
3225 176 2346 2398 
3226 2346 2549 2398 
3227 2346 889 2549 
3228 2398 2549 900 
3229 889 2550 2549 
3230 2550 2551 2549 
3231 2550 940 2551 
3232 2549 2551 900 
3233 889 2349 2550 
3234 2349 2552 2550 
3235 2349 430 2552 
3236 2550 2552 940 
3237 900 2551 2399 
3238 2551 2553 2399 
3239 2551 940 2553 
3240 2399 2553 552 
3241 477 2495 2555 
3242 2495 2554 2555 
3243 2495 927 2554 
3244 2555 2554 942 
3245 927 2556 2554 
3246 2556 2557 2554 
3247 2556 941 2557 
3248 2554 2557 942 
3249 927 2500 2556 
3250 2500 2558 2556 
3251 2500 480 2558 
3252 2556 2558 941 
3253 942 2557 2560 
3254 2557 2559 2560 
3255 2557 941 2559 
3256 2560 2559 481 
3257 483 2535 2562 
3258 2535 2561 2562 
3259 2535 935 2561 
3260 2562 2561 943 
3261 935 2563 2561 
3262 2563 2564 2561 
3263 2563 842 2564 
3264 2561 2564 943 
3265 935 2534 2563 
3266 2534 2177 2563 
3267 2534 482 2177 
3268 2563 2177 842 
3269 943 2564 2565 
3270 2564 2173 2565 
3271 2564 842 2173 
3272 2565 2173 484 
3273 503 2543 2080 
3274 2543 2566 2080 
3275 2543 939 2566 
3276 2080 2566 815 
3277 939 2567 2566 
3278 2567 2568 2566 
3279 2567 944 2568 
3280 2566 2568 815 
3281 939 2548 2567 
3282 2548 2569 2567 
3283 2548 504 2569 
3284 2567 2569 944 
3285 815 2568 2081 
3286 2568 2570 2081 
3287 2568 944 2570 
3288 2081 2570 505 
3289 483 2562 2572 
3290 2562 2571 2572 
3291 2562 943 2571 
3292 2572 2571 946 
3293 943 2573 2571 
3294 2573 2574 2571 
3295 2573 945 2574 
3296 2571 2574 946 
3297 943 2565 2573 
3298 2565 2575 2573 
3299 2565 484 2575 
3300 2573 2575 945 
3301 946 2574 2577 
3302 2574 2576 2577 
3303 2574 945 2576 
3304 2577 2576 485 
3305 400 2578 2194 
3306 2578 2579 2194 
3307 2578 947 2579 
3308 2194 2579 848 
3309 947 2580 2579 
3310 2580 2581 2579 
3311 2580 948 2581 
3312 2579 2581 848 
3313 947 2582 2580 
3314 2582 2583 2580 
3315 2582 367 2583 
3316 2580 2583 948 
3317 848 2581 2195 
3318 2581 2584 2195 
3319 2581 948 2584 
3320 2195 2584 528 
3321 360 2585 2587 
3322 2585 2586 2587 
3323 2585 949 2586 
3324 2587 2586 951 
3325 949 2588 2586 
3326 2588 2589 2586 
3327 2588 950 2589 
3328 2586 2589 951 
3329 949 2590 2588 
3330 2590 2591 2588 
3331 2590 397 2591 
3332 2588 2591 950 
3333 951 2589 2593 
3334 2589 2592 2593 
3335 2589 950 2592 
3336 2593 2592 536 
3337 505 2570 2595 
3338 2570 2594 2595 
3339 2570 944 2594 
3340 2595 2594 953 
3341 944 2596 2594 
3342 2596 2597 2594 
3343 2596 952 2597 
3344 2594 2597 953 
3345 944 2569 2596 
3346 2569 2598 2596 
3347 2569 504 2598 
3348 2596 2598 952 
3349 953 2597 2600 
3350 2597 2599 2600 
3351 2597 952 2599 
3352 2600 2599 506 
3353 367 296 2583 
3354 296 2601 2583 
3355 296 322 2601 
3356 2583 2601 948 
3357 322 2602 2601 
3358 2602 2603 2601 
3359 2602 954 2603 
3360 2601 2603 948 
3361 322 297 2602 
3362 297 2604 2602 
3363 297 366 2604 
3364 2602 2604 954 
3365 948 2603 2584 
3366 2603 2605 2584 
3367 2603 954 2605 
3368 2584 2605 528 
3369 350 264 2607 
3370 264 2606 2607 
3371 264 316 2606 
3372 2607 2606 955 
3373 316 2608 2606 
3374 2608 2609 2606 
3375 2608 951 2609 
3376 2606 2609 955 
3377 316 265 2608 
3378 265 2587 2608 
3379 265 360 2587 
3380 2608 2587 951 
3381 955 2609 2610 
3382 2609 2593 2610 
3383 2609 951 2593 
3384 2610 2593 536 
3385 365 300 2612 
3386 300 2611 2612 
3387 300 320 2611 
3388 2612 2611 957 
3389 320 2613 2611 
3390 2613 2614 2611 
3391 2613 956 2614 
3392 2611 2614 957 
3393 320 301 2613 
3394 301 2615 2613 
3395 301 364 2615 
3396 2613 2615 956 
3397 957 2614 2617 
3398 2614 2616 2617 
3399 2614 956 2616 
3400 2617 2616 547 
3401 485 2576 2619 
3402 2576 2618 2619 
3403 2576 945 2618 
3404 2619 2618 958 
3405 945 2620 2618 
3406 2620 2621 2618 
3407 2620 837 2621 
3408 2618 2621 958 
3409 945 2575 2620 
3410 2575 2154 2620 
3411 2575 484 2154 
3412 2620 2154 837 
3413 958 2621 2622 
3414 2621 2158 2622 
3415 2621 837 2158 
3416 2622 2158 486 
3417 363 304 2624 
3418 304 2623 2624 
3419 304 318 2623 
3420 2624 2623 960 
3421 318 2625 2623 
3422 2625 2626 2623 
3423 2625 959 2626 
3424 2623 2626 960 
3425 318 305 2625 
3426 305 2627 2625 
3427 305 351 2627 
3428 2625 2627 959 
3429 960 2626 2629 
3430 2626 2628 2629 
3431 2626 959 2628 
3432 2629 2628 549 
3433 505 2595 2052 
3434 2595 2630 2052 
3435 2595 953 2630 
3436 2052 2630 807 
3437 953 2631 2630 
3438 2631 2632 2630 
3439 2631 961 2632 
3440 2630 2632 807 
3441 953 2600 2631 
3442 2600 2633 2631 
3443 2600 506 2633 
3444 2631 2633 961 
3445 807 2632 2057 
3446 2632 2634 2057 
3447 2632 961 2634 
3448 2057 2634 507 
3449 401 2635 2150 
3450 2635 2636 2150 
3451 2635 962 2636 
3452 2150 2636 835 
3453 962 2637 2636 
3454 2637 2638 2636 
3455 2637 957 2638 
3456 2636 2638 835 
3457 962 2639 2637 
3458 2639 2612 2637 
3459 2639 365 2612 
3460 2637 2612 957 
3461 835 2638 2151 
3462 2638 2617 2151 
3463 2638 957 2617 
3464 2151 2617 547 
3465 166 2640 2642 
3466 2640 2641 2642 
3467 2640 963 2641 
3468 2642 2641 965 
3469 963 2643 2641 
3470 2643 2644 2641 
3471 2643 964 2644 
3472 2641 2644 965 
3473 963 2645 2643 
3474 2645 2646 2643 
3475 2645 423 2646 
3476 2643 2646 964 
3477 965 2644 2648 
3478 2644 2647 2648 
3479 2644 964 2647 
3480 2648 2647 530 
3481 167 106 2650 
3482 106 2649 2650 
3483 106 123 2649 
3484 2650 2649 966 
3485 123 2651 2649 
3486 2651 2652 2649 
3487 2651 965 2652 
3488 2649 2652 966 
3489 123 107 2651 
3490 107 2642 2651 
3491 107 166 2642 
3492 2651 2642 965 
3493 966 2652 2653 
3494 2652 2648 2653 
3495 2652 965 2648 
3496 2653 2648 530 
3497 495 2529 2468 
3498 2529 2654 2468 
3499 2529 934 2654 
3500 2468 2654 919 
3501 934 2655 2654 
3502 2655 2656 2654 
3503 2655 967 2656 
3504 2654 2656 919 
3505 934 2528 2655 
3506 2528 2657 2655 
3507 2528 471 2657 
3508 2655 2657 967 
3509 919 2656 2472 
3510 2656 2658 2472 
3511 2656 967 2658 
3512 2472 2658 496 
3513 192 2659 2661 
3514 2659 2660 2661 
3515 2659 968 2660 
3516 2661 2660 970 
3517 968 2662 2660 
3518 2662 2663 2660 
3519 2662 969 2663 
3520 2660 2663 970 
3521 968 2664 2662 
3522 2664 2665 2662 
3523 2664 413 2665 
3524 2662 2665 969 
3525 970 2663 2667 
3526 2663 2666 2667 
3527 2663 969 2666 
3528 2667 2666 525 
3529 399 2668 2094 
3530 2668 2669 2094 
3531 2668 971 2669 
3532 2094 2669 819 
3533 971 2670 2669 
3534 2670 2671 2669 
3535 2670 960 2671 
3536 2669 2671 819 
3537 971 2672 2670 
3538 2672 2624 2670 
3539 2672 363 2624 
3540 2670 2624 960 
3541 819 2671 2095 
3542 2671 2629 2095 
3543 2671 960 2629 
3544 2095 2629 549 
3545 487 2673 2675 
3546 2673 2674 2675 
3547 2673 972 2674 
3548 2675 2674 973 
3549 972 2676 2674 
3550 2676 2677 2674 
3551 2676 832 2677 
3552 2674 2677 973 
3553 972 2678 2676 
3554 2678 2142 2676 
3555 2678 486 2142 
3556 2676 2142 832 
3557 973 2677 2679 
3558 2677 2138 2679 
3559 2677 832 2138 
3560 2679 2138 488 
3561 507 2634 2681 
3562 2634 2680 2681 
3563 2634 961 2680 
3564 2681 2680 975 
3565 961 2682 2680 
3566 2682 2683 2680 
3567 2682 974 2683 
3568 2680 2683 975 
3569 961 2633 2682 
3570 2633 2684 2682 
3571 2633 506 2684 
3572 2682 2684 974 
3573 975 2683 2686 
3574 2683 2685 2686 
3575 2683 974 2685 
3576 2686 2685 508 
3577 417 2687 2689 
3578 2687 2688 2689 
3579 2687 976 2688 
3580 2689 2688 978 
3581 976 2690 2688 
3582 2690 2691 2688 
3583 2690 977 2691 
3584 2688 2691 978 
3585 976 2692 2690 
3586 2692 2693 2690 
3587 2692 186 2693 
3588 2690 2693 977 
3589 978 2691 2695 
3590 2691 2694 2695 
3591 2691 977 2694 
3592 2695 2694 537 
3593 422 2696 2698 
3594 2696 2697 2698 
3595 2696 979 2697 
3596 2698 2697 980 
3597 979 2699 2697 
3598 2699 2700 2697 
3599 2699 966 2700 
3600 2697 2700 980 
3601 979 2701 2699 
3602 2701 2650 2699 
3603 2701 167 2650 
3604 2699 2650 966 
3605 980 2700 2702 
3606 2700 2653 2702 
3607 2700 966 2653 
3608 2702 2653 530 
3609 485 2619 2704 
3610 2619 2703 2704 
3611 2619 958 2703 
3612 2704 2703 981 
3613 958 2705 2703 
3614 2705 2706 2703 
3615 2705 972 2706 
3616 2703 2706 981 
3617 958 2622 2705 
3618 2622 2678 2705 
3619 2622 486 2678 
3620 2705 2678 972 
3621 981 2706 2707 
3622 2706 2673 2707 
3623 2706 972 2673 
3624 2707 2673 487 
3625 160 76 2709 
3626 76 2708 2709 
3627 76 116 2708 
3628 2709 2708 983 
3629 116 2710 2708 
3630 2710 2711 2708 
3631 2710 982 2711 
3632 2708 2711 983 
3633 116 66 2710 
3634 66 2712 2710 
3635 66 159 2712 
3636 2710 2712 982 
3637 983 2711 2714 
3638 2711 2713 2714 
3639 2711 982 2713 
3640 2714 2713 426 
3641 378 230 2716 
3642 230 2715 2716 
3643 230 333 2715 
3644 2716 2715 985 
3645 333 2717 2715 
3646 2717 2718 2715 
3647 2717 984 2718 
3648 2715 2718 985 
3649 333 231 2717 
3650 231 2719 2717 
3651 231 377 2719 
3652 2717 2719 984 
3653 985 2718 2721 
3654 2718 2720 2721 
3655 2718 984 2720 
3656 2721 2720 543 
3657 183 2722 2724 
3658 2722 2723 2724 
3659 2722 986 2723 
3660 2724 2723 988 
3661 986 2725 2723 
3662 2725 2726 2723 
3663 2725 987 2726 
3664 2723 2726 988 
3665 986 2727 2725 
3666 2727 2728 2725 
3667 2727 418 2728 
3668 2725 2728 987 
3669 988 2726 2730 
3670 2726 2729 2730 
3671 2726 987 2729 
3672 2730 2729 527 
3673 170 2731 2733 
3674 2731 2732 2733 
3675 2731 989 2732 
3676 2733 2732 991 
3677 989 2734 2732 
3678 2734 2735 2732 
3679 2734 990 2735 
3680 2732 2735 991 
3681 989 2736 2734 
3682 2736 2737 2734 
3683 2736 421 2737 
3684 2734 2737 990 
3685 991 2735 2739 
3686 2735 2738 2739 
3687 2735 990 2738 
3688 2739 2738 534 
3689 489 2740 2742 
3690 2740 2741 2742 
3691 2740 992 2741 
3692 2742 2741 993 
3693 992 2743 2741 
3694 2743 2744 2741 
3695 2743 825 2744 
3696 2741 2744 993 
3697 992 2745 2743 
3698 2745 2112 2743 
3699 2745 488 2112 
3700 2743 2112 825 
3701 993 2744 2746 
3702 2744 2116 2746 
3703 2744 825 2116 
3704 2746 2116 490 
3705 162 2747 2749 
3706 2747 2748 2749 
3707 2747 994 2748 
3708 2749 2748 996 
3709 994 2750 2748 
3710 2750 2751 2748 
3711 2750 995 2751 
3712 2748 2751 996 
3713 994 2752 2750 
3714 2752 2753 2750 
3715 2752 425 2753 
3716 2750 2753 995 
3717 996 2751 2755 
3718 2751 2754 2755 
3719 2751 995 2754 
3720 2755 2754 531 
3721 158 80 2757 
3722 80 2756 2757 
3723 80 114 2756 
3724 2757 2756 998 
3725 114 2758 2756 
3726 2758 2759 2756 
3727 2758 997 2759 
3728 2756 2759 998 
3729 114 81 2758 
3730 81 2760 2758 
3731 81 157 2760 
3732 2758 2760 997 
3733 998 2759 2762 
3734 2759 2761 2762 
3735 2759 997 2761 
3736 2762 2761 412 
3737 377 2763 2719 
3738 2763 2764 2719 
3739 2763 999 2764 
3740 2719 2764 984 
3741 999 2765 2764 
3742 2765 2766 2764 
3743 2765 829 2766 
3744 2764 2766 984 
3745 999 2767 2765 
3746 2767 2126 2765 
3747 2767 393 2126 
3748 2765 2126 829 
3749 984 2766 2720 
3750 2766 2130 2720 
3751 2766 829 2130 
3752 2720 2130 543 
3753 419 2768 2770 
3754 2768 2769 2770 
3755 2768 1000 2769 
3756 2770 2769 1002 
3757 1000 2771 2769 
3758 2771 2772 2769 
3759 2771 1001 2772 
3760 2769 2772 1002 
3761 1000 2773 2771 
3762 2773 2774 2771 
3763 2773 184 2774 
3764 2771 2774 1001 
3765 1002 2772 2776 
3766 2772 2775 2776 
3767 2772 1001 2775 
3768 2776 2775 527 
3769 171 98 2778 
3770 98 2777 2778 
3771 98 127 2777 
3772 2778 2777 1003 
3773 127 2779 2777 
3774 2779 2780 2777 
3775 2779 991 2780 
3776 2777 2780 1003 
3777 127 88 2779 
3778 88 2733 2779 
3779 88 170 2733 
3780 2779 2733 991 
3781 1003 2780 2781 
3782 2780 2739 2781 
3783 2780 991 2739 
3784 2781 2739 534 
3785 366 2782 2604 
3786 2782 2783 2604 
3787 2782 1004 2783 
3788 2604 2783 954 
3789 1004 2784 2783 
3790 2784 2785 2783 
3791 2784 841 2785 
3792 2783 2785 954 
3793 1004 2786 2784 
3794 2786 2167 2784 
3795 2786 401 2167 
3796 2784 2167 841 
3797 954 2785 2605 
3798 2785 2172 2605 
3799 2785 841 2172 
3800 2605 2172 528 
3801 381 2787 2789 
3802 2787 2788 2789 
3803 2787 1005 2788 
3804 2789 2788 1006 
3805 1005 2790 2788 
3806 2790 2791 2788 
3807 2790 799 2791 
3808 2788 2791 1006 
3809 1005 2792 2790 
3810 2792 2024 2790 
3811 2792 403 2024 
3812 2790 2024 799 
3813 1006 2791 2793 
3814 2791 2028 2793 
3815 2791 799 2028 
3816 2793 2028 538 
3817 164 68 2795 
3818 68 2794 2795 
3819 68 120 2794 
3820 2795 2794 1008 
3821 120 2796 2794 
3822 2796 2797 2794 
3823 2796 1007 2797 
3824 2794 2797 1008 
3825 120 69 2796 
3826 69 2798 2796 
3827 69 163 2798 
3828 2796 2798 1007 
3829 1008 2797 2800 
3830 2797 2799 2800 
3831 2797 1007 2799 
3832 2800 2799 424 
3833 162 72 2747 
3834 72 2801 2747 
3835 72 118 2801 
3836 2747 2801 994 
3837 118 2802 2801 
3838 2802 2803 2801 
3839 2802 1009 2803 
3840 2801 2803 994 
3841 118 73 2802 
3842 73 2804 2802 
3843 73 161 2804 
3844 2802 2804 1009 
3845 994 2803 2752 
3846 2803 2805 2752 
3847 2803 1009 2805 
3848 2752 2805 425 
3849 507 2681 2034 
3850 2681 2806 2034 
3851 2681 975 2806 
3852 2034 2806 801 
3853 975 2807 2806 
3854 2807 2808 2806 
3855 2807 1010 2808 
3856 2806 2808 801 
3857 975 2686 2807 
3858 2686 2809 2807 
3859 2686 508 2809 
3860 2807 2809 1010 
3861 801 2808 2035 
3862 2808 2810 2035 
3863 2808 1010 2810 
3864 2035 2810 509 
3865 423 2811 2813 
3866 2811 2812 2813 
3867 2811 1011 2812 
3868 2813 2812 1013 
3869 1011 2814 2812 
3870 2814 2815 2812 
3871 2814 1012 2815 
3872 2812 2815 1013 
3873 1011 2816 2814 
3874 2816 2817 2814 
3875 2816 165 2817 
3876 2814 2817 1012 
3877 1013 2815 2819 
3878 2815 2818 2819 
3879 2815 1012 2818 
3880 2819 2818 535 
3881 382 222 2821 
3882 222 2820 2821 
3883 222 337 2820 
3884 2821 2820 1014 
3885 337 2822 2820 
3886 2822 2823 2820 
3887 2822 1006 2823 
3888 2820 2823 1014 
3889 337 223 2822 
3890 223 2789 2822 
3891 223 381 2789 
3892 2822 2789 1006 
3893 1014 2823 2824 
3894 2823 2793 2824 
3895 2823 1006 2793 
3896 2824 2793 538 
3897 143 2825 2827 
3898 2825 2826 2827 
3899 2825 1015 2826 
3900 2827 2826 1017 
3901 1015 2828 2826 
3902 2828 2829 2826 
3903 2828 1016 2829 
3904 2826 2829 1017 
3905 1015 2830 2828 
3906 2830 2831 2828 
3907 2830 417 2831 
3908 2828 2831 1016 
3909 1017 2829 2833 
3910 2829 2832 2833 
3911 2829 1016 2832 
3912 2833 2832 529 
3913 172 96 2283 
3914 96 2834 2283 
3915 96 128 2834 
3916 2283 2834 873 
3917 128 2835 2834 
3918 2835 2836 2834 
3919 2835 1018 2836 
3920 2834 2836 873 
3921 128 97 2835 
3922 97 2837 2835 
3923 97 171 2837 
3924 2835 2837 1018 
3925 873 2836 2287 
3926 2836 2838 2287 
3927 2836 1018 2838 
3928 2287 2838 420 
3929 398 2839 2841 
3930 2839 2840 2841 
3931 2839 1019 2840 
3932 2841 2840 1020 
3933 1019 2842 2840 
3934 2842 2843 2840 
3935 2842 955 2843 
3936 2840 2843 1020 
3937 1019 2844 2842 
3938 2844 2607 2842 
3939 2844 350 2607 
3940 2842 2607 955 
3941 1020 2843 2845 
3942 2843 2610 2845 
3943 2843 955 2610 
3944 2845 2610 536 
3945 420 2838 2847 
3946 2838 2846 2847 
3947 2838 1018 2846 
3948 2847 2846 1021 
3949 1018 2848 2846 
3950 2848 2849 2846 
3951 2848 1003 2849 
3952 2846 2849 1021 
3953 1018 2837 2848 
3954 2837 2778 2848 
3955 2837 171 2778 
3956 2848 2778 1003 
3957 1021 2849 2850 
3958 2849 2781 2850 
3959 2849 1003 2781 
3960 2850 2781 534 
3961 511 2851 2853 
3962 2851 2852 2853 
3963 2851 1022 2852 
3964 2853 2852 1024 
3965 1022 2854 2852 
3966 2854 2855 2852 
3967 2854 1023 2855 
3968 2852 2855 1024 
3969 1022 2856 2854 
3970 2856 2857 2854 
3971 2856 510 2857 
3972 2854 2857 1023 
3973 1024 2855 2859 
3974 2855 2858 2859 
3975 2855 1023 2858 
3976 2859 2858 512 
3977 164 2795 2861 
3978 2795 2860 2861 
3979 2795 1008 2860 
3980 2861 2860 1026 
3981 1008 2862 2860 
3982 2862 2863 2860 
3983 2862 1025 2863 
3984 2860 2863 1026 
3985 1008 2800 2862 
3986 2800 2864 2862 
3987 2800 424 2864 
3988 2862 2864 1025 
3989 1026 2863 2866 
3990 2863 2865 2866 
3991 2863 1025 2865 
3992 2866 2865 535 
3993 351 273 2868 
3994 273 2867 2868 
3995 273 317 2867 
3996 2868 2867 1027 
3997 317 2869 2867 
3998 2869 2870 2867 
3999 2869 1019 2870 
4000 2867 2870 1027 
4001 317 263 2869 
4002 263 2844 2869 
4003 263 350 2844 
4004 2869 2844 1019 
4005 1027 2870 2871 
4006 2870 2839 2871 
4007 2870 1019 2839 
4008 2871 2839 398 
4009 360 266 2585 
4010 266 2872 2585 
4011 266 315 2872 
4012 2585 2872 949 
4013 315 2873 2872 
4014 2873 2874 2872 
4015 2873 1028 2874 
4016 2872 2874 949 
4017 315 267 2873 
4018 267 2875 2873 
4019 267 359 2875 
4020 2873 2875 1028 
4021 949 2874 2590 
4022 2874 2876 2590 
4023 2874 1028 2876 
4024 2590 2876 397 
4025 163 70 2878 
4026 70 2877 2878 
4027 70 119 2877 
4028 2878 2877 1029 
4029 119 2879 2877 
4030 2879 2880 2877 
4031 2879 996 2880 
4032 2877 2880 1029 
4033 119 71 2879 
4034 71 2749 2879 
4035 71 162 2749 
4036 2879 2749 996 
4037 1029 2880 2881 
4038 2880 2755 2881 
4039 2880 996 2755 
4040 2881 2755 531 
4041 424 2799 2883 
4042 2799 2882 2883 
4043 2799 1007 2882 
4044 2883 2882 1030 
4045 1007 2884 2882 
4046 2884 2885 2882 
4047 2884 1029 2885 
4048 2882 2885 1030 
4049 1007 2798 2884 
4050 2798 2878 2884 
4051 2798 163 2878 
4052 2884 2878 1029 
4053 1030 2885 2886 
4054 2885 2881 2886 
4055 2885 1029 2881 
4056 2886 2881 531 
4057 511 2853 2006 
4058 2853 2887 2006 
4059 2853 1024 2887 
4060 2006 2887 793 
4061 1024 2888 2887 
4062 2888 2889 2887 
4063 2888 1031 2889 
4064 2887 2889 793 
4065 1024 2859 2888 
4066 2859 2890 2888 
4067 2859 512 2890 
4068 2888 2890 1031 
4069 793 2889 2007 
4070 2889 2891 2007 
4071 2889 1031 2891 
4072 2007 2891 513 
4073 515 2892 2894 
4074 2892 2893 2894 
4075 2892 1032 2893 
4076 2894 2893 1034 
4077 1032 2895 2893 
4078 2895 2896 2893 
4079 2895 1033 2896 
4080 2893 2896 1034 
4081 1032 2897 2895 
4082 2897 2898 2895 
4083 2897 514 2898 
4084 2895 2898 1033 
4085 1034 2896 2900 
4086 2896 2899 2900 
4087 2896 1033 2899 
4088 2900 2899 516 
4089 168 104 2902 
4090 104 2901 2902 
4091 104 124 2901 
4092 2902 2901 1035 
4093 124 2903 2901 
4094 2903 2904 2901 
4095 2903 979 2904 
4096 2901 2904 1035 
4097 124 105 2903 
4098 105 2701 2903 
4099 105 167 2701 
4100 2903 2701 979 
4101 1035 2904 2905 
4102 2904 2696 2905 
4103 2904 979 2696 
4104 2905 2696 422 
4105 402 2906 2100 
4106 2906 2907 2100 
4107 2906 1036 2907 
4108 2100 2907 820 
4109 1036 2908 2907 
4110 2908 2909 2907 
4111 2908 985 2909 
4112 2907 2909 820 
4113 1036 2910 2908 
4114 2910 2716 2908 
4115 2910 378 2716 
4116 2908 2716 985 
4117 820 2909 2101 
4118 2909 2721 2101 
4119 2909 985 2721 
4120 2101 2721 543 
4121 196 48 2912 
4122 48 2911 2912 
4123 48 152 2911 
4124 2912 2911 1038 
4125 152 2913 2911 
4126 2913 2914 2911 
4127 2913 1037 2914 
4128 2911 2914 1038 
4129 152 49 2913 
4130 49 2915 2913 
4131 49 195 2915 
4132 2913 2915 1037 
4133 1038 2914 2917 
4134 2914 2916 2917 
4135 2914 1037 2916 
4136 2917 2916 414 
4137 183 30 2722 
4138 30 2918 2722 
4139 30 139 2918 
4140 2722 2918 986 
4141 139 2919 2918 
4142 2919 2920 2918 
4143 2919 1039 2920 
4144 2918 2920 986 
4145 139 31 2919 
4146 31 2921 2919 
4147 31 182 2921 
4148 2919 2921 1039 
4149 986 2920 2727 
4150 2920 2922 2727 
4151 2920 1039 2922 
4152 2727 2922 418 
4153 180 36 2924 
4154 36 2923 2924 
4155 36 136 2923 
4156 2924 2923 1041 
4157 136 2925 2923 
4158 2925 2926 2923 
4159 2925 1040 2926 
4160 2923 2926 1041 
4161 136 37 2925 
4162 37 2927 2925 
4163 37 179 2927 
4164 2925 2927 1040 
4165 1041 2926 2929 
4166 2926 2928 2929 
4167 2926 1040 2928 
4168 2929 2928 394 
4169 421 2930 2932 
4170 2930 2931 2932 
4171 2930 1042 2931 
4172 2932 2931 1044 
4173 1042 2933 2931 
4174 2933 2934 2931 
4175 2933 1043 2934 
4176 2931 2934 1044 
4177 1042 2935 2933 
4178 2935 2936 2933 
4179 2935 169 2936 
4180 2933 2936 1043 
4181 1044 2934 2938 
4182 2934 2937 2938 
4183 2934 1043 2937 
4184 2938 2937 539 
4185 165 77 2817 
4186 77 2939 2817 
4187 77 121 2939 
4188 2817 2939 1012 
4189 121 2940 2939 
4190 2940 2941 2939 
4191 2940 1026 2941 
4192 2939 2941 1012 
4193 121 67 2940 
4194 67 2861 2940 
4195 67 164 2861 
4196 2940 2861 1026 
4197 1012 2941 2818 
4198 2941 2866 2818 
4199 2941 1026 2866 
4200 2818 2866 535 
4201 509 2942 2015 
4202 2942 2943 2015 
4203 2942 1045 2943 
4204 2015 2943 796 
4205 1045 2944 2943 
4206 2944 2945 2943 
4207 2944 1022 2945 
4208 2943 2945 796 
4209 1045 2946 2944 
4210 2946 2856 2944 
4211 2946 510 2856 
4212 2944 2856 1022 
4213 796 2945 2020 
4214 2945 2851 2020 
4215 2945 1022 2851 
4216 2020 2851 511 
4217 189 62 2948 
4218 62 2947 2948 
4219 62 145 2947 
4220 2948 2947 1047 
4221 145 2949 2947 
4222 2949 2950 2947 
4223 2949 1046 2950 
4224 2947 2950 1047 
4225 145 63 2949 
4226 63 2951 2949 
4227 63 188 2951 
4228 2949 2951 1046 
4229 1047 2950 2953 
4230 2950 2952 2953 
4231 2950 1046 2952 
4232 2953 2952 416 
4233 143 33 2825 
4234 33 2954 2825 
4235 33 187 2954 
4236 2825 2954 1015 
4237 187 2955 2954 
4238 2955 2956 2954 
4239 2955 976 2956 
4240 2954 2956 1015 
4241 187 23 2955 
4242 23 2692 2955 
4243 23 186 2692 
4244 2955 2692 976 
4245 1015 2956 2830 
4246 2956 2687 2830 
4247 2956 976 2687 
4248 2830 2687 417 
4249 170 100 2731 
4250 100 2957 2731 
4251 100 126 2957 
4252 2731 2957 989 
4253 126 2958 2957 
4254 2958 2959 2957 
4255 2958 1042 2959 
4256 2957 2959 989 
4257 126 101 2958 
4258 101 2935 2958 
4259 101 169 2935 
4260 2958 2935 1042 
4261 989 2959 2736 
4262 2959 2930 2736 
4263 2959 1042 2930 
4264 2736 2930 421 
4265 166 108 2640 
4266 108 2960 2640 
4267 108 122 2960 
4268 2640 2960 963 
4269 122 2961 2960 
4270 2961 2962 2960 
4271 2961 1011 2962 
4272 2960 2962 963 
4273 122 109 2961 
4274 109 2816 2961 
4275 109 165 2816 
4276 2961 2816 1011 
4277 963 2962 2645 
4278 2962 2811 2645 
4279 2962 1011 2811 
4280 2645 2811 423 
4281 404 2963 2012 
4282 2963 2964 2012 
4283 2963 1048 2964 
4284 2012 2964 794 
4285 1048 2965 2964 
4286 2965 2966 2964 
4287 2965 1014 2966 
4288 2964 2966 794 
4289 1048 2967 2965 
4290 2967 2821 2965 
4291 2967 382 2821 
4292 2965 2821 1014 
4293 794 2966 2013 
4294 2966 2824 2013 
4295 2966 1014 2824 
4296 2013 2824 538 
4297 515 2894 1978 
4298 2894 2968 1978 
4299 2894 1034 2968 
4300 1978 2968 785 
4301 1034 2969 2968 
4302 2969 2970 2968 
4303 2969 1049 2970 
4304 2968 2970 785 
4305 1034 2900 2969 
4306 2900 2971 2969 
4307 2900 516 2971 
4308 2969 2971 1049 
4309 785 2970 1979 
4310 2970 2972 1979 
4311 2970 1049 2972 
4312 1979 2972 517 
4313 184 28 2774 
4314 28 2973 2774 
4315 28 140 2973 
4316 2774 2973 1001 
4317 140 2974 2973 
4318 2974 2975 2973 
4319 2974 988 2975 
4320 2973 2975 1001 
4321 140 29 2974 
4322 29 2724 2974 
4323 29 183 2724 
4324 2974 2724 988 
4325 1001 2975 2775 
4326 2975 2730 2775 
4327 2975 988 2730 
4328 2775 2730 527 
4329 364 2976 2615 
4330 2976 2977 2615 
4331 2976 1050 2977 
4332 2615 2977 956 
4333 1050 2978 2977 
4334 2978 2979 2977 
4335 2978 827 2979 
4336 2977 2979 956 
4337 1050 2980 2978 
4338 2980 2118 2978 
4339 2980 399 2118 
4340 2978 2118 827 
4341 956 2979 2616 
4342 2979 2123 2616 
4343 2979 827 2123 
4344 2616 2123 547 
4345 513 2891 2982 
4346 2891 2981 2982 
4347 2891 1031 2981 
4348 2982 2981 1052 
4349 1031 2983 2981 
4350 2983 2984 2981 
4351 2983 1051 2984 
4352 2981 2984 1052 
4353 1031 2890 2983 
4354 2890 2985 2983 
4355 2890 512 2985 
4356 2983 2985 1051 
4357 1052 2984 2987 
4358 2984 2986 2987 
4359 2984 1051 2986 
4360 2987 2986 514 
4361 513 2982 1987 
4362 2982 2988 1987 
4363 2982 1052 2988 
4364 1987 2988 788 
4365 1052 2989 2988 
4366 2989 2990 2988 
4367 2989 1032 2990 
4368 2988 2990 788 
4369 1052 2987 2989 
4370 2987 2897 2989 
4371 2987 514 2897 
4372 2989 2897 1032 
4373 788 2990 1992 
4374 2990 2892 1992 
4375 2990 1032 2892 
4376 1992 2892 515 
4377 366 298 2782 
4378 298 2991 2782 
4379 298 321 2991 
4380 2782 2991 1004 
4381 321 2992 2991 
4382 2992 2993 2991 
4383 2992 962 2993 
4384 2991 2993 1004 
4385 321 299 2992 
4386 299 2639 2992 
4387 299 365 2639 
4388 2992 2639 962 
4389 1004 2993 2786 
4390 2993 2635 2786 
4391 2993 962 2635 
4392 2786 2635 401 
4393 509 2810 2942 
4394 2810 2994 2942 
4395 2810 1010 2994 
4396 2942 2994 1045 
4397 1010 2995 2994 
4398 2995 2996 2994 
4399 2995 1053 2996 
4400 2994 2996 1045 
4401 1010 2809 2995 
4402 2809 2997 2995 
4403 2809 508 2997 
4404 2995 2997 1053 
4405 1045 2996 2946 
4406 2996 2998 2946 
4407 2996 1053 2998 
4408 2946 2998 510 
4409 389 252 3000 
4410 252 2999 3000 
4411 252 344 2999 
4412 3000 2999 1055 
4413 344 3001 2999 
4414 3001 3002 2999 
4415 3001 1054 3002 
4416 2999 3002 1055 
4417 344 253 3001 
4418 253 3003 3001 
4419 253 388 3003 
4420 3001 3003 1054 
4421 1055 3002 3005 
4422 3002 3004 3005 
4423 3002 1054 3004 
4424 3005 3004 407 
4425 351 2868 2627 
4426 2868 3006 2627 
4427 2868 1027 3006 
4428 2627 3006 959 
4429 1027 3007 3006 
4430 3007 3008 3006 
4431 3007 811 3008 
4432 3006 3008 959 
4433 1027 2871 3007 
4434 2871 2061 3007 
4435 2871 398 2061 
4436 3007 2061 811 
4437 959 3008 2628 
4438 3008 2067 2628 
4439 3008 811 2067 
4440 2628 2067 549 
4441 491 3009 3011 
4442 3009 3010 3011 
4443 3009 1056 3010 
4444 3011 3010 1058 
4445 1056 3012 3010 
4446 3012 3013 3010 
4447 3012 1057 3013 
4448 3010 3013 1058 
4449 1056 3014 3012 
4450 3014 3015 3012 
4451 3014 492 3015 
4452 3012 3015 1057 
4453 1058 3013 3017 
4454 3013 3016 3017 
4455 3013 1057 3016 
4456 3017 3016 493 
4457 391 248 3019 
4458 248 3018 3019 
4459 248 346 3018 
4460 3019 3018 1060 
4461 346 3020 3018 
4462 3020 3021 3018 
4463 3020 1059 3021 
4464 3018 3021 1060 
4465 346 249 3020 
4466 249 3022 3020 
4467 249 390 3022 
4468 3020 3022 1059 
4469 1060 3021 3024 
4470 3021 3023 3024 
4471 3021 1059 3023 
4472 3024 3023 408 
4473 385 260 3026 
4474 260 3025 3026 
4475 260 340 3025 
4476 3026 3025 1062 
4477 340 3027 3025 
4478 3027 3028 3025 
4479 3027 1061 3028 
4480 3025 3028 1062 
4481 340 261 3027 
4482 261 3029 3027 
4483 261 384 3029 
4484 3027 3029 1061 
4485 1062 3028 3031 
4486 3028 3030 3031 
4487 3028 1061 3030 
4488 3031 3030 405 
4489 339 220 3033 
4490 220 3032 3033 
4491 220 338 3032 
4492 3033 3032 1063 
4493 338 3034 3032 
4494 3034 3035 3032 
4495 3034 1048 3035 
4496 3032 3035 1063 
4497 338 221 3034 
4498 221 2967 3034 
4499 221 382 2967 
4500 3034 2967 1048 
4501 1063 3035 3036 
4502 3035 2963 3036 
4503 3035 1048 2963 
4504 3036 2963 404 
4505 386 258 3038 
4506 258 3037 3038 
4507 258 341 3037 
4508 3038 3037 1065 
4509 341 3039 3037 
4510 3039 3040 3037 
4511 3039 1064 3040 
4512 3037 3040 1065 
4513 341 259 3039 
4514 259 3041 3039 
4515 259 385 3041 
4516 3039 3041 1064 
4517 1065 3040 3043 
4518 3040 3042 3043 
4519 3040 1064 3042 
4520 3043 3042 540 
4521 406 3044 3046 
4522 3044 3045 3046 
4523 3044 1066 3045 
4524 3046 3045 1067 
4525 1066 3047 3045 
4526 3047 3048 3045 
4527 3047 1065 3048 
4528 3045 3048 1067 
4529 1066 3049 3047 
4530 3049 3038 3047 
4531 3049 386 3038 
4532 3047 3038 1065 
4533 1067 3048 3050 
4534 3048 3043 3050 
4535 3048 1065 3043 
4536 3050 3043 540 
4537 377 232 2763 
4538 232 3051 2763 
4539 232 332 3051 
4540 2763 3051 999 
4541 332 3052 3051 
4542 3052 3053 3051 
4543 3052 1068 3053 
4544 3051 3053 999 
4545 332 233 3052 
4546 233 3054 3052 
4547 233 376 3054 
4548 3052 3054 1068 
4549 999 3053 2767 
4550 3053 3055 2767 
4551 3053 1068 3055 
4552 2767 3055 393 
4553 185 26 3057 
4554 26 3056 3057 
4555 26 141 3056 
4556 3057 3056 1069 
4557 141 3058 3056 
4558 3058 3059 3056 
4559 3058 1000 3059 
4560 3056 3059 1069 
4561 141 27 3058 
4562 27 2773 3058 
4563 27 184 2773 
4564 3058 2773 1000 
4565 1069 3059 3060 
4566 3059 2768 3060 
4567 3059 1000 2768 
4568 3060 2768 419 
4569 388 254 3062 
4570 254 3061 3062 
4571 254 343 3061 
4572 3062 3061 1071 
4573 343 3063 3061 
4574 3063 3064 3061 
4575 3063 1070 3064 
4576 3061 3064 1071 
4577 343 255 3063 
4578 255 3065 3063 
4579 255 387 3065 
4580 3063 3065 1070 
4581 1071 3064 3067 
4582 3064 3066 3067 
4583 3064 1070 3066 
4584 3067 3066 541 
4585 387 3068 3065 
4586 3068 3069 3065 
4587 3068 1072 3069 
4588 3065 3069 1070 
4589 1072 3070 3069 
4590 3070 3071 3069 
4591 3070 1073 3071 
4592 3069 3071 1070 
4593 1072 3072 3070 
4594 3072 3073 3070 
4595 3072 406 3073 
4596 3070 3073 1073 
4597 1070 3071 3066 
4598 3071 3074 3066 
4599 3071 1073 3074 
4600 3066 3074 541 
4601 407 3004 3076 
4602 3004 3075 3076 
4603 3004 1054 3075 
4604 3076 3075 1074 
4605 1054 3077 3075 
4606 3077 3078 3075 
4607 3077 1071 3078 
4608 3075 3078 1074 
4609 1054 3003 3077 
4610 3003 3062 3077 
4611 3003 388 3062 
4612 3077 3062 1071 
4613 1074 3078 3079 
4614 3078 3067 3079 
4615 3078 1071 3067 
4616 3079 3067 541 
4617 194 52 3081 
4618 52 3080 3081 
4619 52 150 3080 
4620 3081 3080 1076 
4621 150 3082 3080 
4622 3082 3083 3080 
4623 3082 1075 3083 
4624 3080 3083 1076 
4625 150 53 3082 
4626 53 3084 3082 
4627 53 193 3084 
4628 3082 3084 1075 
4629 1076 3083 3086 
4630 3083 3085 3086 
4631 3083 1075 3085 
4632 3086 3085 415 
4633 192 56 2659 
4634 56 3087 2659 
4635 56 148 3087 
4636 2659 3087 968 
4637 148 3088 3087 
4638 3088 3089 3087 
4639 3088 681 3089 
4640 3087 3089 968 
4641 148 57 3088 
4642 57 1592 3088 
4643 57 191 1592 
4644 3088 1592 681 
4645 968 3089 2664 
4646 3089 1587 2664 
4647 3089 681 1587 
4648 2664 1587 413 
4649 339 3033 3091 
4650 3033 3090 3091 
4651 3033 1063 3090 
4652 3091 3090 1077 
4653 1063 3092 3090 
4654 3092 3093 3090 
4655 3092 791 3093 
4656 3090 3093 1077 
4657 1063 3036 3092 
4658 3036 1996 3092 
4659 3036 404 1996 
4660 3092 1996 791 
4661 1077 3093 3094 
4662 3093 2000 3094 
4663 3093 791 2000 
4664 3094 2000 546 
4665 387 256 3068 
4666 256 3095 3068 
4667 256 342 3095 
4668 3068 3095 1072 
4669 342 3096 3095 
4670 3096 3097 3095 
4671 3096 1066 3097 
4672 3095 3097 1072 
4673 342 257 3096 
4674 257 3049 3096 
4675 257 386 3049 
4676 3096 3049 1066 
4677 1072 3097 3072 
4678 3097 3044 3072 
4679 3097 1066 3044 
4680 3072 3044 406 
4681 381 224 2787 
4682 224 3098 2787 
4683 224 336 3098 
4684 2787 3098 1005 
4685 336 3099 3098 
4686 3099 3100 3098 
4687 3099 1078 3100 
4688 3098 3100 1005 
4689 336 225 3099 
4690 225 3101 3099 
4691 225 380 3101 
4692 3099 3101 1078 
4693 1005 3100 2792 
4694 3100 3102 2792 
4695 3100 1078 3102 
4696 2792 3102 403 
4697 169 102 2936 
4698 102 3103 2936 
4699 102 125 3103 
4700 2936 3103 1043 
4701 125 3104 3103 
4702 3104 3105 3103 
4703 3104 1079 3105 
4704 3103 3105 1043 
4705 125 103 3104 
4706 103 3106 3104 
4707 103 168 3106 
4708 3104 3106 1079 
4709 1043 3105 2937 
4710 3105 3107 2937 
4711 3105 1079 3107 
4712 2937 3107 539 
4713 379 228 3109 
4714 228 3108 3109 
4715 228 334 3108 
4716 3109 3108 1080 
4717 334 3110 3108 
4718 3110 3111 3108 
4719 3110 1036 3111 
4720 3108 3111 1080 
4721 334 218 3110 
4722 218 2910 3110 
4723 218 378 2910 
4724 3110 2910 1036 
4725 1080 3111 3112 
4726 3111 2906 3112 
4727 3111 1036 2906 
4728 3112 2906 402 
4729 168 2902 3106 
4730 2902 3113 3106 
4731 2902 1035 3113 
4732 3106 3113 1079 
4733 1035 3114 3113 
4734 3114 3115 3113 
4735 3114 1081 3115 
4736 3113 3115 1079 
4737 1035 2905 3114 
4738 2905 3116 3114 
4739 2905 422 3116 
4740 3114 3116 1081 
4741 1079 3115 3107 
4742 3115 3117 3107 
4743 3115 1081 3117 
4744 3107 3117 539 
4745 389 3000 3119 
4746 3000 3118 3119 
4747 3000 1055 3118 
4748 3119 3118 1083 
4749 1055 3120 3118 
4750 3120 3121 3118 
4751 3120 1082 3121 
4752 3118 3121 1083 
4753 1055 3005 3120 
4754 3005 3122 3120 
4755 3005 407 3122 
4756 3120 3122 1082 
4757 1083 3121 3124 
4758 3121 3123 3124 
4759 3121 1082 3123 
4760 3124 3123 544 
4761 385 3026 3041 
4762 3026 3125 3041 
4763 3026 1062 3125 
4764 3041 3125 1064 
4765 1062 3126 3125 
4766 3126 3127 3125 
4767 3126 783 3127 
4768 3125 3127 1064 
4769 1062 3031 3126 
4770 3031 1966 3126 
4771 3031 405 1966 
4772 3126 1966 783 
4773 1064 3127 3042 
4774 3127 1972 3042 
4775 3127 783 1972 
4776 3042 1972 540 
4777 384 229 3129 
4778 229 3128 3129 
4779 229 383 3128 
4780 3129 3128 1084 
4781 383 3130 3128 
4782 3130 3131 3128 
4783 3130 1077 3131 
4784 3128 3131 1084 
4785 383 219 3130 
4786 219 3091 3130 
4787 219 339 3091 
4788 3130 3091 1077 
4789 1084 3131 3132 
4790 3131 3094 3132 
4791 3131 1077 3094 
4792 3132 3094 546 
4793 489 2742 3134 
4794 2742 3133 3134 
4795 2742 993 3133 
4796 3134 3133 1086 
4797 993 3135 3133 
4798 3135 3136 3133 
4799 3135 1085 3136 
4800 3133 3136 1086 
4801 993 2746 3135 
4802 2746 3137 3135 
4803 2746 490 3137 
4804 3135 3137 1085 
4805 1086 3136 3139 
4806 3136 3138 3139 
4807 3136 1085 3138 
4808 3139 3138 491 
4809 491 3138 3009 
4810 3138 3140 3009 
4811 3138 1085 3140 
4812 3009 3140 1056 
4813 1085 3141 3140 
4814 3141 3142 3140 
4815 3141 816 3142 
4816 3140 3142 1056 
4817 1085 3137 3141 
4818 3137 2086 3141 
4819 3137 490 2086 
4820 3141 2086 816 
4821 1056 3142 3014 
4822 3142 2082 3014 
4823 3142 816 2082 
4824 3014 2082 492 
4825 408 3023 3144 
4826 3023 3143 3144 
4827 3023 1059 3143 
4828 3144 3143 1088 
4829 1059 3145 3143 
4830 3145 3146 3143 
4831 3145 1087 3146 
4832 3143 3146 1088 
4833 1059 3022 3145 
4834 3022 3147 3145 
4835 3022 390 3147 
4836 3145 3147 1087 
4837 1088 3146 3149 
4838 3146 3148 3149 
4839 3146 1087 3148 
4840 3149 3148 544 
4841 390 250 3147 
4842 250 3150 3147 
4843 250 345 3150 
4844 3147 3150 1087 
4845 345 3151 3150 
4846 3151 3152 3150 
4847 3151 1083 3152 
4848 3150 3152 1087 
4849 345 240 3151 
4850 240 3119 3151 
4851 240 389 3119 
4852 3151 3119 1083 
4853 1087 3152 3148 
4854 3152 3124 3148 
4855 3152 1083 3124 
4856 3148 3124 544 
4857 405 3030 1984 
4858 3030 3153 1984 
4859 3030 1061 3153 
4860 1984 3153 786 
4861 1061 3154 3153 
4862 3154 3155 3153 
4863 3154 1084 3155 
4864 3153 3155 786 
4865 1061 3029 3154 
4866 3029 3129 3154 
4867 3029 384 3129 
4868 3154 3129 1084 
4869 786 3155 1985 
4870 3155 3132 1985 
4871 3155 1084 3132 
4872 1985 3132 546 
4873 368 294 2318 
4874 294 3156 2318 
4875 294 323 3156 
4876 2318 3156 883 
4877 323 3157 3156 
4878 3157 3158 3156 
4879 3157 947 3158 
4880 3156 3158 883 
4881 323 284 3157 
4882 284 2582 3157 
4883 284 367 2582 
4884 3157 2582 947 
4885 883 3158 2322 
4886 3158 2578 2322 
4887 3158 947 2578 
4888 2322 2578 400 
4889 364 302 2976 
4890 302 3159 2976 
4891 302 319 3159 
4892 2976 3159 1050 
4893 319 3160 3159 
4894 3160 3161 3159 
4895 3160 971 3161 
4896 3159 3161 1050 
4897 319 303 3160 
4898 303 2672 3160 
4899 303 363 2672 
4900 3160 2672 971 
4901 1050 3161 2980 
4902 3161 2668 2980 
4903 3161 971 2668 
4904 2980 2668 399 
4905 357 272 3163 
4906 272 3162 3163 
4907 272 312 3162 
4908 3163 3162 1090 
4909 312 3164 3162 
4910 3164 3165 3162 
4911 3164 1089 3165 
4912 3162 3165 1090 
4913 312 262 3164 
4914 262 3166 3164 
4915 262 356 3166 
4916 3164 3166 1089 
4917 1090 3165 3168 
4918 3165 3167 3168 
4919 3165 1089 3167 
4920 3168 3167 396 
4921 355 276 3170 
4922 276 3169 3170 
4923 276 310 3169 
4924 3170 3169 1092 
4925 310 3171 3169 
4926 3171 3172 3169 
4927 3171 1091 3172 
4928 3169 3172 1092 
4929 310 277 3171 
4930 277 3173 3171 
4931 277 354 3173 
4932 3171 3173 1091 
4933 1092 3172 3175 
4934 3172 3174 3175 
4935 3172 1091 3174 
4936 3175 3174 395 
4937 487 2675 3177 
4938 2675 3176 3177 
4939 2675 973 3176 
4940 3177 3176 1093 
4941 973 3178 3176 
4942 3178 3179 3176 
4943 3178 992 3179 
4944 3176 3179 1093 
4945 973 2679 3178 
4946 2679 2745 3178 
4947 2679 488 2745 
4948 3178 2745 992 
4949 1093 3179 3180 
4950 3179 2740 3180 
4951 3179 992 2740 
4952 3180 2740 489 
4953 415 3085 3182 
4954 3085 3181 3182 
4955 3085 1075 3181 
4956 3182 3181 1095 
4957 1075 3183 3181 
4958 3183 3184 3181 
4959 3183 1094 3184 
4960 3181 3184 1095 
4961 1075 3084 3183 
4962 3084 3185 3183 
4963 3084 193 3185 
4964 3183 3185 1094 
4965 1095 3184 3187 
4966 3184 3186 3187 
4967 3184 1094 3186 
4968 3187 3186 525 
4969 380 226 3189 
4970 226 3188 3189 
4971 226 335 3188 
4972 3189 3188 1097 
4973 335 3190 3188 
4974 3190 3191 3188 
4975 3190 1096 3191 
4976 3188 3191 1097 
4977 335 227 3190 
4978 227 3192 3190 
4979 227 379 3192 
4980 3190 3192 1096 
4981 1097 3191 3194 
4982 3191 3193 3194 
4983 3191 1096 3193 
4984 3194 3193 548 
4985 188 64 3196 
4986 64 3195 3196 
4987 64 144 3195 
4988 3196 3195 1098 
4989 144 3197 3195 
4990 3197 3198 3195 
4991 3197 1017 3198 
4992 3195 3198 1098 
4993 144 65 3197 
4994 65 2827 3197 
4995 65 143 2827 
4996 3197 2827 1017 
4997 1098 3198 3199 
4998 3198 2833 3199 
4999 3198 1017 2833 
5000 3199 2833 529 
5001 403 3102 2049 
5002 3102 3200 2049 
5003 3102 1078 3200 
5004 2049 3200 805 
5005 1078 3201 3200 
5006 3201 3202 3200 
5007 3201 1097 3202 
5008 3200 3202 805 
5009 1078 3101 3201 
5010 3101 3189 3201 
5011 3101 380 3189 
5012 3201 3189 1097 
5013 805 3202 2050 
5014 3202 3194 2050 
5015 3202 1097 3194 
5016 2050 3194 548 
5017 379 3109 3192 
5018 3109 3203 3192 
5019 3109 1080 3203 
5020 3192 3203 1096 
5021 1080 3204 3203 
5022 3204 3205 3203 
5023 3204 813 3205 
5024 3203 3205 1096 
5025 1080 3112 3204 
5026 3112 2070 3204 
5027 3112 402 2070 
5028 3204 2070 813 
5029 1096 3205 3193 
5030 3205 2074 3193 
5031 3205 813 2074 
5032 3193 2074 548 
5033 186 24 2693 
5034 24 3206 2693 
5035 24 142 3206 
5036 2693 3206 977 
5037 142 3207 3206 
5038 3207 3208 3206 
5039 3207 1099 3208 
5040 3206 3208 977 
5041 142 25 3207 
5042 25 3209 3207 
5043 25 185 3209 
5044 3207 3209 1099 
5045 977 3208 2694 
5046 3208 3210 2694 
5047 3208 1099 3210 
5048 2694 3210 537 
5049 193 54 3185 
5050 54 3211 3185 
5051 54 149 3211 
5052 3185 3211 1094 
5053 149 3212 3211 
5054 3212 3213 3211 
5055 3212 970 3213 
5056 3211 3213 1094 
5057 149 44 3212 
5058 44 2661 3212 
5059 44 192 2661 
5060 3212 2661 970 
5061 1094 3213 3186 
5062 3213 2667 3186 
5063 3213 970 2667 
5064 3186 2667 525 
5065 416 2952 3215 
5066 2952 3214 3215 
5067 2952 1046 3214 
5068 3215 3214 1100 
5069 1046 3216 3214 
5070 3216 3217 3214 
5071 3216 1098 3217 
5072 3214 3217 1100 
5073 1046 2951 3216 
5074 2951 3196 3216 
5075 2951 188 3196 
5076 3216 3196 1098 
5077 1100 3217 3218 
5078 3217 3199 3218 
5079 3217 1098 3199 
5080 3218 3199 529 
5081 185 3057 3209 
5082 3057 3219 3209 
5083 3057 1069 3219 
5084 3209 3219 1099 
5085 1069 3220 3219 
5086 3220 3221 3219 
5087 3220 1101 3221 
5088 3219 3221 1099 
5089 1069 3060 3220 
5090 3060 3222 3220 
5091 3060 419 3222 
5092 3220 3222 1101 
5093 1099 3221 3210 
5094 3221 3223 3210 
5095 3221 1101 3223 
5096 3210 3223 537 
5097 479 2492 2268 
5098 2492 3224 2268 
5099 2492 924 3224 
5100 2268 3224 868 
5101 924 3225 3224 
5102 3225 3226 3224 
5103 3225 937 3226 
5104 3224 3226 868 
5105 924 2491 3225 
5106 2491 2538 3225 
5107 2491 475 2538 
5108 3225 2538 937 
5109 868 3226 2269 
5110 3226 2541 2269 
5111 3226 937 2541 
5112 2269 2541 521 
5113 194 3081 3228 
5114 3081 3227 3228 
5115 3081 1076 3227 
5116 3228 3227 1103 
5117 1076 3229 3227 
5118 3229 3230 3227 
5119 3229 1102 3230 
5120 3227 3230 1103 
5121 1076 3086 3229 
5122 3086 3231 3229 
5123 3086 415 3231 
5124 3229 3231 1102 
5125 1103 3230 3233 
5126 3230 3232 3233 
5127 3230 1102 3232 
5128 3233 3232 551 
5129 469 2377 3235 
5130 2377 3234 3235 
5131 2377 895 3234 
5132 3235 3234 1104 
5133 895 3236 3234 
5134 3236 3237 3234 
5135 3236 930 3237 
5136 3234 3237 1104 
5137 895 2376 3236 
5138 2376 2516 3236 
5139 2376 468 2516 
5140 3236 2516 930 
5141 1104 3237 3238 
5142 3237 2511 3238 
5143 3237 930 2511 
5144 3238 2511 470 
5145 414 2916 1765 
5146 2916 3239 1765 
5147 2916 1037 3239 
5148 1765 3239 731 
5149 1037 3240 3239 
5150 3240 3241 3239 
5151 3240 1105 3241 
5152 3239 3241 731 
5153 1037 2915 3240 
5154 2915 3242 3240 
5155 2915 195 3242 
5156 3240 3242 1105 
5157 731 3241 1769 
5158 3241 3243 1769 
5159 3241 1105 3243 
5160 1769 3243 551 
5161 195 50 3242 
5162 50 3244 3242 
5163 50 151 3244 
5164 3242 3244 1105 
5165 151 3245 3244 
5166 3245 3246 3244 
5167 3245 1103 3246 
5168 3244 3246 1105 
5169 151 51 3245 
5170 51 3228 3245 
5171 51 194 3228 
5172 3245 3228 1103 
5173 1105 3246 3243 
5174 3246 3233 3243 
5175 3246 1103 3233 
5176 3243 3233 551 
5177 179 38 3248 
5178 38 3247 3248 
5179 38 135 3247 
5180 3248 3247 1107 
5181 135 3249 3247 
5182 3249 3250 3247 
5183 3249 1106 3250 
5184 3247 3250 1107 
5185 135 39 3249 
5186 39 3251 3249 
5187 39 178 3251 
5188 3249 3251 1106 
5189 1107 3250 3253 
5190 3250 3252 3253 
5191 3250 1106 3252 
5192 3253 3252 550 
5193 394 2928 3255 
5194 2928 3254 3255 
5195 2928 1040 3254 
5196 3255 3254 1108 
5197 1040 3256 3254 
5198 3256 3257 3254 
5199 3256 1107 3257 
5200 3254 3257 1108 
5201 1040 2927 3256 
5202 2927 3248 3256 
5203 2927 179 3248 
5204 3256 3248 1107 
5205 1108 3257 3258 
5206 3257 3253 3258 
5207 3257 1107 3253 
5208 3258 3253 550 
5209 376 234 3260 
5210 234 3259 3260 
5211 234 331 3259 
5212 3260 3259 1110 
5213 331 3261 3259 
5214 3261 3262 3259 
5215 3261 1109 3262 
5216 3259 3262 1110 
5217 331 235 3261 
5218 235 3263 3261 
5219 235 375 3263 
5220 3261 3263 1109 
5221 1110 3262 3265 
5222 3262 3264 3265 
5223 3262 1109 3264 
5224 3265 3264 533 
5225 393 3055 2199 
5226 3055 3266 2199 
5227 3055 1068 3266 
5228 2199 3266 849 
5229 1068 3267 3266 
5230 3267 3268 3266 
5231 3267 1110 3268 
5232 3266 3268 849 
5233 1068 3054 3267 
5234 3054 3260 3267 
5235 3054 376 3260 
5236 3267 3260 1110 
5237 849 3268 2200 
5238 3268 3265 2200 
5239 3268 1110 3265 
5240 2200 3265 533 
5241 469 3235 2523 
5242 3235 3269 2523 
5243 3235 1104 3269 
5244 2523 3269 933 
5245 1104 3270 3269 
5246 3270 3271 3269 
5247 3270 1111 3271 
5248 3269 3271 933 
5249 1104 3238 3270 
5250 3238 3272 3270 
5251 3238 470 3272 
5252 3270 3272 1111 
5253 933 3271 2527 
5254 3271 3273 2527 
5255 3271 1111 3273 
5256 2527 3273 471 
5257 178 40 3275 
5258 40 3274 3275 
5259 40 134 3274 
5260 3275 3274 1112 
5261 134 3276 3274 
5262 3276 3277 3274 
5263 3276 910 3277 
5264 3274 3277 1112 
5265 134 41 3276 
5266 41 2440 3276 
5267 41 177 2440 
5268 3276 2440 910 
5269 1112 3277 3278 
5270 3277 2435 3278 
5271 3277 910 2435 
5272 3278 2435 410 
5273 375 236 3280 
5274 236 3279 3280 
5275 236 330 3279 
5276 3280 3279 1113 
5277 330 3281 3279 
5278 3281 3282 3279 
5279 3281 899 3282 
5280 3279 3282 1113 
5281 330 237 3281 
5282 237 2393 3281 
5283 237 374 2393 
5284 3281 2393 899 
5285 1113 3282 3283 
5286 3282 2389 3283 
5287 3282 899 2389 
5288 3283 2389 409 
5289 178 3275 3251 
5290 3275 3284 3251 
5291 3275 1112 3284 
5292 3251 3284 1106 
5293 1112 3285 3284 
5294 3285 3286 3284 
5295 3285 1114 3286 
5296 3284 3286 1106 
5297 1112 3278 3285 
5298 3278 3287 3285 
5299 3278 410 3287 
5300 3285 3287 1114 
5301 1106 3286 3252 
5302 3286 3288 3252 
5303 3286 1114 3288 
5304 3252 3288 550 
5305 375 3280 3263 
5306 3280 3289 3263 
5307 3280 1113 3289 
5308 3263 3289 1109 
5309 1113 3290 3289 
5310 3290 3291 3289 
5311 3290 863 3291 
5312 3289 3291 1109 
5313 1113 3283 3290 
5314 3283 2246 3290 
5315 3283 409 2246 
5316 3290 2246 863 
5317 1109 3291 3264 
5318 3291 2249 3264 
5319 3291 863 2249 
5320 3264 2249 533 
5321 494 3292 3294 
5322 3292 3293 3294 
5323 3292 1115 3293 
5324 3294 3293 1116 
5325 1115 3295 3293 
5326 3295 3296 3293 
5327 3295 1020 3296 
5328 3293 3296 1116 
5329 1115 3297 3295 
5330 3297 2841 3295 
5331 3297 398 2841 
5332 3295 2841 1020 
5333 1116 3296 3298 
5334 3296 2845 3298 
5335 3296 1020 2845 
5336 3298 2845 536 
5337 492 2064 3300 
5338 2064 3299 3300 
5339 2064 809 3299 
5340 3300 3299 1117 
5341 809 3301 3299 
5342 3301 3302 3299 
5343 3301 1115 3302 
5344 3299 3302 1117 
5345 809 2059 3301 
5346 2059 3297 3301 
5347 2059 398 3297 
5348 3301 3297 1115 
5349 1117 3302 3303 
5350 3302 3292 3303 
5351 3302 1115 3292 
5352 3303 3292 494 
5353 493 3016 3305 
5354 3016 3304 3305 
5355 3016 1057 3304 
5356 3305 3304 1118 
5357 1057 3306 3304 
5358 3306 3307 3304 
5359 3306 1117 3307 
5360 3304 3307 1118 
5361 1057 3015 3306 
5362 3015 3300 3306 
5363 3015 492 3300 
5364 3306 3300 1117 
5365 1118 3307 3308 
5366 3307 3303 3308 
5367 3307 1117 3303 
5368 3308 3303 494 
5369 517 2972 3310 
5370 2972 3309 3310 
5371 2972 1049 3309 
5372 3310 3309 1120 
5373 1049 3311 3309 
5374 3311 3312 3309 
5375 3311 1119 3312 
5376 3309 3312 1120 
5377 1049 2971 3311 
5378 2971 3313 3311 
5379 2971 516 3313 
5380 3311 3313 1119 
5381 1120 3312 3315 
5382 3312 3314 3315 
5383 3312 1119 3314 
5384 3315 3314 518 
5385 540 1971 3317 
5386 1971 3316 3317 
5387 1971 782 3316 
5388 3317 3316 1122 
5389 782 3318 3316 
5390 3318 3319 3316 
5391 3318 1121 3319 
5392 3316 3319 1122 
5393 782 1970 3318 
5394 1970 3320 3318 
5395 1970 517 3320 
5396 3318 3320 1121 
5397 1122 3319 3322 
5398 3319 3321 3322 
5399 3319 1121 3321 
5400 3322 3321 553 
5401 406 3046 3324 
5402 3046 3323 3324 
5403 3046 1067 3323 
5404 3324 3323 1123 
5405 1067 3325 3323 
5406 3325 3326 3323 
5407 3325 1122 3326 
5408 3323 3326 1123 
5409 1067 3050 3325 
5410 3050 3317 3325 
5411 3050 540 3317 
5412 3325 3317 1122 
5413 1123 3326 3327 
5414 3326 3322 3327 
5415 3326 1122 3322 
5416 3327 3322 553 
5417 517 3310 3320 
5418 3310 3328 3320 
5419 3310 1120 3328 
5420 3320 3328 1121 
5421 1120 3329 3328 
5422 3329 3330 3328 
5423 3329 1124 3330 
5424 3328 3330 1121 
5425 1120 3315 3329 
5426 3315 3331 3329 
5427 3315 518 3331 
5428 3329 3331 1124 
5429 1121 3330 3321 
5430 3330 3332 3321 
5431 3330 1124 3332 
5432 3321 3332 553 
5433 541 3074 3334 
5434 3074 3333 3334 
5435 3074 1073 3333 
5436 3334 3333 1126 
5437 1073 3335 3333 
5438 3335 3336 3333 
5439 3335 1125 3336 
5440 3333 3336 1126 
5441 1073 3073 3335 
5442 3073 3337 3335 
5443 3073 406 3337 
5444 3335 3337 1125 
5445 1126 3336 3339 
5446 3336 3338 3339 
5447 3336 1125 3338 
5448 3339 3338 542 
5449 531 2754 3341 
5450 2754 3340 3341 
5451 2754 995 3340 
5452 3341 3340 1128 
5453 995 3342 3340 
5454 3342 3343 3340 
5455 3342 1127 3343 
5456 3340 3343 1128 
5457 995 2753 3342 
5458 2753 3344 3342 
5459 2753 425 3344 
5460 3342 3344 1127 
5461 1128 3343 3346 
5462 3343 3345 3346 
5463 3343 1127 3345 
5464 3346 3345 532 
5465 542 3338 3348 
5466 3338 3347 3348 
5467 3338 1125 3347 
5468 3348 3347 1129 
5469 1125 3349 3347 
5470 3349 3350 3347 
5471 3349 1123 3350 
5472 3347 3350 1129 
5473 1125 3337 3349 
5474 3337 3324 3349 
5475 3337 406 3324 
5476 3349 3324 1123 
5477 1129 3350 3351 
5478 3350 3327 3351 
5479 3350 1123 3327 
5480 3351 3327 553 
5481 415 3182 3353 
5482 3182 3352 3353 
5483 3182 1095 3352 
5484 3353 3352 1131 
5485 1095 3354 3352 
5486 3354 3355 3352 
5487 3354 1130 3355 
5488 3352 3355 1131 
5489 1095 3187 3354 
5490 3187 3356 3354 
5491 3187 525 3356 
5492 3354 3356 1130 
5493 1131 3355 3358 
5494 3355 3357 3358 
5495 3355 1130 3357 
5496 3358 3357 526 
5497 408 3144 3360 
5498 3144 3359 3360 
5499 3144 1088 3359 
5500 3360 3359 1133 
5501 1088 3361 3359 
5502 3361 3362 3359 
5503 3361 1132 3362 
5504 3359 3362 1133 
5505 1088 3149 3361 
5506 3149 3363 3361 
5507 3149 544 3363 
5508 3361 3363 1132 
5509 1133 3362 3365 
5510 3362 3364 3365 
5511 3362 1132 3364 
5512 3365 3364 545 
5513 392 246 3367 
5514 246 3366 3367 
5515 246 347 3366 
5516 3367 3366 1135 
5517 347 3368 3366 
5518 3368 3369 3366 
5519 3368 1134 3369 
5520 3366 3369 1135 
5521 347 247 3368 
5522 247 3370 3368 
5523 247 391 3370 
5524 3368 3370 1134 
5525 1135 3369 3372 
5526 3369 3371 3372 
5527 3369 1134 3371 
5528 3372 3371 524 
5529 391 3019 3370 
5530 3019 3373 3370 
5531 3019 1060 3373 
5532 3370 3373 1134 
5533 1060 3374 3373 
5534 3374 3375 3373 
5535 3374 1136 3375 
5536 3373 3375 1134 
5537 1060 3024 3374 
5538 3024 3376 3374 
5539 3024 408 3376 
5540 3374 3376 1136 
5541 1134 3375 3371 
5542 3375 3377 3371 
5543 3375 1136 3377 
5544 3371 3377 524 
5545 361 244 3379 
5546 244 3378 3379 
5547 244 348 3378 
5548 3379 3378 1138 
5549 348 3380 3378 
5550 3380 3381 3378 
5551 3380 1137 3381 
5552 3378 3381 1138 
5553 348 245 3380 
5554 245 3382 3380 
5555 245 392 3382 
5556 3380 3382 1137 
5557 1138 3381 3384 
5558 3381 3383 3384 
5559 3381 1137 3383 
5560 3384 3383 432 
5561 353 280 3386 
5562 280 3385 3386 
5563 280 308 3385 
5564 3386 3385 1140 
5565 308 3387 3385 
5566 3387 3388 3385 
5567 3387 1139 3388 
5568 3385 3388 1140 
5569 308 281 3387 
5570 281 3389 3387 
5571 281 352 3389 
5572 3387 3389 1139 
5573 1140 3388 3391 
5574 3388 3390 3391 
5575 3388 1139 3390 
5576 3391 3390 433 
5577 156 84 3393 
5578 84 3392 3393 
5579 84 112 3392 
5580 3393 3392 1142 
5581 112 3394 3392 
5582 3394 3395 3392 
5583 3394 1141 3395 
5584 3392 3395 1142 
5585 112 85 3394 
5586 85 3396 3394 
5587 85 155 3396 
5588 3394 3396 1141 
5589 1142 3395 3398 
5590 3395 3397 3398 
5591 3395 1141 3397 
5592 3398 3397 434 
5593 432 3383 1770 
5594 3383 3399 1770 
5595 3383 1137 3399 
5596 1770 3399 732 
5597 1137 3400 3399 
5598 3400 3401 3399 
5599 3400 1135 3401 
5600 3399 3401 732 
5601 1137 3382 3400 
5602 3382 3367 3400 
5603 3382 392 3367 
5604 3400 3367 1135 
5605 732 3401 1774 
5606 3401 3372 1774 
5607 3401 1135 3372 
5608 1774 3372 524 
5609 494 3294 3403 
5610 3294 3402 3403 
5611 3294 1116 3402 
5612 3403 3402 1144 
5613 1116 3404 3402 
5614 3404 3405 3402 
5615 3404 1143 3405 
5616 3402 3405 1144 
5617 1116 3298 3404 
5618 3298 3406 3404 
5619 3298 536 3406 
5620 3404 3406 1143 
5621 1144 3405 3408 
5622 3405 3407 3408 
5623 3405 1143 3407 
5624 3408 3407 554 
5625 541 3334 3410 
5626 3334 3409 3410 
5627 3334 1126 3409 
5628 3410 3409 1146 
5629 1126 3411 3409 
5630 3411 3412 3409 
5631 3411 1145 3412 
5632 3409 3412 1146 
5633 1126 3339 3411 
5634 3339 3413 3411 
5635 3339 542 3413 
5636 3411 3413 1145 
5637 1146 3412 3415 
5638 3412 3414 3415 
5639 3412 1145 3414 
5640 3415 3414 555 
5641 536 2592 3406 
5642 2592 3416 3406 
5643 2592 950 3416 
5644 3406 3416 1143 
5645 950 3417 3416 
5646 3417 3418 3416 
5647 3417 645 3418 
5648 3416 3418 1143 
5649 950 2591 3417 
5650 2591 1463 3417 
5651 2591 397 1463 
5652 3417 1463 645 
5653 1143 3418 3407 
5654 3418 1468 3407 
5655 3418 645 1468 
5656 3407 1468 554 
5657 407 3076 3420 
5658 3076 3419 3420 
5659 3076 1074 3419 
5660 3420 3419 1147 
5661 1074 3421 3419 
5662 3421 3422 3419 
5663 3421 1146 3422 
5664 3419 3422 1147 
5665 1074 3079 3421 
5666 3079 3410 3421 
5667 3079 541 3410 
5668 3421 3410 1146 
5669 1147 3422 3423 
5670 3422 3415 3423 
5671 3422 1146 3415 
5672 3423 3415 555 
5673 426 1540 3425 
5674 1540 3424 3425 
5675 1540 667 3424 
5676 3425 3424 1149 
5677 667 3426 3424 
5678 3426 3427 3424 
5679 3426 1148 3427 
5680 3424 3427 1149 
5681 667 1545 3426 
5682 1545 3428 3426 
5683 1545 464 3428 
5684 3426 3428 1148 
5685 1149 3427 3430 
5686 3427 3429 3430 
5687 3427 1148 3429 
5688 3430 3429 590 
5689 413 1589 3432 
5690 1589 3431 3432 
5691 1589 682 3431 
5692 3432 3431 1151 
5693 682 3433 3431 
5694 3433 3434 3431 
5695 3433 1150 3434 
5696 3431 3434 1151 
5697 682 1593 3433 
5698 1593 3435 3433 
5699 1593 453 3435 
5700 3433 3435 1150 
5701 1151 3434 3437 
5702 3434 3436 3437 
5703 3434 1150 3436 
5704 3437 3436 556 
5705 452 1958 1704 
5706 1958 3438 1704 
5707 1958 780 3438 
5708 1704 3438 715 
5709 780 3439 3438 
5710 3439 3440 3438 
5711 3439 694 3440 
5712 3438 3440 715 
5713 780 1963 3439 
5714 1963 1627 3439 
5715 1963 453 1627 
5716 3439 1627 694 
5717 715 3440 1705 
5718 3440 1632 1705 
5719 3440 694 1632 
5720 1705 1632 606 
5721 431 1821 3442 
5722 1821 3441 3442 
5723 1821 746 3441 
5724 3442 3441 1152 
5725 746 3443 3441 
5726 3443 3444 3441 
5727 3443 698 3444 
5728 3441 3444 1152 
5729 746 1826 3443 
5730 1826 1641 3443 
5731 1826 437 1641 
5732 3443 1641 698 
5733 1152 3444 3445 
5734 3444 1646 3445 
5735 3444 698 1646 
5736 3445 1646 557 
5737 411 1835 3447 
5738 1835 3446 3447 
5739 1835 750 3446 
5740 3447 3446 1153 
5741 750 3448 3446 
5742 3448 3449 3446 
5743 3448 700 3449 
5744 3446 3449 1153 
5745 750 1840 3448 
5746 1840 1648 3448 
5747 1840 456 1648 
5748 3448 1648 700 
5749 1153 3449 3450 
5750 3449 1653 3450 
5751 3449 700 1653 
5752 3450 1653 558 
5753 453 1962 3435 
5754 1962 3451 3435 
5755 1962 779 3451 
5756 3435 3451 1150 
5757 779 3452 3451 
5758 3452 3453 3451 
5759 3452 1154 3453 
5760 3451 3453 1150 
5761 779 1961 3452 
5762 1961 3454 3452 
5763 1961 450 3454 
5764 3452 3454 1154 
5765 1150 3453 3436 
5766 3453 3455 3436 
5767 3453 1154 3455 
5768 3436 3455 556 
5769 20 9 3457 
5770 9 3456 3457 
5771 9 15 3456 
5772 3457 3456 1156 
5773 15 3458 3456 
5774 3458 3459 3456 
5775 3458 1155 3459 
5776 3456 3459 1156 
5777 15 8 3458 
5778 8 3460 3458 
5779 8 19 3460 
5780 3458 3460 1155 
5781 1156 3459 3462 
5782 3459 3461 3462 
5783 3459 1155 3461 
5784 3462 3461 557 
5785 217 206 3464 
5786 206 3463 3464 
5787 206 212 3463 
5788 3464 3463 1158 
5789 212 3465 3463 
5790 3465 3466 3463 
5791 3465 1157 3466 
5792 3463 3466 1158 
5793 212 205 3465 
5794 205 3467 3465 
5795 205 216 3467 
5796 3465 3467 1157 
5797 1158 3466 3469 
5798 3466 3468 3469 
5799 3466 1157 3468 
5800 3469 3468 558 
5801 447 1780 3471 
5802 1780 3470 3471 
5803 1780 733 3470 
5804 3471 3470 1160 
5805 733 3472 3470 
5806 3472 3473 3470 
5807 3472 1159 3473 
5808 3470 3473 1160 
5809 733 1779 3472 
5810 1779 3474 3472 
5811 1779 446 3474 
5812 3472 3474 1159 
5813 1160 3473 3476 
5814 3473 3475 3476 
5815 3473 1159 3475 
5816 3476 3475 556 
5817 197 46 3478 
5818 46 3477 3478 
5819 46 153 3477 
5820 3478 3477 1162 
5821 153 3479 3477 
5822 3479 3480 3477 
5823 3479 1161 3480 
5824 3477 3480 1162 
5825 153 47 3479 
5826 47 3481 3479 
5827 47 196 3481 
5828 3479 3481 1161 
5829 1162 3480 3483 
5830 3480 3482 3483 
5831 3480 1161 3482 
5832 3483 3482 559 
5833 362 242 3485 
5834 242 3484 3485 
5835 242 349 3484 
5836 3485 3484 1164 
5837 349 3486 3484 
5838 3486 3487 3484 
5839 3486 1163 3487 
5840 3484 3487 1164 
5841 349 243 3486 
5842 243 3488 3486 
5843 243 361 3488 
5844 3486 3488 1163 
5845 1164 3487 3490 
5846 3487 3489 3490 
5847 3487 1163 3489 
5848 3490 3489 560 
5849 563 3491 1793 
5850 3491 3492 1793 
5851 3491 1165 3492 
5852 1793 3492 737 
5853 1165 3493 3492 
5854 3493 3494 3492 
5855 3493 1166 3494 
5856 3492 3494 737 
5857 1165 3495 3493 
5858 3495 3496 3493 
5859 3495 518 3496 
5860 3493 3496 1166 
5861 737 3494 1794 
5862 3494 3497 1794 
5863 3494 1166 3497 
5864 1794 3497 579 
5865 494 3403 3499 
5866 3403 3498 3499 
5867 3403 1144 3498 
5868 3499 3498 1168 
5869 1144 3500 3498 
5870 3500 3501 3498 
5871 3500 1167 3501 
5872 3498 3501 1168 
5873 1144 3408 3500 
5874 3408 3502 3500 
5875 3408 554 3502 
5876 3500 3502 1167 
5877 1168 3501 3504 
5878 3501 3503 3504 
5879 3501 1167 3503 
5880 3504 3503 564 
5881 182 32 3506 
5882 32 3505 3506 
5883 32 138 3505 
5884 3506 3505 1169 
5885 138 3507 3505 
5886 3507 3508 3505 
5887 3507 702 3508 
5888 3505 3508 1169 
5889 138 22 3507 
5890 22 1664 3507 
5891 22 181 1664 
5892 3507 1664 702 
5893 1169 3508 3509 
5894 3508 1659 3509 
5895 3508 702 1659 
5896 3509 1659 561 
5897 181 34 1665 
5898 34 3510 1665 
5899 34 137 3510 
5900 1665 3510 703 
5901 137 3511 3510 
5902 3511 3512 3510 
5903 3511 1170 3512 
5904 3510 3512 703 
5905 137 35 3511 
5906 35 3513 3511 
5907 35 180 3513 
5908 3511 3513 1170 
5909 703 3512 1666 
5910 3512 3514 1666 
5911 3512 1170 3514 
5912 1666 3514 562 
5913 424 2883 1787 
5914 2883 3515 1787 
5915 2883 1030 3515 
5916 1787 3515 736 
5917 1030 3516 3515 
5918 3516 3517 3515 
5919 3516 1171 3517 
5920 3515 3517 736 
5921 1030 2886 3516 
5922 2886 3518 3516 
5923 2886 531 3518 
5924 3516 3518 1171 
5925 736 3517 1792 
5926 3517 3519 1792 
5927 3517 1171 3519 
5928 1792 3519 563 
5929 554 1683 3502 
5930 1683 3520 3502 
5931 1683 709 3520 
5932 3502 3520 1167 
5933 709 3521 3520 
5934 3521 3522 3520 
5935 3521 1172 3522 
5936 3520 3522 1167 
5937 709 1682 3521 
5938 1682 3523 3521 
5939 1682 451 3523 
5940 3521 3523 1172 
5941 1167 3522 3503 
5942 3522 3524 3503 
5943 3522 1172 3524 
5944 3503 3524 564 
5945 481 2559 3526 
5946 2559 3525 3526 
5947 2559 941 3525 
5948 3526 3525 1174 
5949 941 3527 3525 
5950 3527 3528 3525 
5951 3527 1173 3528 
5952 3525 3528 1174 
5953 941 2558 3527 
5954 2558 3529 3527 
5955 2558 480 3529 
5956 3527 3529 1173 
5957 1174 3528 3531 
5958 3528 3530 3531 
5959 3528 1173 3530 
5960 3531 3530 588 
5961 477 2555 3533 
5962 2555 3532 3533 
5963 2555 942 3532 
5964 3533 3532 1176 
5965 942 3534 3532 
5966 3534 3535 3532 
5967 3534 1175 3535 
5968 3532 3535 1176 
5969 942 2560 3534 
5970 2560 3536 3534 
5971 2560 481 3536 
5972 3534 3536 1175 
5973 1176 3535 3538 
5974 3535 3537 3538 
5975 3535 1175 3537 
5976 3538 3537 587 
5977 553 3332 3540 
5978 3332 3539 3540 
5979 3332 1124 3539 
5980 3540 3539 1178 
5981 1124 3541 3539 
5982 3541 3542 3539 
5983 3541 1177 3542 
5984 3539 3542 1178 
5985 1124 3331 3541 
5986 3331 3543 3541 
5987 3331 518 3543 
5988 3541 3543 1177 
5989 1178 3542 3545 
5990 3542 3544 3545 
5991 3542 1177 3544 
5992 3545 3544 589 
5993 160 2709 3547 
5994 2709 3546 3547 
5995 2709 983 3546 
5996 3547 3546 1179 
5997 983 3548 3546 
5998 3548 3549 3546 
5999 3548 1149 3549 
6000 3546 3549 1179 
6001 983 2714 3548 
6002 2714 3425 3548 
6003 2714 426 3425 
6004 3548 3425 1149 
6005 1179 3549 3550 
6006 3549 3430 3550 
6007 3549 1149 3430 
6008 3550 3430 590 
6009 425 2805 3552 
6010 2805 3551 3552 
6011 2805 1009 3551 
6012 3552 3551 1181 
6013 1009 3553 3551 
6014 3553 3554 3551 
6015 3553 1180 3554 
6016 3551 3554 1181 
6017 1009 2804 3553 
6018 2804 3555 3553 
6019 2804 161 3555 
6020 3553 3555 1180 
6021 1181 3554 3557 
6022 3554 3556 3557 
6023 3554 1180 3556 
6024 3557 3556 590 
6025 395 1574 3559 
6026 1574 3558 3559 
6027 1574 678 3558 
6028 3559 3558 1182 
6029 678 3560 3558 
6030 3560 3561 3558 
6031 3560 651 3561 
6032 3558 3561 1182 
6033 678 1579 3560 
6034 1579 1484 3560 
6035 1579 443 1484 
6036 3560 1484 651 
6037 1182 3561 3562 
6038 3561 1489 3562 
6039 3561 651 1489 
6040 3562 1489 598 
6041 412 1581 3564 
6042 1581 3563 3564 
6043 1581 680 3563 
6044 3564 3563 1183 
6045 680 3565 3563 
6046 3565 3566 3563 
6047 3565 653 3566 
6048 3563 3566 1183 
6049 680 1586 3565 
6050 1586 1491 3565 
6051 1586 462 1491 
6052 3565 1491 653 
6053 1183 3566 3567 
6054 3566 1496 3567 
6055 3566 653 1496 
6056 3567 1496 599 
6057 450 1943 3454 
6058 1943 3568 3454 
6059 1943 774 3568 
6060 3454 3568 1154 
6061 774 3569 3568 
6062 3569 3570 3568 
6063 3569 1160 3570 
6064 3568 3570 1154 
6065 774 1942 3569 
6066 1942 3471 3569 
6067 1942 447 3471 
6068 3569 3471 1160 
6069 1154 3570 3455 
6070 3570 3476 3455 
6071 3570 1160 3476 
6072 3455 3476 556 
6073 19 1880 3460 
6074 1880 3571 3460 
6075 1880 761 3571 
6076 3460 3571 1155 
6077 761 3572 3571 
6078 3572 3573 3571 
6079 3572 1152 3573 
6080 3571 3573 1155 
6081 761 1883 3572 
6082 1883 3442 3572 
6083 1883 431 3442 
6084 3572 3442 1152 
6085 1155 3573 3461 
6086 3573 3445 3461 
6087 3573 1152 3445 
6088 3461 3445 557 
6089 216 1890 3467 
6090 1890 3574 3467 
6091 1890 763 3574 
6092 3467 3574 1157 
6093 763 3575 3574 
6094 3575 3576 3574 
6095 3575 1153 3576 
6096 3574 3576 1157 
6097 763 1893 3575 
6098 1893 3447 3575 
6099 1893 411 3447 
6100 3575 3447 1153 
6101 1157 3576 3468 
6102 3576 3450 3468 
6103 3576 1153 3450 
6104 3468 3450 558 
6105 196 2912 3481 
6106 2912 3577 3481 
6107 2912 1038 3577 
6108 3481 3577 1161 
6109 1038 3578 3577 
6110 3578 3579 3577 
6111 3578 613 3579 
6112 3577 3579 1161 
6113 1038 2917 3578 
6114 2917 1362 3578 
6115 2917 414 1362 
6116 3578 1362 613 
6117 1161 3579 3482 
6118 3579 1368 3482 
6119 3579 613 1368 
6120 3482 1368 559 
6121 361 3379 3488 
6122 3379 3580 3488 
6123 3379 1138 3580 
6124 3488 3580 1163 
6125 1138 3581 3580 
6126 3581 3582 3580 
6127 3581 616 3582 
6128 3580 3582 1163 
6129 1138 3384 3581 
6130 3384 1371 3581 
6131 3384 432 1371 
6132 3581 1371 616 
6133 1163 3582 3489 
6134 3582 1377 3489 
6135 3582 616 1377 
6136 3489 1377 560 
6137 396 1533 3584 
6138 1533 3583 3584 
6139 1533 665 3583 
6140 3584 3583 1185 
6141 665 3585 3583 
6142 3585 3586 3583 
6143 3585 1184 3586 
6144 3583 3586 1185 
6145 665 1538 3585 
6146 1538 3587 3585 
6147 1538 445 3587 
6148 3585 3587 1184 
6149 1185 3586 3589 
6150 3586 3588 3589 
6151 3586 1184 3588 
6152 3589 3588 591 
6153 545 3364 1657 
6154 3364 3590 1657 
6155 3364 1132 3590 
6156 1657 3590 701 
6157 1132 3591 3590 
6158 3591 3592 3590 
6159 3591 1186 3592 
6160 3590 3592 701 
6161 1132 3363 3591 
6162 3363 3593 3591 
6163 3363 544 3593 
6164 3591 3593 1186 
6165 701 3592 1658 
6166 3592 3594 1658 
6167 3592 1186 3594 
6168 1658 3594 592 
6169 395 3174 1799 
6170 3174 3595 1799 
6171 3174 1091 3595 
6172 1799 3595 739 
6173 1091 3596 3595 
6174 3596 3597 3595 
6175 3596 1187 3597 
6176 3595 3597 739 
6177 1091 3173 3596 
6178 3173 3598 3596 
6179 3173 354 3598 
6180 3596 3598 1187 
6181 739 3597 1800 
6182 3597 3599 1800 
6183 3597 1187 3599 
6184 1800 3599 593 
6185 412 2761 1804 
6186 2761 3600 1804 
6187 2761 997 3600 
6188 1804 3600 740 
6189 997 3601 3600 
6190 3601 3602 3600 
6191 3601 1188 3602 
6192 3600 3602 740 
6193 997 2760 3601 
6194 2760 3603 3601 
6195 2760 157 3603 
6196 3601 3603 1188 
6197 740 3602 1805 
6198 3602 3604 1805 
6199 3602 1188 3604 
6200 1805 3604 594 
6201 438 1846 3606 
6202 1846 3605 3606 
6203 1846 751 3605 
6204 3606 3605 1189 
6205 751 3607 3605 
6206 3607 3608 3605 
6207 3607 624 3608 
6208 3605 3608 1189 
6209 751 1845 3607 
6210 1845 1397 3607 
6211 1845 436 1397 
6212 3607 1397 624 
6213 1189 3608 3609 
6214 3608 1402 3609 
6215 3608 624 1402 
6216 3609 1402 595 
6217 457 1853 3611 
6218 1853 3610 3611 
6219 1853 753 3610 
6220 3611 3610 1190 
6221 753 3612 3610 
6222 3612 3613 3610 
6223 3612 626 3613 
6224 3610 3613 1190 
6225 753 1852 3612 
6226 1852 1404 3612 
6227 1852 455 1404 
6228 3612 1404 626 
6229 1190 3613 3614 
6230 3613 1409 3614 
6231 3613 626 1409 
6232 3614 1409 596 
6233 353 3386 3616 
6234 3386 3615 3616 
6235 3386 1140 3615 
6236 3616 3615 1191 
6237 1140 3617 3615 
6238 3617 3618 3615 
6239 3617 658 3618 
6240 3615 3618 1191 
6241 1140 3391 3617 
6242 3391 1507 3617 
6243 3391 433 1507 
6244 3617 1507 658 
6245 1191 3618 3619 
6246 3618 1512 3619 
6247 3618 658 1512 
6248 3619 1512 593 
6249 156 3393 3621 
6250 3393 3620 3621 
6251 3393 1142 3620 
6252 3621 3620 1192 
6253 1142 3622 3620 
6254 3622 3623 3620 
6255 3622 660 3623 
6256 3620 3623 1192 
6257 1142 3398 3622 
6258 3398 1514 3622 
6259 3398 434 1514 
6260 3622 1514 660 
6261 1192 3623 3624 
6262 3623 1519 3624 
6263 3623 660 1519 
6264 3624 1519 594 
6265 532 3345 1674 
6266 3345 3625 1674 
6267 3345 1127 3625 
6268 1674 3625 706 
6269 1127 3626 3625 
6270 3626 3627 3625 
6271 3626 1193 3627 
6272 3625 3627 706 
6273 1127 3344 3626 
6274 3344 3628 3626 
6275 3344 425 3628 
6276 3626 3628 1193 
6277 706 3627 1675 
6278 3627 3629 1675 
6279 3627 1193 3629 
6280 1675 3629 603 
6281 407 3420 3631 
6282 3420 3630 3631 
6283 3420 1147 3630 
6284 3631 3630 1194 
6285 1147 3632 3630 
6286 3632 3633 3630 
6287 3632 696 3633 
6288 3630 3633 1194 
6289 1147 3423 3632 
6290 3423 1634 3632 
6291 3423 555 1634 
6292 3632 1634 696 
6293 1194 3633 3634 
6294 3633 1639 3634 
6295 3633 696 1639 
6296 3634 1639 592 
6297 396 3167 1487 
6298 3167 3635 1487 
6299 3167 1089 3635 
6300 1487 3635 650 
6301 1089 3636 3635 
6302 3636 3637 3635 
6303 3636 1195 3637 
6304 3635 3637 650 
6305 1089 3166 3636 
6306 3166 3638 3636 
6307 3166 356 3638 
6308 3636 3638 1195 
6309 650 3637 1488 
6310 3637 3639 1488 
6311 3637 1195 3639 
6312 1488 3639 598 
6313 355 3170 3641 
6314 3170 3640 3641 
6315 3170 1092 3640 
6316 3641 3640 1196 
6317 1092 3642 3640 
6318 3642 3643 3640 
6319 3642 1182 3643 
6320 3640 3643 1196 
6321 1092 3175 3642 
6322 3175 3559 3642 
6323 3175 395 3559 
6324 3642 3559 1182 
6325 1196 3643 3644 
6326 3643 3562 3644 
6327 3643 1182 3562 
6328 3644 3562 598 
6329 426 2713 1494 
6330 2713 3645 1494 
6331 2713 982 3645 
6332 1494 3645 652 
6333 982 3646 3645 
6334 3646 3647 3645 
6335 3646 1197 3647 
6336 3645 3647 652 
6337 982 2712 3646 
6338 2712 3648 3646 
6339 2712 159 3648 
6340 3646 3648 1197 
6341 652 3647 1495 
6342 3647 3649 1495 
6343 3647 1197 3649 
6344 1495 3649 599 
6345 158 2757 3651 
6346 2757 3650 3651 
6347 2757 998 3650 
6348 3651 3650 1198 
6349 998 3652 3650 
6350 3652 3653 3650 
6351 3652 1183 3653 
6352 3650 3653 1198 
6353 998 2762 3652 
6354 2762 3564 3652 
6355 2762 412 3564 
6356 3652 3564 1183 
6357 1198 3653 3654 
6358 3653 3567 3654 
6359 3653 1183 3567 
6360 3654 3567 599 
6361 551 3232 1748 
6362 3232 3655 1748 
6363 3232 1102 3655 
6364 1748 3655 725 
6365 1102 3656 3655 
6366 3656 3657 3655 
6367 3656 1199 3657 
6368 3655 3657 725 
6369 1102 3231 3656 
6370 3231 3658 3656 
6371 3231 415 3658 
6372 3656 3658 1199 
6373 725 3657 1749 
6374 3657 3659 1749 
6375 3657 1199 3659 
6376 1749 3659 601 
6377 17 3 3661 
6378 3 3660 3661 
6379 3 1 3660 
6380 3661 3660 1201 
6381 1 3662 3660 
6382 3662 3663 3660 
6383 3662 1200 3663 
6384 3660 3663 1201 
6385 1 2 3662 
6386 2 3664 3662 
6387 2 21 3664 
6388 3662 3664 1200 
6389 1201 3663 3666 
6390 3663 3665 3666 
6391 3663 1200 3665 
6392 3666 3665 607 
6393 524 3377 1755 
6394 3377 3667 1755 
6395 3377 1136 3667 
6396 1755 3667 727 
6397 1136 3668 3667 
6398 3668 3669 3667 
6399 3668 1202 3669 
6400 3667 3669 727 
6401 1136 3376 3668 
6402 3376 3670 3668 
6403 3376 408 3670 
6404 3668 3670 1202 
6405 727 3669 1756 
6406 3669 3671 1756 
6407 3669 1202 3671 
6408 1756 3671 602 
6409 214 200 3673 
6410 200 3672 3673 
6411 200 209 3672 
6412 3673 3672 1204 
6413 209 3674 3672 
6414 3674 3675 3672 
6415 3674 1203 3675 
6416 3672 3675 1204 
6417 209 199 3674 
6418 199 3676 3674 
6419 199 208 3676 
6420 3674 3676 1203 
6421 1204 3675 3678 
6422 3675 3677 3678 
6423 3675 1203 3677 
6424 3678 3677 608 
6425 21 99 3664 
6426 99 3679 3664 
6427 99 110 3679 
6428 3664 3679 1200 
6429 110 3680 3679 
6430 3680 3681 3679 
6431 3680 1205 3681 
6432 3679 3681 1200 
6433 110 45 3680 
6434 45 3682 3680 
6435 45 197 3682 
6436 3680 3682 1205 
6437 1200 3681 3665 
6438 3681 3683 3665 
6439 3681 1205 3683 
6440 3665 3683 607 
6441 208 295 3676 
6442 295 3684 3676 
6443 295 306 3684 
6444 3676 3684 1203 
6445 306 3685 3684 
6446 3685 3686 3684 
6447 3685 1206 3686 
6448 3684 3686 1203 
6449 306 241 3685 
6450 241 3687 3685 
6451 241 362 3687 
6452 3685 3687 1206 
6453 1203 3686 3677 
6454 3686 3688 3677 
6455 3686 1206 3688 
6456 3677 3688 608 
6457 359 268 3690 
6458 268 3689 3690 
6459 268 314 3689 
6460 3690 3689 1207 
6461 314 3691 3689 
6462 3691 3692 3689 
6463 3691 656 3692 
6464 3689 3692 1207 
6465 314 269 3691 
6466 269 1499 3691 
6467 269 358 1499 
6468 3691 1499 656 
6469 1207 3692 3693 
6470 3692 1505 3693 
6471 3692 656 1505 
6472 3693 1505 604 
6473 561 1763 3695 
6474 1763 3694 3695 
6475 1763 729 3694 
6476 3695 3694 1208 
6477 729 3696 3694 
6478 3696 3697 3694 
6479 3696 1174 3697 
6480 3694 3697 1208 
6481 729 1758 3696 
6482 1758 3526 3696 
6483 1758 481 3526 
6484 3696 3526 1174 
6485 1208 3697 3698 
6486 3697 3531 3698 
6487 3697 1174 3531 
6488 3698 3531 588 
6489 481 1760 3536 
6490 1760 3699 3536 
6491 1760 730 3699 
6492 3536 3699 1175 
6493 730 3700 3699 
6494 3700 3701 3699 
6495 3700 1209 3701 
6496 3699 3701 1175 
6497 730 1764 3700 
6498 1764 3702 3700 
6499 1764 562 3702 
6500 3700 3702 1209 
6501 1175 3701 3537 
6502 3701 3703 3537 
6503 3701 1209 3703 
6504 3537 3703 587 
6505 518 3495 3543 
6506 3495 3704 3543 
6507 3495 1165 3704 
6508 3543 3704 1177 
6509 1165 3705 3704 
6510 3705 3706 3704 
6511 3705 1210 3706 
6512 3704 3706 1177 
6513 1165 3491 3705 
6514 3491 3707 3705 
6515 3491 563 3707 
6516 3705 3707 1210 
6517 1177 3706 3544 
6518 3706 3708 3544 
6519 3706 1210 3708 
6520 3544 3708 589 
6521 418 2922 3710 
6522 2922 3709 3710 
6523 2922 1039 3709 
6524 3710 3709 1211 
6525 1039 3711 3709 
6526 3711 3712 3709 
6527 3711 1169 3712 
6528 3709 3712 1211 
6529 1039 2921 3711 
6530 2921 3506 3711 
6531 2921 182 3506 
6532 3711 3506 1169 
6533 1211 3712 3713 
6534 3712 3509 3713 
6535 3712 1169 3509 
6536 3713 3509 561 
6537 180 2924 3513 
6538 2924 3714 3513 
6539 2924 1041 3714 
6540 3513 3714 1170 
6541 1041 3715 3714 
6542 3715 3716 3714 
6543 3715 1212 3716 
6544 3714 3716 1170 
6545 1041 2929 3715 
6546 2929 3717 3715 
6547 2929 394 3717 
6548 3715 3717 1212 
6549 1170 3716 3514 
6550 3716 3718 3514 
6551 3716 1212 3718 
6552 3514 3718 562 
6553 531 3341 3518 
6554 3341 3719 3518 
6555 3341 1128 3719 
6556 3518 3719 1171 
6557 1128 3720 3719 
6558 3720 3721 3719 
6559 3720 1213 3721 
6560 3719 3721 1171 
6561 1128 3346 3720 
6562 3346 3722 3720 
6563 3346 532 3722 
6564 3720 3722 1213 
6565 1171 3721 3519 
6566 3721 3723 3519 
6567 3721 1213 3723 
6568 3519 3723 563 
6569 493 3305 3725 
6570 3305 3724 3725 
6571 3305 1118 3724 
6572 3725 3724 1214 
6573 1118 3726 3724 
6574 3726 3727 3724 
6575 3726 1168 3727 
6576 3724 3727 1214 
6577 1118 3308 3726 
6578 3308 3499 3726 
6579 3308 494 3499 
6580 3726 3499 1168 
6581 1214 3727 3728 
6582 3727 3504 3728 
6583 3727 1168 3504 
6584 3728 3504 564 
6585 358 270 1497 
6586 270 3729 1497 
6587 270 313 3729 
6588 1497 3729 654 
6589 313 3730 3729 
6590 3730 3731 3729 
6591 3730 1215 3731 
6592 3729 3731 654 
6593 313 271 3730 
6594 271 3732 3730 
6595 271 357 3732 
6596 3730 3732 1215 
6597 654 3731 1502 
6598 3731 3733 1502 
6599 3731 1215 3733 
6600 1502 3733 591 
6601 189 2948 3735 
6602 2948 3734 3735 
6603 2948 1047 3734 
6604 3735 3734 1216 
6605 1047 3736 3734 
6606 3736 3737 3734 
6607 3736 716 3737 
6608 3734 3737 1216 
6609 1047 2953 3736 
6610 2953 1700 3736 
6611 2953 416 1700 
6612 3736 1700 716 
6613 1216 3737 3738 
6614 3737 1706 3738 
6615 3737 716 1706 
6616 3738 1706 606 
6617 555 3414 3740 
6618 3414 3739 3740 
6619 3414 1145 3739 
6620 3740 3739 1218 
6621 1145 3741 3739 
6622 3741 3742 3739 
6623 3741 1217 3742 
6624 3739 3742 1218 
6625 1145 3413 3741 
6626 3413 3743 3741 
6627 3413 542 3743 
6628 3741 3743 1217 
6629 1218 3742 3745 
6630 3742 3744 3745 
6631 3742 1217 3744 
6632 3745 3744 605 
6633 565 3746 3748 
6634 3746 3747 3748 
6635 3746 1219 3747 
6636 3748 3747 1221 
6637 1219 3749 3747 
6638 3749 3750 3747 
6639 3749 1220 3750 
6640 3747 3750 1221 
6641 1219 3751 3749 
6642 3751 3752 3749 
6643 3751 418 3752 
6644 3749 3752 1220 
6645 1221 3750 3754 
6646 3750 3753 3754 
6647 3750 1220 3753 
6648 3754 3753 588 
6649 394 3755 3757 
6650 3755 3756 3757 
6651 3755 1222 3756 
6652 3757 3756 1224 
6653 1222 3758 3756 
6654 3758 3759 3756 
6655 3758 1223 3759 
6656 3756 3759 1224 
6657 1222 3760 3758 
6658 3760 3761 3758 
6659 3760 569 3761 
6660 3758 3761 1223 
6661 1224 3759 3763 
6662 3759 3762 3763 
6663 3759 1223 3762 
6664 3763 3762 587 
6665 570 3764 3766 
6666 3764 3765 3766 
6667 3764 1225 3765 
6668 3766 3765 1227 
6669 1225 3767 3765 
6670 3767 3768 3765 
6671 3767 1226 3768 
6672 3765 3768 1227 
6673 1225 3769 3767 
6674 3769 3770 3767 
6675 3769 493 3770 
6676 3767 3770 1226 
6677 1227 3768 3772 
6678 3768 3771 3772 
6679 3768 1226 3771 
6680 3772 3771 586 
6681 470 3773 3775 
6682 3773 3774 3775 
6683 3773 1228 3774 
6684 3775 3774 1230 
6685 1228 3776 3774 
6686 3776 3777 3774 
6687 3776 1229 3777 
6688 3774 3777 1230 
6689 1228 3778 3776 
6690 3778 3779 3776 
6691 3778 583 3779 
6692 3776 3779 1229 
6693 1230 3777 3781 
6694 3777 3780 3781 
6695 3777 1229 3780 
6696 3781 3780 585 
6697 583 3782 3779 
6698 3782 3783 3779 
6699 3782 1231 3783 
6700 3779 3783 1229 
6701 1231 3784 3783 
6702 3784 3785 3783 
6703 3784 1232 3785 
6704 3783 3785 1229 
6705 1231 3786 3784 
6706 3786 3787 3784 
6707 3786 552 3787 
6708 3784 3787 1232 
6709 1229 3785 3780 
6710 3785 3788 3780 
6711 3785 1232 3788 
6712 3780 3788 585 
6713 472 2041 3790 
6714 2041 3789 3790 
6715 2041 802 3789 
6716 3790 3789 1234 
6717 802 3791 3789 
6718 3791 3792 3789 
6719 3791 1233 3792 
6720 3789 3792 1234 
6721 802 2036 3791 
6722 2036 3793 3791 
6723 2036 478 3793 
6724 3791 3793 1233 
6725 1234 3792 3795 
6726 3792 3794 3795 
6727 3792 1233 3794 
6728 3795 3794 580 
6729 430 2292 3797 
6730 2292 3796 3797 
6731 2292 877 3796 
6732 3797 3796 1236 
6733 877 3798 3796 
6734 3798 3799 3796 
6735 3798 1235 3799 
6736 3796 3799 1236 
6737 877 2298 3798 
6738 2298 3800 3798 
6739 2298 519 3800 
6740 3798 3800 1235 
6741 1236 3799 3802 
6742 3799 3801 3802 
6743 3799 1235 3801 
6744 3802 3801 584 
6745 470 2513 3773 
6746 2513 3803 3773 
6747 2513 931 3803 
6748 3773 3803 1228 
6749 931 3804 3803 
6750 3804 3805 3803 
6751 3804 1237 3805 
6752 3803 3805 1228 
6753 931 2517 3804 
6754 2517 3806 3804 
6755 2517 472 3806 
6756 3804 3806 1237 
6757 1228 3805 3778 
6758 3805 3807 3778 
6759 3805 1237 3807 
6760 3778 3807 583 
6761 508 3808 3810 
6762 3808 3809 3810 
6763 3808 1238 3809 
6764 3810 3809 1240 
6765 1238 3811 3809 
6766 3811 3812 3809 
6767 3811 1239 3812 
6768 3809 3812 1240 
6769 1238 3813 3811 
6770 3813 3814 3811 
6771 3813 573 3814 
6772 3811 3814 1239 
6773 1240 3812 3816 
6774 3812 3815 3816 
6775 3812 1239 3815 
6776 3816 3815 574 
6777 573 3817 3814 
6778 3817 3818 3814 
6779 3817 1241 3818 
6780 3814 3818 1239 
6781 1241 3819 3818 
6782 3819 3820 3818 
6783 3819 1242 3820 
6784 3818 3820 1239 
6785 1241 3821 3819 
6786 3821 3822 3819 
6787 3821 539 3822 
6788 3819 3822 1242 
6789 1239 3820 3815 
6790 3820 3823 3815 
6791 3820 1242 3823 
6792 3815 3823 574 
6793 478 2522 3825 
6794 2522 3824 3825 
6795 2522 932 3824 
6796 3825 3824 1244 
6797 932 3826 3824 
6798 3826 3827 3824 
6799 3826 1243 3827 
6800 3824 3827 1244 
6801 932 2521 3826 
6802 2521 3828 3826 
6803 2521 476 3828 
6804 3826 3828 1243 
6805 1244 3827 3830 
6806 3827 3829 3830 
6807 3827 1243 3829 
6808 3830 3829 569 
6809 565 3831 3833 
6810 3831 3832 3833 
6811 3831 1245 3832 
6812 3833 3832 1247 
6813 1245 3834 3832 
6814 3834 3835 3832 
6815 3834 1246 3835 
6816 3832 3835 1247 
6817 1245 3836 3834 
6818 3836 3837 3834 
6819 3836 485 3837 
6820 3834 3837 1246 
6821 1247 3835 3839 
6822 3835 3838 3839 
6823 3835 1246 3838 
6824 3839 3838 566 
6825 483 2572 3841 
6826 2572 3840 3841 
6827 2572 946 3840 
6828 3841 3840 1248 
6829 946 3842 3840 
6830 3842 3843 3840 
6831 3842 1245 3843 
6832 3840 3843 1248 
6833 946 2577 3842 
6834 2577 3836 3842 
6835 2577 485 3836 
6836 3842 3836 1245 
6837 1248 3843 3844 
6838 3843 3831 3844 
6839 3843 1245 3831 
6840 3844 3831 565 
6841 485 2704 3837 
6842 2704 3845 3837 
6843 2704 981 3845 
6844 3837 3845 1246 
6845 981 3846 3845 
6846 3846 3847 3845 
6847 3846 1249 3847 
6848 3845 3847 1246 
6849 981 2707 3846 
6850 2707 3848 3846 
6851 2707 487 3848 
6852 3846 3848 1249 
6853 1246 3847 3838 
6854 3847 3849 3838 
6855 3847 1249 3849 
6856 3838 3849 566 
6857 566 3849 3851 
6858 3849 3850 3851 
6859 3849 1249 3850 
6860 3851 3850 1251 
6861 1249 3852 3850 
6862 3852 3853 3850 
6863 3852 1250 3853 
6864 3850 3853 1251 
6865 1249 3848 3852 
6866 3848 3854 3852 
6867 3848 487 3854 
6868 3852 3854 1250 
6869 1251 3853 3856 
6870 3853 3855 3856 
6871 3853 1250 3855 
6872 3856 3855 567 
6873 487 3177 3854 
6874 3177 3857 3854 
6875 3177 1093 3857 
6876 3854 3857 1250 
6877 1093 3858 3857 
6878 3858 3859 3857 
6879 3858 1252 3859 
6880 3857 3859 1250 
6881 1093 3180 3858 
6882 3180 3860 3858 
6883 3180 489 3860 
6884 3858 3860 1252 
6885 1250 3859 3855 
6886 3859 3861 3855 
6887 3859 1252 3861 
6888 3855 3861 567 
6889 567 3861 3863 
6890 3861 3862 3863 
6891 3861 1252 3862 
6892 3863 3862 1254 
6893 1252 3864 3862 
6894 3864 3865 3862 
6895 3864 1253 3865 
6896 3862 3865 1254 
6897 1252 3860 3864 
6898 3860 3866 3864 
6899 3860 489 3866 
6900 3864 3866 1253 
6901 1254 3865 3868 
6902 3865 3867 3868 
6903 3865 1253 3867 
6904 3868 3867 568 
6905 504 2547 3870 
6906 2547 3869 3870 
6907 2547 938 3869 
6908 3870 3869 1256 
6909 938 3871 3869 
6910 3871 3872 3869 
6911 3871 1255 3872 
6912 3869 3872 1256 
6913 938 2546 3871 
6914 2546 3873 3871 
6915 2546 502 3873 
6916 3871 3873 1255 
6917 1256 3872 3875 
6918 3872 3874 3875 
6919 3872 1255 3874 
6920 3875 3874 571 
6921 489 3134 3866 
6922 3134 3876 3866 
6923 3134 1086 3876 
6924 3866 3876 1253 
6925 1086 3877 3876 
6926 3877 3878 3876 
6927 3877 1257 3878 
6928 3876 3878 1253 
6929 1086 3139 3877 
6930 3139 3879 3877 
6931 3139 491 3879 
6932 3877 3879 1257 
6933 1253 3878 3867 
6934 3878 3880 3867 
6935 3878 1257 3880 
6936 3867 3880 568 
6937 506 2599 3882 
6938 2599 3881 3882 
6939 2599 952 3881 
6940 3882 3881 1259 
6941 952 3883 3881 
6942 3883 3884 3881 
6943 3883 1258 3884 
6944 3881 3884 1259 
6945 952 2598 3883 
6946 2598 3885 3883 
6947 2598 504 3885 
6948 3883 3885 1258 
6949 1259 3884 3887 
6950 3884 3886 3887 
6951 3884 1258 3886 
6952 3887 3886 572 
6953 504 3870 3885 
6954 3870 3888 3885 
6955 3870 1256 3888 
6956 3885 3888 1258 
6957 1256 3889 3888 
6958 3889 3890 3888 
6959 3889 1260 3890 
6960 3888 3890 1258 
6961 1256 3875 3889 
6962 3875 3891 3889 
6963 3875 571 3891 
6964 3889 3891 1260 
6965 1258 3890 3886 
6966 3890 3892 3886 
6967 3890 1260 3892 
6968 3886 3892 572 
6969 506 3882 3894 
6970 3882 3893 3894 
6971 3882 1259 3893 
6972 3894 3893 1262 
6973 1259 3895 3893 
6974 3895 3896 3893 
6975 3895 1261 3896 
6976 3893 3896 1262 
6977 1259 3887 3895 
6978 3887 3897 3895 
6979 3887 572 3897 
6980 3895 3897 1261 
6981 1262 3896 3899 
6982 3896 3898 3899 
6983 3896 1261 3898 
6984 3899 3898 573 
6985 508 2685 3808 
6986 2685 3900 3808 
6987 2685 974 3900 
6988 3808 3900 1238 
6989 974 3901 3900 
6990 3901 3902 3900 
6991 3901 1262 3902 
6992 3900 3902 1238 
6993 974 2684 3901 
6994 2684 3894 3901 
6995 2684 506 3894 
6996 3901 3894 1262 
6997 1238 3902 3813 
6998 3902 3899 3813 
6999 3902 1262 3899 
7000 3813 3899 573 
7001 520 2289 3904 
7002 2289 3903 3904 
7003 2289 874 3903 
7004 3904 3903 1264 
7005 874 3905 3903 
7006 3905 3906 3903 
7007 3905 1263 3906 
7008 3903 3906 1264 
7009 874 2288 3905 
7010 2288 3907 3905 
7011 2288 420 3907 
7012 3905 3907 1263 
7013 1264 3906 3909 
7014 3906 3908 3909 
7015 3906 1263 3908 
7016 3909 3908 576 
7017 527 2729 3911 
7018 2729 3910 3911 
7019 2729 987 3910 
7020 3911 3910 1265 
7021 987 3912 3910 
7022 3912 3913 3910 
7023 3912 1219 3913 
7024 3910 3913 1265 
7025 987 2728 3912 
7026 2728 3751 3912 
7027 2728 418 3751 
7028 3912 3751 1219 
7029 1265 3913 3914 
7030 3913 3746 3914 
7031 3913 1219 3746 
7032 3914 3746 565 
7033 529 2832 3916 
7034 2832 3915 3916 
7035 2832 1016 3915 
7036 3916 3915 1267 
7037 1016 3917 3915 
7038 3917 3918 3915 
7039 3917 1266 3918 
7040 3915 3918 1267 
7041 1016 2831 3917 
7042 2831 3919 3917 
7043 2831 417 3919 
7044 3917 3919 1266 
7045 1267 3918 3921 
7046 3918 3920 3921 
7047 3918 1266 3920 
7048 3921 3920 570 
7049 527 3911 3923 
7050 3911 3922 3923 
7051 3911 1265 3922 
7052 3923 3922 1268 
7053 1265 3924 3922 
7054 3924 3925 3922 
7055 3924 1247 3925 
7056 3922 3925 1268 
7057 1265 3914 3924 
7058 3914 3833 3924 
7059 3914 565 3833 
7060 3924 3833 1247 
7061 1268 3925 3926 
7062 3925 3839 3926 
7063 3925 1247 3839 
7064 3926 3839 566 
7065 539 3117 3822 
7066 3117 3927 3822 
7067 3117 1081 3927 
7068 3822 3927 1242 
7069 1081 3928 3927 
7070 3928 3929 3927 
7071 3928 1269 3929 
7072 3927 3929 1242 
7073 1081 3116 3928 
7074 3116 3930 3928 
7075 3116 422 3930 
7076 3928 3930 1269 
7077 1242 3929 3823 
7078 3929 3931 3823 
7079 3929 1269 3931 
7080 3823 3931 574 
7081 574 3931 3933 
7082 3931 3932 3933 
7083 3931 1269 3932 
7084 3933 3932 1271 
7085 1269 3934 3932 
7086 3934 3935 3932 
7087 3934 1270 3935 
7088 3932 3935 1271 
7089 1269 3930 3934 
7090 3930 3936 3934 
7091 3930 422 3936 
7092 3934 3936 1270 
7093 1271 3935 3938 
7094 3935 3937 3938 
7095 3935 1270 3937 
7096 3938 3937 575 
7097 422 2698 3936 
7098 2698 3939 3936 
7099 2698 980 3939 
7100 3936 3939 1270 
7101 980 3940 3939 
7102 3940 3941 3939 
7103 3940 1272 3941 
7104 3939 3941 1270 
7105 980 2702 3940 
7106 2702 3942 3940 
7107 2702 530 3942 
7108 3940 3942 1272 
7109 1270 3941 3937 
7110 3941 3943 3937 
7111 3941 1272 3943 
7112 3937 3943 575 
7113 419 2770 3945 
7114 2770 3944 3945 
7115 2770 1002 3944 
7116 3945 3944 1273 
7117 1002 3946 3944 
7118 3946 3947 3944 
7119 3946 1268 3947 
7120 3944 3947 1273 
7121 1002 2776 3946 
7122 2776 3923 3946 
7123 2776 527 3923 
7124 3946 3923 1268 
7125 1273 3947 3948 
7126 3947 3926 3948 
7127 3947 1268 3926 
7128 3948 3926 566 
7129 575 3943 3950 
7130 3943 3949 3950 
7131 3943 1272 3949 
7132 3950 3949 1275 
7133 1272 3951 3949 
7134 3951 3952 3949 
7135 3951 1274 3952 
7136 3949 3952 1275 
7137 1272 3942 3951 
7138 3942 3953 3951 
7139 3942 530 3953 
7140 3951 3953 1274 
7141 1275 3952 3955 
7142 3952 3954 3955 
7143 3952 1274 3954 
7144 3955 3954 577 
7145 530 2647 3953 
7146 2647 3956 3953 
7147 2647 964 3956 
7148 3953 3956 1274 
7149 964 3957 3956 
7150 3957 3958 3956 
7151 3957 1276 3958 
7152 3956 3958 1274 
7153 964 2646 3957 
7154 2646 3959 3957 
7155 2646 423 3959 
7156 3957 3959 1276 
7157 1274 3958 3954 
7158 3958 3960 3954 
7159 3958 1276 3960 
7160 3954 3960 577 
7161 577 3960 3962 
7162 3960 3961 3962 
7163 3960 1276 3961 
7164 3962 3961 1278 
7165 1276 3963 3961 
7166 3963 3964 3961 
7167 3963 1277 3964 
7168 3961 3964 1278 
7169 1276 3959 3963 
7170 3959 3965 3963 
7171 3959 423 3965 
7172 3963 3965 1277 
7173 1278 3964 3967 
7174 3964 3966 3967 
7175 3964 1277 3966 
7176 3967 3966 578 
7177 419 3945 3969 
7178 3945 3968 3969 
7179 3945 1273 3968 
7180 3969 3968 1279 
7181 1273 3970 3968 
7182 3970 3971 3968 
7183 3970 1251 3971 
7184 3968 3971 1279 
7185 1273 3948 3970 
7186 3948 3851 3970 
7187 3948 566 3851 
7188 3970 3851 1251 
7189 1279 3971 3972 
7190 3971 3856 3972 
7191 3971 1251 3856 
7192 3972 3856 567 
7193 423 2813 3965 
7194 2813 3973 3965 
7195 2813 1013 3973 
7196 3965 3973 1277 
7197 1013 3974 3973 
7198 3974 3975 3973 
7199 3974 1280 3975 
7200 3973 3975 1277 
7201 1013 2819 3974 
7202 2819 3976 3974 
7203 2819 535 3976 
7204 3974 3976 1280 
7205 1277 3975 3966 
7206 3975 3977 3966 
7207 3975 1280 3977 
7208 3966 3977 578 
7209 537 3223 3979 
7210 3223 3978 3979 
7211 3223 1101 3978 
7212 3979 3978 1281 
7213 1101 3980 3978 
7214 3980 3981 3978 
7215 3980 1279 3981 
7216 3978 3981 1281 
7217 1101 3222 3980 
7218 3222 3969 3980 
7219 3222 419 3969 
7220 3980 3969 1279 
7221 1281 3981 3982 
7222 3981 3972 3982 
7223 3981 1279 3972 
7224 3982 3972 567 
7225 478 3825 3793 
7226 3825 3983 3793 
7227 3825 1244 3983 
7228 3793 3983 1233 
7229 1244 3984 3983 
7230 3984 3985 3983 
7231 3984 1282 3985 
7232 3983 3985 1233 
7233 1244 3830 3984 
7234 3830 3986 3984 
7235 3830 569 3986 
7236 3984 3986 1282 
7237 1233 3985 3794 
7238 3985 3987 3794 
7239 3985 1282 3987 
7240 3794 3987 580 
7241 537 3979 3989 
7242 3979 3988 3989 
7243 3979 1281 3988 
7244 3989 3988 1283 
7245 1281 3990 3988 
7246 3990 3991 3988 
7247 3990 1254 3991 
7248 3988 3991 1283 
7249 1281 3982 3990 
7250 3982 3863 3990 
7251 3982 567 3863 
7252 3990 3863 1254 
7253 1283 3991 3992 
7254 3991 3868 3992 
7255 3991 1254 3868 
7256 3992 3868 568 
7257 417 2689 3994 
7258 2689 3993 3994 
7259 2689 978 3993 
7260 3994 3993 1284 
7261 978 3995 3993 
7262 3995 3996 3993 
7263 3995 1283 3996 
7264 3993 3996 1284 
7265 978 2695 3995 
7266 2695 3989 3995 
7267 2695 537 3989 
7268 3995 3989 1283 
7269 1284 3996 3997 
7270 3996 3992 3997 
7271 3996 1283 3992 
7272 3997 3992 568 
7273 491 3011 3999 
7274 3011 3998 3999 
7275 3011 1058 3998 
7276 3999 3998 1285 
7277 1058 4000 3998 
7278 4000 4001 3998 
7279 4000 1225 4001 
7280 3998 4001 1285 
7281 1058 3017 4000 
7282 3017 3769 4000 
7283 3017 493 3769 
7284 4000 3769 1225 
7285 1285 4001 4002 
7286 4001 3764 4002 
7287 4001 1225 3764 
7288 4002 3764 570 
7289 420 2847 4004 
7290 2847 4003 4004 
7291 2847 1021 4003 
7292 4004 4003 1287 
7293 1021 4005 4003 
7294 4005 4006 4003 
7295 4005 1286 4006 
7296 4003 4006 1287 
7297 1021 2850 4005 
7298 2850 4007 4005 
7299 2850 534 4007 
7300 4005 4007 1286 
7301 1287 4006 4009 
7302 4006 4008 4009 
7303 4006 1286 4008 
7304 4009 4008 571 
7305 571 4008 3891 
7306 4008 4010 3891 
7307 4008 1286 4010 
7308 3891 4010 1260 
7309 1286 4011 4010 
7310 4011 4012 4010 
7311 4011 1288 4012 
7312 4010 4012 1260 
7313 1286 4007 4011 
7314 4007 4013 4011 
7315 4007 534 4013 
7316 4011 4013 1288 
7317 1260 4012 3892 
7318 4012 4014 3892 
7319 4012 1288 4014 
7320 3892 4014 572 
7321 534 2738 4013 
7322 2738 4015 4013 
7323 2738 990 4015 
7324 4013 4015 1288 
7325 990 4016 4015 
7326 4016 4017 4015 
7327 4016 1289 4017 
7328 4015 4017 1288 
7329 990 2737 4016 
7330 2737 4018 4016 
7331 2737 421 4018 
7332 4016 4018 1289 
7333 1288 4017 4014 
7334 4017 4019 4014 
7335 4017 1289 4019 
7336 4014 4019 572 
7337 394 3255 3755 
7338 3255 4020 3755 
7339 3255 1108 4020 
7340 3755 4020 1222 
7341 1108 4021 4020 
7342 4021 4022 4020 
7343 4021 1290 4022 
7344 4020 4022 1222 
7345 1108 3258 4021 
7346 3258 4023 4021 
7347 3258 550 4023 
7348 4021 4023 1290 
7349 1222 4022 3760 
7350 4022 4024 3760 
7351 4022 1290 4024 
7352 3760 4024 569 
7353 572 4019 3897 
7354 4019 4025 3897 
7355 4019 1289 4025 
7356 3897 4025 1261 
7357 1289 4026 4025 
7358 4026 4027 4025 
7359 4026 1291 4027 
7360 4025 4027 1261 
7361 1289 4018 4026 
7362 4018 4028 4026 
7363 4018 421 4028 
7364 4026 4028 1291 
7365 1261 4027 3898 
7366 4027 4029 3898 
7367 4027 1291 4029 
7368 3898 4029 573 
7369 421 2932 4028 
7370 2932 4030 4028 
7371 2932 1044 4030 
7372 4028 4030 1291 
7373 1044 4031 4030 
7374 4031 4032 4030 
7375 4031 1241 4032 
7376 4030 4032 1291 
7377 1044 2938 4031 
7378 2938 3821 4031 
7379 2938 539 3821 
7380 4031 3821 1241 
7381 1291 4032 4029 
7382 4032 3817 4029 
7383 4032 1241 3817 
7384 4029 3817 573 
7385 519 2427 4034 
7386 2427 4033 4034 
7387 2427 907 4033 
7388 4034 4033 1293 
7389 907 4035 4033 
7390 4035 4036 4033 
7391 4035 1292 4036 
7392 4033 4036 1293 
7393 907 2426 4035 
7394 2426 4037 4035 
7395 2426 428 4037 
7396 4035 4037 1292 
7397 1293 4036 4039 
7398 4036 4038 4039 
7399 4036 1292 4038 
7400 4039 4038 582 
7401 510 2998 4041 
7402 2998 4040 4041 
7403 2998 1053 4040 
7404 4041 4040 1294 
7405 1053 4042 4040 
7406 4042 4043 4040 
7407 4042 1240 4043 
7408 4040 4043 1294 
7409 1053 2997 4042 
7410 2997 3810 4042 
7411 2997 508 3810 
7412 4042 3810 1240 
7413 1294 4043 4044 
7414 4043 3816 4044 
7415 4043 1240 3816 
7416 4044 3816 574 
7417 510 4041 4046 
7418 4041 4045 4046 
7419 4041 1294 4045 
7420 4046 4045 1295 
7421 1294 4047 4045 
7422 4047 4048 4045 
7423 4047 1271 4048 
7424 4045 4048 1295 
7425 1294 4044 4047 
7426 4044 3933 4047 
7427 4044 574 3933 
7428 4047 3933 1271 
7429 1295 4048 4049 
7430 4048 3938 4049 
7431 4048 1271 3938 
7432 4049 3938 575 
7433 502 2480 4051 
7434 2480 4050 4051 
7435 2480 921 4050 
7436 4051 4050 1297 
7437 921 4052 4050 
7438 4052 4053 4050 
7439 4052 1296 4053 
7440 4050 4053 1297 
7441 921 2479 4052 
7442 2479 4054 4052 
7443 2479 500 4054 
7444 4052 4054 1296 
7445 1297 4053 4056 
7446 4053 4055 4056 
7447 4053 1296 4055 
7448 4056 4055 576 
7449 512 2858 4058 
7450 2858 4057 4058 
7451 2858 1023 4057 
7452 4058 4057 1298 
7453 1023 4059 4057 
7454 4059 4060 4057 
7455 4059 1295 4060 
7456 4057 4060 1298 
7457 1023 2857 4059 
7458 2857 4046 4059 
7459 2857 510 4046 
7460 4059 4046 1295 
7461 1298 4060 4061 
7462 4060 4049 4061 
7463 4060 1295 4049 
7464 4061 4049 575 
7465 512 4058 4063 
7466 4058 4062 4063 
7467 4058 1298 4062 
7468 4063 4062 1299 
7469 1298 4064 4062 
7470 4064 4065 4062 
7471 4064 1275 4065 
7472 4062 4065 1299 
7473 1298 4061 4064 
7474 4061 3950 4064 
7475 4061 575 3950 
7476 4064 3950 1275 
7477 1299 4065 4066 
7478 4065 3955 4066 
7479 4065 1275 3955 
7480 4066 3955 577 
7481 514 2986 4068 
7482 2986 4067 4068 
7483 2986 1051 4067 
7484 4068 4067 1300 
7485 1051 4069 4067 
7486 4069 4070 4067 
7487 4069 1299 4070 
7488 4067 4070 1300 
7489 1051 2985 4069 
7490 2985 4063 4069 
7491 2985 512 4063 
7492 4069 4063 1299 
7493 1300 4070 4071 
7494 4070 4066 4071 
7495 4070 1299 4066 
7496 4071 4066 577 
7497 552 2553 3787 
7498 2553 4072 3787 
7499 2553 940 4072 
7500 3787 4072 1232 
7501 940 4073 4072 
7502 4073 4074 4072 
7503 4073 1301 4074 
7504 4072 4074 1232 
7505 940 2552 4073 
7506 2552 4075 4073 
7507 2552 430 4075 
7508 4073 4075 1301 
7509 1232 4074 3788 
7510 4074 4076 3788 
7511 4074 1301 4076 
7512 3788 4076 585 
7513 514 4068 4078 
7514 4068 4077 4078 
7515 4068 1300 4077 
7516 4078 4077 1302 
7517 1300 4079 4077 
7518 4079 4080 4077 
7519 4079 1278 4080 
7520 4077 4080 1302 
7521 1300 4071 4079 
7522 4071 3962 4079 
7523 4071 577 3962 
7524 4079 3962 1278 
7525 1302 4080 4081 
7526 4080 3967 4081 
7527 4080 1278 3967 
7528 4081 3967 578 
7529 472 3790 3806 
7530 3790 4082 3806 
7531 3790 1234 4082 
7532 3806 4082 1237 
7533 1234 4083 4082 
7534 4083 4084 4082 
7535 4083 1303 4084 
7536 4082 4084 1237 
7537 1234 3795 4083 
7538 3795 4085 4083 
7539 3795 580 4085 
7540 4083 4085 1303 
7541 1237 4084 3807 
7542 4084 4086 3807 
7543 4084 1303 4086 
7544 3807 4086 583 
7545 516 2899 4088 
7546 2899 4087 4088 
7547 2899 1033 4087 
7548 4088 4087 1304 
7549 1033 4089 4087 
7550 4089 4090 4087 
7551 4089 1302 4090 
7552 4087 4090 1304 
7553 1033 2898 4089 
7554 2898 4078 4089 
7555 2898 514 4078 
7556 4089 4078 1302 
7557 1304 4090 4091 
7558 4090 4081 4091 
7559 4090 1302 4081 
7560 4091 4081 578 
7561 428 2329 4093 
7562 2329 4092 4093 
7563 2329 885 4092 
7564 4093 4092 1306 
7565 885 4094 4092 
7566 4094 4095 4092 
7567 4094 1305 4095 
7568 4092 4095 1306 
7569 885 2332 4094 
7570 2332 4096 4094 
7571 2332 520 4096 
7572 4094 4096 1305 
7573 1306 4095 4098 
7574 4095 4097 4098 
7575 4095 1305 4097 
7576 4098 4097 581 
7577 417 3994 3919 
7578 3994 4099 3919 
7579 3994 1284 4099 
7580 3919 4099 1266 
7581 1284 4100 4099 
7582 4100 4101 4099 
7583 4100 1307 4101 
7584 4099 4101 1266 
7585 1284 3997 4100 
7586 3997 4102 4100 
7587 3997 568 4102 
7588 4100 4102 1307 
7589 1266 4101 3920 
7590 4101 4103 3920 
7591 4101 1307 4103 
7592 3920 4103 570 
7593 568 3880 4102 
7594 3880 4104 4102 
7595 3880 1257 4104 
7596 4102 4104 1307 
7597 1257 4105 4104 
7598 4105 4106 4104 
7599 4105 1285 4106 
7600 4104 4106 1307 
7601 1257 3879 4105 
7602 3879 3999 4105 
7603 3879 491 3999 
7604 4105 3999 1285 
7605 1307 4106 4103 
7606 4106 4002 4103 
7607 4106 1285 4002 
7608 4103 4002 570 
7609 535 2865 4108 
7610 2865 4107 4108 
7611 2865 1025 4107 
7612 4108 4107 1308 
7613 1025 4109 4107 
7614 4109 4110 4107 
7615 4109 738 4110 
7616 4107 4110 1308 
7617 1025 2864 4109 
7618 2864 1789 4109 
7619 2864 424 1789 
7620 4109 1789 738 
7621 1308 4110 4111 
7622 4110 1795 4111 
7623 4110 738 1795 
7624 4111 1795 579 
7625 430 3797 4075 
7626 3797 4112 4075 
7627 3797 1236 4112 
7628 4075 4112 1301 
7629 1236 4113 4112 
7630 4113 4114 4112 
7631 4113 1309 4114 
7632 4112 4114 1301 
7633 1236 3802 4113 
7634 3802 4115 4113 
7635 3802 584 4115 
7636 4113 4115 1309 
7637 1301 4114 4076 
7638 4114 4116 4076 
7639 4114 1309 4116 
7640 4076 4116 585 
7641 569 4024 3986 
7642 4024 4117 3986 
7643 4024 1290 4117 
7644 3986 4117 1282 
7645 1290 4118 4117 
7646 4118 4119 4117 
7647 4118 1310 4119 
7648 4117 4119 1282 
7649 1290 4023 4118 
7650 4023 4120 4118 
7651 4023 550 4120 
7652 4118 4120 1310 
7653 1282 4119 3987 
7654 4119 4121 3987 
7655 4119 1310 4121 
7656 3987 4121 580 
7657 420 4004 3907 
7658 4004 4122 3907 
7659 4004 1287 4122 
7660 3907 4122 1263 
7661 1287 4123 4122 
7662 4123 4124 4122 
7663 4123 1311 4124 
7664 4122 4124 1263 
7665 1287 4009 4123 
7666 4009 4125 4123 
7667 4009 571 4125 
7668 4123 4125 1311 
7669 1263 4124 3908 
7670 4124 4126 3908 
7671 4124 1311 4126 
7672 3908 4126 576 
7673 571 3874 4125 
7674 3874 4127 4125 
7675 3874 1255 4127 
7676 4125 4127 1311 
7677 1255 4128 4127 
7678 4128 4129 4127 
7679 4128 1297 4129 
7680 4127 4129 1311 
7681 1255 3873 4128 
7682 3873 4051 4128 
7683 3873 502 4051 
7684 4128 4051 1297 
7685 1311 4129 4126 
7686 4129 4056 4126 
7687 4129 1297 4056 
7688 4126 4056 576 
7689 550 3288 4120 
7690 3288 4130 4120 
7691 3288 1114 4130 
7692 4120 4130 1310 
7693 1114 4131 4130 
7694 4131 4132 4130 
7695 4131 1312 4132 
7696 4130 4132 1310 
7697 1114 3287 4131 
7698 3287 4133 4131 
7699 3287 410 4133 
7700 4131 4133 1312 
7701 1310 4132 4121 
7702 4132 4134 4121 
7703 4132 1312 4134 
7704 4121 4134 580 
7705 516 4088 4136 
7706 4088 4135 4136 
7707 4088 1304 4135 
7708 4136 4135 1314 
7709 1304 4137 4135 
7710 4137 4138 4135 
7711 4137 1313 4138 
7712 4135 4138 1314 
7713 1304 4091 4137 
7714 4091 4139 4137 
7715 4091 578 4139 
7716 4137 4139 1313 
7717 1314 4138 4141 
7718 4138 4140 4141 
7719 4138 1313 4140 
7720 4141 4140 579 
7721 578 3977 4139 
7722 3977 4142 4139 
7723 3977 1280 4142 
7724 4139 4142 1313 
7725 1280 4143 4142 
7726 4143 4144 4142 
7727 4143 1308 4144 
7728 4142 4144 1313 
7729 1280 3976 4143 
7730 3976 4108 4143 
7731 3976 535 4108 
7732 4143 4108 1308 
7733 1313 4144 4140 
7734 4144 4111 4140 
7735 4144 1308 4111 
7736 4140 4111 579 
7737 576 4055 4146 
7738 4055 4145 4146 
7739 4055 1296 4145 
7740 4146 4145 1316 
7741 1296 4147 4145 
7742 4147 4148 4145 
7743 4147 1315 4148 
7744 4145 4148 1316 
7745 1296 4054 4147 
7746 4054 4149 4147 
7747 4054 500 4149 
7748 4147 4149 1315 
7749 1316 4148 4151 
7750 4148 4150 4151 
7751 4148 1315 4150 
7752 4151 4150 581 
7753 428 4093 4037 
7754 4093 4152 4037 
7755 4093 1306 4152 
7756 4037 4152 1292 
7757 1306 4153 4152 
7758 4153 4154 4152 
7759 4153 1317 4154 
7760 4152 4154 1292 
7761 1306 4098 4153 
7762 4098 4155 4153 
7763 4098 581 4155 
7764 4153 4155 1317 
7765 1292 4154 4038 
7766 4154 4156 4038 
7767 4154 1317 4156 
7768 4038 4156 582 
7769 520 3904 4096 
7770 3904 4157 4096 
7771 3904 1264 4157 
7772 4096 4157 1305 
7773 1264 4158 4157 
7774 4158 4159 4157 
7775 4158 1316 4159 
7776 4157 4159 1305 
7777 1264 3909 4158 
7778 3909 4146 4158 
7779 3909 576 4146 
7780 4158 4146 1316 
7781 1305 4159 4097 
7782 4159 4151 4097 
7783 4159 1316 4151 
7784 4097 4151 581 
7785 519 4034 3800 
7786 4034 4160 3800 
7787 4034 1293 4160 
7788 3800 4160 1235 
7789 1293 4161 4160 
7790 4161 4162 4160 
7791 4161 1318 4162 
7792 4160 4162 1235 
7793 1293 4039 4161 
7794 4039 4163 4161 
7795 4039 582 4163 
7796 4161 4163 1318 
7797 1235 4162 3801 
7798 4162 4164 3801 
7799 4162 1318 4164 
7800 3801 4164 584 
7801 500 2454 4149 
7802 2454 4165 4149 
7803 2454 914 4165 
7804 4149 4165 1315 
7805 914 4166 4165 
7806 4166 4167 4165 
7807 4166 1319 4167 
7808 4165 4167 1315 
7809 914 2453 4166 
7810 2453 4168 4166 
7811 2453 498 4168 
7812 4166 4168 1319 
7813 1315 4167 4150 
7814 4167 4169 4150 
7815 4167 1319 4169 
7816 4150 4169 581 
7817 581 4169 4155 
7818 4169 4170 4155 
7819 4169 1319 4170 
7820 4155 4170 1317 
7821 1319 4171 4170 
7822 4171 4172 4170 
7823 4171 1320 4172 
7824 4170 4172 1317 
7825 1319 4168 4171 
7826 4168 4173 4171 
7827 4168 498 4173 
7828 4171 4173 1320 
7829 1317 4172 4156 
7830 4172 4174 4156 
7831 4172 1320 4174 
7832 4156 4174 582 
7833 498 2486 4173 
7834 2486 4175 4173 
7835 2486 923 4175 
7836 4173 4175 1320 
7837 923 4176 4175 
7838 4176 4177 4175 
7839 4176 1321 4177 
7840 4175 4177 1320 
7841 923 2485 4176 
7842 2485 4178 4176 
7843 2485 496 4178 
7844 4176 4178 1321 
7845 1320 4177 4174 
7846 4177 4179 4174 
7847 4177 1321 4179 
7848 4174 4179 582 
7849 580 4134 4085 
7850 4134 4180 4085 
7851 4134 1312 4180 
7852 4085 4180 1303 
7853 1312 4181 4180 
7854 4181 4182 4180 
7855 4181 1322 4182 
7856 4180 4182 1303 
7857 1312 4133 4181 
7858 4133 4183 4181 
7859 4133 410 4183 
7860 4181 4183 1322 
7861 1303 4182 4086 
7862 4182 4184 4086 
7863 4182 1322 4184 
7864 4086 4184 583 
7865 582 4179 4163 
7866 4179 4185 4163 
7867 4179 1321 4185 
7868 4163 4185 1318 
7869 1321 4186 4185 
7870 4186 4187 4185 
7871 4186 1323 4187 
7872 4185 4187 1318 
7873 1321 4178 4186 
7874 4178 4188 4186 
7875 4178 496 4188 
7876 4186 4188 1323 
7877 1318 4187 4164 
7878 4187 4189 4164 
7879 4187 1323 4189 
7880 4164 4189 584 
7881 496 2658 4188 
7882 2658 4190 4188 
7883 2658 967 4190 
7884 4188 4190 1323 
7885 967 4191 4190 
7886 4191 4192 4190 
7887 4191 1324 4192 
7888 4190 4192 1323 
7889 967 2657 4191 
7890 2657 4193 4191 
7891 2657 471 4193 
7892 4191 4193 1324 
7893 1323 4192 4189 
7894 4192 4194 4189 
7895 4192 1324 4194 
7896 4189 4194 584 
7897 410 2437 4183 
7898 2437 4195 4183 
7899 2437 911 4195 
7900 4183 4195 1322 
7901 911 4196 4195 
7902 4196 4197 4195 
7903 4196 1231 4197 
7904 4195 4197 1322 
7905 911 2441 4196 
7906 2441 3786 4196 
7907 2441 552 3786 
7908 4196 3786 1231 
7909 1322 4197 4184 
7910 4197 3782 4184 
7911 4197 1231 3782 
7912 4184 3782 583 
7913 584 4194 4115 
7914 4194 4198 4115 
7915 4194 1324 4198 
7916 4115 4198 1309 
7917 1324 4199 4198 
7918 4199 4200 4198 
7919 4199 1325 4200 
7920 4198 4200 1309 
7921 1324 4193 4199 
7922 4193 4201 4199 
7923 4193 471 4201 
7924 4199 4201 1325 
7925 1309 4200 4116 
7926 4200 4202 4116 
7927 4200 1325 4202 
7928 4116 4202 585 
7929 471 3273 4201 
7930 3273 4203 4201 
7931 3273 1111 4203 
7932 4201 4203 1325 
7933 1111 4204 4203 
7934 4204 4205 4203 
7935 4204 1230 4205 
7936 4203 4205 1325 
7937 1111 3272 4204 
7938 3272 3775 4204 
7939 3272 470 3775 
7940 4204 3775 1230 
7941 1325 4205 4202 
7942 4205 3781 4202 
7943 4205 1230 3781 
7944 4202 3781 585 
7945 518 3314 3496 
7946 3314 4206 3496 
7947 3314 1119 4206 
7948 3496 4206 1166 
7949 1119 4207 4206 
7950 4207 4208 4206 
7951 4207 1314 4208 
7952 4206 4208 1166 
7953 1119 3313 4207 
7954 3313 4136 4207 
7955 3313 516 4136 
7956 4207 4136 1314 
7957 1166 4208 3497 
7958 4208 4141 3497 
7959 4208 1314 4141 
7960 3497 4141 579 
7961 529 3916 4210 
7962 3916 4209 4210 
7963 3916 1267 4209 
7964 4210 4209 1326 
7965 1267 4211 4209 
7966 4211 4212 4209 
7967 4211 1227 4212 
7968 4209 4212 1326 
7969 1267 3921 4211 
7970 3921 3766 4211 
7971 3921 570 3766 
7972 4211 3766 1227 
7973 1326 4212 4213 
7974 4212 3772 4213 
7975 4212 1227 3772 
7976 4213 3772 586 
7977 483 3841 4215 
7978 3841 4214 4215 
7979 3841 1248 4214 
7980 4215 4214 1327 
7981 1248 4216 4214 
7982 4216 4217 4214 
7983 4216 1221 4217 
7984 4214 4217 1327 
7985 1248 3844 4216 
7986 3844 3748 4216 
7987 3844 565 3748 
7988 4216 3748 1221 
7989 1327 4217 4218 
7990 4217 3754 4218 
7991 4217 1221 3754 
7992 4218 3754 588 
7993 569 3829 3761 
7994 3829 4219 3761 
7995 3829 1243 4219 
7996 3761 4219 1223 
7997 1243 4220 4219 
7998 4220 4221 4219 
7999 4220 1328 4221 
8000 4219 4221 1223 
8001 1243 3828 4220 
8002 3828 4222 4220 
8003 3828 476 4222 
8004 4220 4222 1328 
8005 1223 4221 3762 
8006 4221 4223 3762 
8007 4221 1328 4223 
8008 3762 4223 587 
8009 416 3215 4225 
8010 3215 4224 4225 
8011 3215 1100 4224 
8012 4225 4224 1329 
8013 1100 4226 4224 
8014 4226 4227 4224 
8015 4226 1326 4227 
8016 4224 4227 1329 
8017 1100 3218 4226 
8018 3218 4210 4226 
8019 3218 529 4210 
8020 4226 4210 1326 
8021 1329 4227 4228 
8022 4227 4213 4228 
8023 4227 1326 4213 
8024 4228 4213 586 
8025 476 2462 4222 
8026 2462 4229 4222 
8027 2462 918 4229 
8028 4222 4229 1328 
8029 918 4230 4229 
8030 4230 4231 4229 
8031 4230 1176 4231 
8032 4229 4231 1328 
8033 918 2467 4230 
8034 2467 3533 4230 
8035 2467 477 3533 
8036 4230 3533 1176 
8037 1328 4231 4223 
8038 4231 3538 4223 
8039 4231 1176 3538 
8040 4223 3538 587 
8041 480 2531 3529 
8042 2531 4232 3529 
8043 2531 936 4232 
8044 3529 4232 1173 
8045 936 4233 4232 
8046 4233 4234 4232 
8047 4233 1327 4234 
8048 4232 4234 1173 
8049 936 2536 4233 
8050 2536 4215 4233 
8051 2536 483 4215 
8052 4233 4215 1327 
8053 1173 4234 3530 
8054 4234 4218 3530 
8055 4234 1327 4218 
8056 3530 4218 588 
8057 542 3348 4236 
8058 3348 4235 4236 
8059 3348 1129 4235 
8060 4236 4235 1330 
8061 1129 4237 4235 
8062 4237 4238 4235 
8063 4237 1178 4238 
8064 4235 4238 1330 
8065 1129 3351 4237 
8066 3351 3540 4237 
8067 3351 553 3540 
8068 4237 3540 1178 
8069 1330 4238 4239 
8070 4238 3545 4239 
8071 4238 1178 3545 
8072 4239 3545 589 
8073 12 11 4241 
8074 11 4240 4241 
8075 11 16 4240 
8076 4241 4240 1332 
8077 16 4242 4240 
8078 4242 4243 4240 
8079 4242 1331 4243 
8080 4240 4243 1332 
8081 16 10 4242 
8082 10 4244 4242 
8083 10 20 4244 
8084 4242 4244 1331 
8085 1332 4243 4246 
8086 4243 4245 4246 
8087 4243 1331 4245 
8088 4246 4245 609 
8089 154 198 4248 
8090 198 4247 4248 
8091 198 213 4247 
8092 4248 4247 1334 
8093 213 4249 4247 
8094 4249 4250 4247 
8095 4249 1333 4250 
8096 4247 4250 1334 
8097 213 207 4249 
8098 207 4251 4249 
8099 207 217 4251 
8100 4249 4251 1333 
8101 1334 4250 4253 
8102 4250 4252 4253 
8103 4250 1333 4252 
8104 4253 4252 610 
8105 352 282 4255 
8106 282 4254 4255 
8107 282 307 4254 
8108 4255 4254 1335 
8109 307 4256 4254 
8110 4256 4257 4254 
8111 4256 1332 4257 
8112 4254 4257 1335 
8113 307 283 4256 
8114 283 4241 4256 
8115 283 12 4241 
8116 4256 4241 1332 
8117 1335 4257 4258 
8118 4257 4246 4258 
8119 4257 1332 4246 
8120 4258 4246 609 
8121 155 86 4260 
8122 86 4259 4260 
8123 86 111 4259 
8124 4260 4259 1336 
8125 111 4261 4259 
8126 4261 4262 4259 
8127 4261 1334 4262 
8128 4259 4262 1336 
8129 111 87 4261 
8130 87 4248 4261 
8131 87 154 4248 
8132 4261 4248 1334 
8133 1336 4262 4263 
8134 4262 4253 4263 
8135 4262 1334 4253 
8136 4263 4253 610 
8137 466 1566 1695 
8138 1566 4264 1695 
8139 1566 676 4264 
8140 1695 4264 712 
8141 676 4265 4264 
8142 4265 4266 4264 
8143 4265 1218 4266 
8144 4264 4266 712 
8145 676 1572 4265 
8146 1572 3740 4265 
8147 1572 555 3740 
8148 4265 3740 1218 
8149 712 4266 1696 
8150 4266 3745 1696 
8151 4266 1218 3745 
8152 1696 3745 605 
8153 526 3357 1688 
8154 3357 4267 1688 
8155 3357 1130 4267 
8156 1688 4267 710 
8157 1130 4268 4267 
8158 4268 4269 4267 
8159 4268 1337 4269 
8160 4267 4269 710 
8161 1130 3356 4268 
8162 3356 4270 4268 
8163 3356 525 4270 
8164 4268 4270 1337 
8165 710 4269 1689 
8166 4269 4271 1689 
8167 4269 1337 4271 
8168 1689 4271 597 
8169 161 74 3555 
8170 74 4272 3555 
8171 74 117 4272 
8172 3555 4272 1180 
8173 117 4273 4272 
8174 4273 4274 4272 
8175 4273 1179 4274 
8176 4272 4274 1180 
8177 117 75 4273 
8178 75 3547 4273 
8179 75 160 3547 
8180 4273 3547 1179 
8181 1180 4274 3556 
8182 4274 3550 3556 
8183 4274 1179 3550 
8184 3556 3550 590 
8185 357 3163 3732 
8186 3163 4275 3732 
8187 3163 1090 4275 
8188 3732 4275 1215 
8189 1090 4276 4275 
8190 4276 4277 4275 
8191 4276 1185 4277 
8192 4275 4277 1215 
8193 1090 3168 4276 
8194 3168 3584 4276 
8195 3168 396 3584 
8196 4276 3584 1185 
8197 1215 4277 3733 
8198 4277 3589 3733 
8199 4277 1185 3589 
8200 3733 3589 591 
8201 445 1807 3587 
8202 1807 4278 3587 
8203 1807 742 4278 
8204 3587 4278 1184 
8205 742 4279 4278 
8206 4279 4280 4278 
8207 4279 661 4280 
8208 4278 4280 1184 
8209 742 1812 4279 
8210 1812 1524 4279 
8211 1812 448 1524 
8212 4279 1524 661 
8213 1184 4280 3588 
8214 4280 1520 3588 
8215 4280 661 1520 
8216 3588 1520 591 
8217 418 3710 3752 
8218 3710 4281 3752 
8219 3710 1211 4281 
8220 3752 4281 1220 
8221 1211 4282 4281 
8222 4282 4283 4281 
8223 4282 1208 4283 
8224 4281 4283 1220 
8225 1211 3713 4282 
8226 3713 3695 4282 
8227 3713 561 3695 
8228 4282 3695 1208 
8229 1220 4283 3753 
8230 4283 3698 3753 
8231 4283 1208 3698 
8232 3753 3698 588 
8233 562 3718 3702 
8234 3718 4284 3702 
8235 3718 1212 4284 
8236 3702 4284 1209 
8237 1212 4285 4284 
8238 4285 4286 4284 
8239 4285 1224 4286 
8240 4284 4286 1209 
8241 1212 3717 4285 
8242 3717 3757 4285 
8243 3717 394 3757 
8244 4285 3757 1224 
8245 1209 4286 3703 
8246 4286 3763 3703 
8247 4286 1224 3763 
8248 3703 3763 587 
8249 563 3723 3707 
8250 3723 4287 3707 
8251 3723 1213 4287 
8252 3707 4287 1210 
8253 1213 4288 4287 
8254 4288 4289 4287 
8255 4288 1338 4289 
8256 4287 4289 1210 
8257 1213 3722 4288 
8258 3722 4290 4288 
8259 3722 532 4290 
8260 4288 4290 1338 
8261 1210 4289 3708 
8262 4289 4291 3708 
8263 4289 1338 4291 
8264 3708 4291 589 
8265 493 3725 3770 
8266 3725 4292 3770 
8267 3725 1214 4292 
8268 3770 4292 1226 
8269 1214 4293 4292 
8270 4293 4294 4292 
8271 4293 1339 4294 
8272 4292 4294 1226 
8273 1214 3728 4293 
8274 3728 4295 4293 
8275 3728 564 4295 
8276 4293 4295 1339 
8277 1226 4294 3771 
8278 4294 4296 3771 
8279 4294 1339 4296 
8280 3771 4296 586 
8281 526 1475 4298 
8282 1475 4297 4298 
8283 1475 647 4297 
8284 4298 4297 1341 
8285 647 4299 4297 
8286 4299 4300 4297 
8287 4299 1340 4300 
8288 4297 4300 1341 
8289 647 1474 4299 
8290 1474 4301 4299 
8291 1474 442 4301 
8292 4299 4301 1340 
8293 1341 4300 4303 
8294 4300 4302 4303 
8295 4300 1340 4302 
8296 4303 4302 601 
8297 545 1461 4305 
8298 1461 4304 4305 
8299 1461 643 4304 
8300 4305 4304 1343 
8301 643 4306 4304 
8302 4306 4307 4304 
8303 4306 1342 4307 
8304 4304 4307 1343 
8305 643 1460 4306 
8306 1460 4308 4306 
8307 1460 461 4308 
8308 4306 4308 1342 
8309 1343 4307 4310 
8310 4307 4309 4310 
8311 4307 1342 4309 
8312 4310 4309 602 
8313 461 1915 4308 
8314 1915 4311 4308 
8315 1915 768 4311 
8316 4308 4311 1342 
8317 768 4312 4311 
8318 4312 4313 4311 
8319 4312 728 4313 
8320 4311 4313 1342 
8321 768 1914 4312 
8322 1914 1752 4312 
8323 1914 460 1752 
8324 4312 1752 728 
8325 1342 4313 4309 
8326 4313 1757 4309 
8327 4313 728 1757 
8328 4309 1757 602 
8329 442 1937 4301 
8330 1937 4314 4301 
8331 1937 773 4314 
8332 4301 4314 1340 
8333 773 4315 4314 
8334 4315 4316 4314 
8335 4315 726 4316 
8336 4314 4316 1340 
8337 773 1936 4315 
8338 1936 1745 4315 
8339 1936 441 1745 
8340 4315 1745 726 
8341 1340 4316 4302 
8342 4316 1750 4302 
8343 4316 726 1750 
8344 4302 1750 601 
8345 525 2666 4270 
8346 2666 4317 4270 
8347 2666 969 4317 
8348 4270 4317 1337 
8349 969 4318 4317 
8350 4318 4319 4317 
8351 4318 1344 4319 
8352 4317 4319 1337 
8353 969 2665 4318 
8354 2665 4320 4318 
8355 2665 413 4320 
8356 4318 4320 1344 
8357 1337 4319 4271 
8358 4319 4321 4271 
8359 4319 1344 4321 
8360 4271 4321 597 
8361 425 3552 3628 
8362 3552 4322 3628 
8363 3552 1181 4322 
8364 3628 4322 1193 
8365 1181 4323 4322 
8366 4323 4324 4322 
8367 4323 1345 4324 
8368 4322 4324 1193 
8369 1181 3557 4323 
8370 3557 4325 4323 
8371 3557 590 4325 
8372 4323 4325 1345 
8373 1193 4324 3629 
8374 4324 4326 3629 
8375 4324 1345 4326 
8376 3629 4326 603 
8377 544 3123 3593 
8378 3123 4327 3593 
8379 3123 1082 4327 
8380 3593 4327 1186 
8381 1082 4328 4327 
8382 4328 4329 4327 
8383 4328 1194 4329 
8384 4327 4329 1186 
8385 1082 3122 4328 
8386 3122 3631 4328 
8387 3122 407 3631 
8388 4328 3631 1194 
8389 1186 4329 3594 
8390 4329 3634 3594 
8391 4329 1194 3634 
8392 3594 3634 592 
8393 354 278 3598 
8394 278 4330 3598 
8395 278 309 4330 
8396 3598 4330 1187 
8397 309 4331 4330 
8398 4331 4332 4330 
8399 4331 1191 4332 
8400 4330 4332 1187 
8401 309 279 4331 
8402 279 3616 4331 
8403 279 353 3616 
8404 4331 3616 1191 
8405 1187 4332 3599 
8406 4332 3619 3599 
8407 4332 1191 3619 
8408 3599 3619 593 
8409 157 82 3603 
8410 82 4333 3603 
8411 82 113 4333 
8412 3603 4333 1188 
8413 113 4334 4333 
8414 4334 4335 4333 
8415 4334 1192 4335 
8416 4333 4335 1188 
8417 113 83 4334 
8418 83 3621 4334 
8419 83 156 3621 
8420 4334 3621 1192 
8421 1188 4335 3604 
8422 4335 3624 3604 
8423 4335 1192 3624 
8424 3604 3624 594 
8425 441 1931 1614 
8426 1931 4336 1614 
8427 1931 771 4336 
8428 1614 4336 688 
8429 771 4337 4336 
8430 4337 4338 4336 
8431 4337 1189 4338 
8432 4336 4338 688 
8433 771 1930 4337 
8434 1930 3606 4337 
8435 1930 438 3606 
8436 4337 3606 1189 
8437 688 4338 1615 
8438 4338 3609 1615 
8439 4338 1189 3609 
8440 1615 3609 595 
8441 460 1925 1623 
8442 1925 4339 1623 
8443 1925 770 4339 
8444 1623 4339 691 
8445 770 4340 4339 
8446 4340 4341 4339 
8447 4340 1190 4341 
8448 4339 4341 691 
8449 770 1924 4340 
8450 1924 3611 4340 
8451 1924 457 3611 
8452 4340 3611 1190 
8453 691 4341 1624 
8454 4341 3614 1624 
8455 4341 1190 3614 
8456 1624 3614 596 
8457 556 3475 4343 
8458 3475 4342 4343 
8459 3475 1159 4342 
8460 4343 4342 1346 
8461 1159 4344 4342 
8462 4344 4345 4342 
8463 4344 711 4345 
8464 4342 4345 1346 
8465 1159 3474 4344 
8466 3474 1685 4344 
8467 3474 446 1685 
8468 4344 1685 711 
8469 1346 4345 4346 
8470 4345 1690 4346 
8471 4345 711 1690 
8472 4346 1690 597 
8473 416 4225 1731 
8474 4225 4347 1731 
8475 4225 1329 4347 
8476 1731 4347 721 
8477 1329 4348 4347 
8478 4348 4349 4347 
8479 4348 1347 4349 
8480 4347 4349 721 
8481 1329 4228 4348 
8482 4228 4350 4348 
8483 4228 586 4350 
8484 4348 4350 1347 
8485 721 4349 1732 
8486 4349 4351 1732 
8487 4349 1347 4351 
8488 1732 4351 600 
8489 451 1951 4353 
8490 1951 4352 4353 
8491 1951 778 4352 
8492 4353 4352 1348 
8493 778 4354 4352 
8494 4354 4355 4352 
8495 4354 722 4355 
8496 4352 4355 1348 
8497 778 1956 4354 
8498 1956 1728 4354 
8499 1956 452 1728 
8500 4354 1728 722 
8501 1348 4355 4356 
8502 4355 1733 4356 
8503 4355 722 1733 
8504 4356 1733 600 
8505 356 274 3638 
8506 274 4357 3638 
8507 274 311 4357 
8508 3638 4357 1195 
8509 311 4358 4357 
8510 4358 4359 4357 
8511 4358 1196 4359 
8512 4357 4359 1195 
8513 311 275 4358 
8514 275 3641 4358 
8515 275 355 3641 
8516 4358 3641 1196 
8517 1195 4359 3639 
8518 4359 3644 3639 
8519 4359 1196 3644 
8520 3639 3644 598 
8521 159 78 3648 
8522 78 4360 3648 
8523 78 115 4360 
8524 3648 4360 1197 
8525 115 4361 4360 
8526 4361 4362 4360 
8527 4361 1198 4362 
8528 4360 4362 1197 
8529 115 79 4361 
8530 79 3651 4361 
8531 79 158 3651 
8532 4361 3651 1198 
8533 1197 4362 3649 
8534 4362 3654 3649 
8535 4362 1198 3654 
8536 3649 3654 599 
8537 415 3353 3658 
8538 3353 4363 3658 
8539 3353 1131 4363 
8540 3658 4363 1199 
8541 1131 4364 4363 
8542 4364 4365 4363 
8543 4364 1341 4365 
8544 4363 4365 1199 
8545 1131 3358 4364 
8546 3358 4298 4364 
8547 3358 526 4298 
8548 4364 4298 1341 
8549 1199 4365 3659 
8550 4365 4303 3659 
8551 4365 1341 4303 
8552 3659 4303 601 
8553 408 3360 3670 
8554 3360 4366 3670 
8555 3360 1133 4366 
8556 3670 4366 1202 
8557 1133 4367 4366 
8558 4367 4368 4366 
8559 4367 1343 4368 
8560 4366 4368 1202 
8561 1133 3365 4367 
8562 3365 4305 4367 
8563 3365 545 4305 
8564 4367 4305 1343 
8565 1202 4368 3671 
8566 4368 4310 3671 
8567 4368 1343 4310 
8568 3671 4310 602 
8569 464 1783 4370 
8570 1783 4369 4370 
8571 1783 735 4369 
8572 4370 4369 1349 
8573 735 4371 4369 
8574 4371 4372 4369 
8575 4371 707 4372 
8576 4369 4372 1349 
8577 735 1786 4371 
8578 1786 1670 4371 
8579 1786 466 1670 
8580 4371 1670 707 
8581 1349 4372 4373 
8582 4372 1676 4373 
8583 4372 707 1676 
8584 4373 1676 603 
8585 20 3457 4244 
8586 3457 4374 4244 
8587 3457 1156 4374 
8588 4244 4374 1331 
8589 1156 4375 4374 
8590 4375 4376 4374 
8591 4375 1350 4376 
8592 4374 4376 1331 
8593 1156 3462 4375 
8594 3462 4377 4375 
8595 3462 557 4377 
8596 4375 4377 1350 
8597 1331 4376 4245 
8598 4376 4378 4245 
8599 4376 1350 4378 
8600 4245 4378 609 
8601 217 3464 4251 
8602 3464 4379 4251 
8603 3464 1158 4379 
8604 4251 4379 1333 
8605 1158 4380 4379 
8606 4380 4381 4379 
8607 4380 1351 4381 
8608 4379 4381 1333 
8609 1158 3469 4380 
8610 3469 4382 4380 
8611 3469 558 4382 
8612 4380 4382 1351 
8613 1333 4381 4252 
8614 4381 4383 4252 
8615 4381 1351 4383 
8616 4252 4383 610 
8617 413 3432 4320 
8618 3432 4384 4320 
8619 3432 1151 4384 
8620 4320 4384 1344 
8621 1151 4385 4384 
8622 4385 4386 4384 
8623 4385 1346 4386 
8624 4384 4386 1344 
8625 1151 3437 4385 
8626 3437 4343 4385 
8627 3437 556 4343 
8628 4385 4343 1346 
8629 1344 4386 4321 
8630 4386 4346 4321 
8631 4386 1346 4346 
8632 4321 4346 597 
8633 397 2876 1452 
8634 2876 4387 1452 
8635 2876 1028 4387 
8636 1452 4387 640 
8637 1028 4388 4387 
8638 4388 4389 4387 
8639 4388 1207 4389 
8640 4387 4389 640 
8641 1028 2875 4388 
8642 2875 3690 4388 
8643 2875 359 3690 
8644 4388 3690 1207 
8645 640 4389 1453 
8646 4389 3693 1453 
8647 4389 1207 3693 
8648 1453 3693 604 
8649 197 3478 3682 
8650 3478 4390 3682 
8651 3478 1162 4390 
8652 3682 4390 1205 
8653 1162 4391 4390 
8654 4391 4392 4390 
8655 4391 1352 4392 
8656 4390 4392 1205 
8657 1162 3483 4391 
8658 3483 4393 4391 
8659 3483 559 4393 
8660 4391 4393 1352 
8661 1205 4392 3683 
8662 4392 4394 3683 
8663 4392 1352 4394 
8664 3683 4394 607 
8665 362 3485 3687 
8666 3485 4395 3687 
8667 3485 1164 4395 
8668 3687 4395 1206 
8669 1164 4396 4395 
8670 4396 4397 4395 
8671 4396 1353 4397 
8672 4395 4397 1206 
8673 1164 3490 4396 
8674 3490 4398 4396 
8675 3490 560 4398 
8676 4396 4398 1353 
8677 1206 4397 3688 
8678 4397 4399 3688 
8679 4397 1353 4399 
8680 3688 4399 608 
8681 190 60 1630 
8682 60 4400 1630 
8683 60 146 4400 
8684 1630 4400 693 
8685 146 4401 4400 
8686 4401 4402 4400 
8687 4401 1216 4402 
8688 4400 4402 693 
8689 146 61 4401 
8690 61 3735 4401 
8691 61 189 3735 
8692 4401 3735 1216 
8693 693 4402 1631 
8694 4402 3738 1631 
8695 4402 1216 3738 
8696 1631 3738 606 
8697 435 1903 4404 
8698 1903 4403 4404 
8699 1903 765 4403 
8700 4404 4403 1354 
8701 765 4405 4403 
8702 4405 4406 4403 
8703 4405 1201 4406 
8704 4403 4406 1354 
8705 765 1902 4405 
8706 1902 3661 4405 
8707 1902 17 3661 
8708 4405 3661 1201 
8709 1354 4406 4407 
8710 4406 3666 4407 
8711 4406 1201 3666 
8712 4407 3666 607 
8713 454 1920 4409 
8714 1920 4408 4409 
8715 1920 769 4408 
8716 4409 4408 1355 
8717 769 4410 4408 
8718 4410 4411 4408 
8719 4410 1204 4411 
8720 4408 4411 1355 
8721 769 1919 4410 
8722 1919 3673 4410 
8723 1919 214 3673 
8724 4410 3673 1204 
8725 1355 4411 4412 
8726 4411 3678 4412 
8727 4411 1204 3678 
8728 4412 3678 608 
8729 433 3390 4414 
8730 3390 4413 4414 
8731 3390 1139 4413 
8732 4414 4413 1356 
8733 1139 4415 4413 
8734 4415 4416 4413 
8735 4415 1335 4416 
8736 4413 4416 1356 
8737 1139 3389 4415 
8738 3389 4255 4415 
8739 3389 352 4255 
8740 4415 4255 1335 
8741 1356 4416 4417 
8742 4416 4258 4417 
8743 4416 1335 4258 
8744 4417 4258 609 
8745 434 3397 4419 
8746 3397 4418 4419 
8747 3397 1141 4418 
8748 4419 4418 1357 
8749 1141 4420 4418 
8750 4420 4421 4418 
8751 4420 1336 4421 
8752 4418 4421 1357 
8753 1141 3396 4420 
8754 3396 4260 4420 
8755 3396 155 4260 
8756 4420 4260 1336 
8757 1357 4421 4422 
8758 4421 4263 4422 
8759 4421 1336 4263 
8760 4422 4263 610 
8761 590 3429 4325 
8762 3429 4423 4325 
8763 3429 1148 4423 
8764 4325 4423 1345 
8765 1148 4424 4423 
8766 4424 4425 4423 
8767 4424 1349 4425 
8768 4423 4425 1345 
8769 1148 3428 4424 
8770 3428 4370 4424 
8771 3428 464 4370 
8772 4424 4370 1349 
8773 1345 4425 4326 
8774 4425 4373 4326 
8775 4425 1349 4373 
8776 4326 4373 603 
8777 589 4291 4427 
8778 4291 4426 4427 
8779 4291 1338 4426 
8780 4427 4426 1358 
8781 1338 4428 4426 
8782 4428 4429 4426 
8783 4428 713 4429 
8784 4426 4429 1358 
8785 1338 4290 4428 
8786 4290 1692 4428 
8787 4290 532 1692 
8788 4428 1692 713 
8789 1358 4429 4430 
8790 4429 1697 4430 
8791 4429 713 1697 
8792 4430 1697 605 
8793 557 1645 4377 
8794 1645 4431 4377 
8795 1645 697 4431 
8796 4377 4431 1350 
8797 697 4432 4431 
8798 4432 4433 4431 
8799 4432 1356 4433 
8800 4431 4433 1350 
8801 697 1644 4432 
8802 1644 4414 4432 
8803 1644 433 4414 
8804 4432 4414 1356 
8805 1350 4433 4378 
8806 4433 4417 4378 
8807 4433 1356 4417 
8808 4378 4417 609 
8809 558 1652 4382 
8810 1652 4434 4382 
8811 1652 699 4434 
8812 4382 4434 1351 
8813 699 4435 4434 
8814 4435 4436 4434 
8815 4435 1357 4436 
8816 4434 4436 1351 
8817 699 1651 4435 
8818 1651 4419 4435 
8819 1651 434 4419 
8820 4435 4419 1357 
8821 1351 4436 4383 
8822 4436 4422 4383 
8823 4436 1357 4422 
8824 4383 4422 610 
8825 564 3524 4438 
8826 3524 4437 4438 
8827 3524 1172 4437 
8828 4438 4437 1359 
8829 1172 4439 4437 
8830 4439 4440 4437 
8831 4439 1348 4440 
8832 4437 4440 1359 
8833 1172 3523 4439 
8834 3523 4353 4439 
8835 3523 451 4353 
8836 4439 4353 1348 
8837 1359 4440 4441 
8838 4440 4356 4441 
8839 4440 1348 4356 
8840 4441 4356 600 
8841 586 4296 4350 
8842 4296 4442 4350 
8843 4296 1339 4442 
8844 4350 4442 1347 
8845 1339 4443 4442 
8846 4443 4444 4442 
8847 4443 1359 4444 
8848 4442 4444 1347 
8849 1339 4295 4443 
8850 4295 4438 4443 
8851 4295 564 4438 
8852 4443 4438 1359 
8853 1347 4444 4351 
8854 4444 4441 4351 
8855 4444 1359 4441 
8856 4351 4441 600 
8857 559 1600 4393 
8858 1600 4445 4393 
8859 1600 684 4445 
8860 4393 4445 1352 
8861 684 4446 4445 
8862 4446 4447 4445 
8863 4446 1354 4447 
8864 4445 4447 1352 
8865 684 1599 4446 
8866 1599 4404 4446 
8867 1599 435 4404 
8868 4446 4404 1354 
8869 1352 4447 4394 
8870 4447 4407 4394 
8871 4447 1354 4407 
8872 4394 4407 607 
8873 560 1607 4398 
8874 1607 4448 4398 
8875 1607 686 4448 
8876 4398 4448 1353 
8877 686 4449 4448 
8878 4449 4450 4448 
8879 4449 1355 4450 
8880 4448 4450 1353 
8881 686 1606 4449 
8882 1606 4409 4449 
8883 1606 454 4409 
8884 4449 4409 1355 
8885 1353 4450 4399 
8886 4450 4412 4399 
8887 4450 1355 4412 
8888 4399 4412 608 
8889 542 4236 3743 
8890 4236 4451 3743 
8891 4236 1330 4451 
8892 3743 4451 1217 
8893 1330 4452 4451 
8894 4452 4453 4451 
8895 4452 1358 4453 
8896 4451 4453 1217 
8897 1330 4239 4452 
8898 4239 4427 4452 
8899 4239 589 4427 
8900 4452 4427 1358 
8901 1217 4453 3744 
8902 4453 4430 3744 
8903 4453 1358 4430 
8904 3744 4430 605 
$EndElements
