$MeshFormat
2.2 0 8
$EndMeshFormat
$Nodes
  4453
     1         0.0000000000         0.0396357417        -0.4375565364
     2         0.0000000000         0.0446357417        -0.4375565364
     3         0.0000000000         0.0346357417        -0.4375565364
     4         0.0000000000         0.0246357417        -0.4375565364
     5         0.0000000000         0.0146357417        -0.4375565364
     6         0.0000000000         0.0046357417        -0.4375565364
     7         0.0000000000        -0.0053642583        -0.4375565364
     8         0.0000000000        -0.0153642583        -0.4375565364
     9         0.0000000000        -0.0253642583        -0.4375565364
    10         0.0000000000        -0.0353642583        -0.4375565364
    11         0.0000000000        -0.0453642583        -0.4375565364
    12         0.0000000000        -0.0503642583        -0.4375565364
    13         0.0000000000         0.0196357417        -0.4375565364
    14         0.0000000000        -0.0003642583        -0.4375565364
    15         0.0000000000        -0.0203642583        -0.4375565364
    16         0.0000000000        -0.0403642583        -0.4375565364
    17         0.0000000000         0.0296357417        -0.4375565364
    18         0.0000000000         0.0096357417        -0.4375565364
    19         0.0000000000        -0.0103642583        -0.4375565364
    20         0.0000000000        -0.0303642583        -0.4375565364
    21         0.0000000000         0.0496357417        -0.4375565364
    22         0.0000000000         0.0496357417        -0.1044599455
    23         0.0000000000         0.0496357417        -0.2038917637
    24         0.0000000000         0.0496357417        -0.1939485819
    25         0.0000000000         0.0496357417        -0.1840054001
    26         0.0000000000         0.0496357417        -0.1740622183
    27         0.0000000000         0.0496357417        -0.1641190364
    28         0.0000000000         0.0496357417        -0.1541758546
    29         0.0000000000         0.0496357417        -0.1442326728
    30         0.0000000000         0.0496357417        -0.1342894910
    31         0.0000000000         0.0496357417        -0.1243463092
    32         0.0000000000         0.0496357417        -0.1144031274
    33         0.0000000000         0.0496357417        -0.2138349455
    34         0.0000000000         0.0496357417        -0.0945167637
    35         0.0000000000         0.0496357417        -0.0845735819
    36         0.0000000000         0.0496357417        -0.0746304001
    37         0.0000000000         0.0496357417        -0.0646872183
    38         0.0000000000         0.0496357417        -0.0547440364
    39         0.0000000000         0.0496357417        -0.0448008546
    40         0.0000000000         0.0496357417        -0.0348576728
    41         0.0000000000         0.0496357417        -0.0249144910
    42         0.0000000000         0.0496357417        -0.0149713092
    43         0.0000000000         0.0496357417        -0.0050281274
    44         0.0000000000         0.0496357417        -0.3232099455
    45         0.0000000000         0.0496357417        -0.4226417637
    46         0.0000000000         0.0496357417        -0.4126985819
    47         0.0000000000         0.0496357417        -0.4027554001
    48         0.0000000000         0.0496357417        -0.3928122183
    49         0.0000000000         0.0496357417        -0.3828690364
    50         0.0000000000         0.0496357417        -0.3729258546
    51         0.0000000000         0.0496357417        -0.3629826728
    52         0.0000000000         0.0496357417        -0.3530394910
    53         0.0000000000         0.0496357417        -0.3430963092
    54         0.0000000000         0.0496357417        -0.3331531274
    55         0.0000000000         0.0496357417         0.0049150545
    56         0.0000000000         0.0496357417        -0.3132667637
    57         0.0000000000         0.0496357417        -0.3033235819
    58         0.0000000000         0.0496357417        -0.2933804001
    59         0.0000000000         0.0496357417        -0.2834372183
    60         0.0000000000         0.0496357417        -0.2734940364
    61         0.0000000000         0.0496357417        -0.2635508546
    62         0.0000000000         0.0496357417        -0.2536076728
    63         0.0000000000         0.0496357417        -0.2436644910
    64         0.0000000000         0.0496357417        -0.2337213092
    65         0.0000000000         0.0496357417        -0.2237781274
    66         0.0000000000         0.0496357417         0.3330400545
    67         0.0000000000         0.0496357417         0.2336082363
    68         0.0000000000         0.0496357417         0.2435514181
    69         0.0000000000         0.0496357417         0.2534945999
    70         0.0000000000         0.0496357417         0.2634377817
    71         0.0000000000         0.0496357417         0.2733809636
    72         0.0000000000         0.0496357417         0.2833241454
    73         0.0000000000         0.0496357417         0.2932673272
    74         0.0000000000         0.0496357417         0.3032105090
    75         0.0000000000         0.0496357417         0.3131536908
    76         0.0000000000         0.0496357417         0.3230968726
    77         0.0000000000         0.0496357417         0.2236650545
    78         0.0000000000         0.0496357417         0.3429832363
    79         0.0000000000         0.0496357417         0.3529264181
    80         0.0000000000         0.0496357417         0.3628695999
    81         0.0000000000         0.0496357417         0.3728127817
    82         0.0000000000         0.0496357417         0.3827559636
    83         0.0000000000         0.0496357417         0.3926991454
    84         0.0000000000         0.0496357417         0.4026423272
    85         0.0000000000         0.0496357417         0.4125855090
    86         0.0000000000         0.0496357417         0.4225286908
    87         0.0000000000         0.0496357417         0.4324718726
    88         0.0000000000         0.0496357417         0.1142900545
    89         0.0000000000         0.0496357417         0.0148582363
    90         0.0000000000         0.0496357417         0.0248014181
    91         0.0000000000         0.0496357417         0.0347445999
    92         0.0000000000         0.0496357417         0.0446877817
    93         0.0000000000         0.0496357417         0.0546309636
    94         0.0000000000         0.0496357417         0.0645741454
    95         0.0000000000         0.0496357417         0.0745173272
    96         0.0000000000         0.0496357417         0.0844605090
    97         0.0000000000         0.0496357417         0.0944036908
    98         0.0000000000         0.0496357417         0.1043468726
    99         0.0000000000         0.0496357417        -0.4325849455
   100         0.0000000000         0.0496357417         0.1242332363
   101         0.0000000000         0.0496357417         0.1341764181
   102         0.0000000000         0.0496357417         0.1441195999
   103         0.0000000000         0.0496357417         0.1540627817
   104         0.0000000000         0.0496357417         0.1640059636
   105         0.0000000000         0.0496357417         0.1739491454
   106         0.0000000000         0.0496357417         0.1838923272
   107         0.0000000000         0.0496357417         0.1938355090
   108         0.0000000000         0.0496357417         0.2037786908
   109         0.0000000000         0.0496357417         0.2137218726
   110         0.0000000000         0.0496357417        -0.4276133546
   111         0.0000000000         0.0496357417         0.4275002817
   112         0.0000000000         0.0496357417         0.4076139181
   113         0.0000000000         0.0496357417         0.3877275545
   114         0.0000000000         0.0496357417         0.3678411908
   115         0.0000000000         0.0496357417         0.3479548272
   116         0.0000000000         0.0496357417         0.3280684636
   117         0.0000000000         0.0496357417         0.3081820999
   118         0.0000000000         0.0496357417         0.2882957363
   119         0.0000000000         0.0496357417         0.2684093726
   120         0.0000000000         0.0496357417         0.2485230090
   121         0.0000000000         0.0496357417         0.2286366454
   122         0.0000000000         0.0496357417         0.2087502817
   123         0.0000000000         0.0496357417         0.1888639181
   124         0.0000000000         0.0496357417         0.1689775545
   125         0.0000000000         0.0496357417         0.1490911908
   126         0.0000000000         0.0496357417         0.1292048272
   127         0.0000000000         0.0496357417         0.1093184636
   128         0.0000000000         0.0496357417         0.0894320999
   129         0.0000000000         0.0496357417         0.0695457363
   130         0.0000000000         0.0496357417         0.0496593726
   131         0.0000000000         0.0496357417         0.0297730090
   132         0.0000000000         0.0496357417         0.0098866454
   133         0.0000000000         0.0496357417        -0.0099997183
   134         0.0000000000         0.0496357417        -0.0298860819
   135         0.0000000000         0.0496357417        -0.0497724455
   136         0.0000000000         0.0496357417        -0.0696588092
   137         0.0000000000         0.0496357417        -0.0895451728
   138         0.0000000000         0.0496357417        -0.1094315364
   139         0.0000000000         0.0496357417        -0.1293179001
   140         0.0000000000         0.0496357417        -0.1492042637
   141         0.0000000000         0.0496357417        -0.1690906274
   142         0.0000000000         0.0496357417        -0.1889769910
   143         0.0000000000         0.0496357417        -0.2188065364
   144         0.0000000000         0.0496357417        -0.2287497183
   145         0.0000000000         0.0496357417        -0.2486360819
   146         0.0000000000         0.0496357417        -0.2685224455
   147         0.0000000000         0.0496357417        -0.2884088092
   148         0.0000000000         0.0496357417        -0.3082951728
   149         0.0000000000         0.0496357417        -0.3281815364
   150         0.0000000000         0.0496357417        -0.3480679001
   151         0.0000000000         0.0496357417        -0.3679542637
   152         0.0000000000         0.0496357417        -0.3878406274
   153         0.0000000000         0.0496357417        -0.4077269910
   154         0.0000000000         0.0496357417         0.4374434636
   155         0.0000000000         0.0496357417         0.4175570999
   156         0.0000000000         0.0496357417         0.3976707363
   157         0.0000000000         0.0496357417         0.3777843726
   158         0.0000000000         0.0496357417         0.3578980090
   159         0.0000000000         0.0496357417         0.3380116454
   160         0.0000000000         0.0496357417         0.3181252817
   161         0.0000000000         0.0496357417         0.2982389181
   162         0.0000000000         0.0496357417         0.2783525545
   163         0.0000000000         0.0496357417         0.2584661908
   164         0.0000000000         0.0496357417         0.2385798272
   165         0.0000000000         0.0496357417         0.2186934636
   166         0.0000000000         0.0496357417         0.1988070999
   167         0.0000000000         0.0496357417         0.1789207363
   168         0.0000000000         0.0496357417         0.1590343726
   169         0.0000000000         0.0496357417         0.1391480090
   170         0.0000000000         0.0496357417         0.1192616454
   171         0.0000000000         0.0496357417         0.0993752817
   172         0.0000000000         0.0496357417         0.0794889181
   173         0.0000000000         0.0496357417         0.0596025545
   174         0.0000000000         0.0496357417         0.0397161908
   175         0.0000000000         0.0496357417         0.0198298272
   176         0.0000000000         0.0496357417        -0.0000565364
   177         0.0000000000         0.0496357417        -0.0199429001
   178         0.0000000000         0.0496357417        -0.0398292637
   179         0.0000000000         0.0496357417        -0.0597156274
   180         0.0000000000         0.0496357417        -0.0796019910
   181         0.0000000000         0.0496357417        -0.0994883546
   182         0.0000000000         0.0496357417        -0.1193747183
   183         0.0000000000         0.0496357417        -0.1392610819
   184         0.0000000000         0.0496357417        -0.1591474455
   185         0.0000000000         0.0496357417        -0.1790338092
   186         0.0000000000         0.0496357417        -0.1989201728
   187         0.0000000000         0.0496357417        -0.2088633546
   188         0.0000000000         0.0496357417        -0.2386929001
   189         0.0000000000         0.0496357417        -0.2585792637
   190         0.0000000000         0.0496357417        -0.2784656274
   191         0.0000000000         0.0496357417        -0.2983519910
   192         0.0000000000         0.0496357417        -0.3182383546
   193         0.0000000000         0.0496357417        -0.3381247183
   194         0.0000000000         0.0496357417        -0.3580110819
   195         0.0000000000         0.0496357417        -0.3778974455
   196         0.0000000000         0.0496357417        -0.3977838092
   197         0.0000000000         0.0496357417        -0.4176701728
   198         0.0000000000         0.0446357417         0.4374434636
   199         0.0000000000        -0.0453642583         0.4374434636
   200         0.0000000000        -0.0353642583         0.4374434636
   201         0.0000000000        -0.0253642583         0.4374434636
   202         0.0000000000        -0.0153642583         0.4374434636
   203         0.0000000000        -0.0053642583         0.4374434636
   204         0.0000000000         0.0046357417         0.4374434636
   205         0.0000000000         0.0146357417         0.4374434636
   206         0.0000000000         0.0246357417         0.4374434636
   207         0.0000000000         0.0346357417         0.4374434636
   208         0.0000000000        -0.0503642583         0.4374434636
   209         0.0000000000        -0.0403642583         0.4374434636
   210         0.0000000000        -0.0203642583         0.4374434636
   211         0.0000000000        -0.0003642583         0.4374434636
   212         0.0000000000         0.0196357417         0.4374434636
   213         0.0000000000         0.0396357417         0.4374434636
   214         0.0000000000        -0.0303642583         0.4374434636
   215         0.0000000000        -0.0103642583         0.4374434636
   216         0.0000000000         0.0096357417         0.4374434636
   217         0.0000000000         0.0296357417         0.4374434636
   218         0.0000000000        -0.0503642583         0.1043468726
   219         0.0000000000        -0.0503642583         0.2037786908
   220         0.0000000000        -0.0503642583         0.1938355090
   221         0.0000000000        -0.0503642583         0.1838923272
   222         0.0000000000        -0.0503642583         0.1739491454
   223         0.0000000000        -0.0503642583         0.1640059636
   224         0.0000000000        -0.0503642583         0.1540627817
   225         0.0000000000        -0.0503642583         0.1441195999
   226         0.0000000000        -0.0503642583         0.1341764181
   227         0.0000000000        -0.0503642583         0.1242332363
   228         0.0000000000        -0.0503642583         0.1142900545
   229         0.0000000000        -0.0503642583         0.2137218726
   230         0.0000000000        -0.0503642583         0.0944036908
   231         0.0000000000        -0.0503642583         0.0844605090
   232         0.0000000000        -0.0503642583         0.0745173272
   233         0.0000000000        -0.0503642583         0.0645741454
   234         0.0000000000        -0.0503642583         0.0546309636
   235         0.0000000000        -0.0503642583         0.0446877817
   236         0.0000000000        -0.0503642583         0.0347445999
   237         0.0000000000        -0.0503642583         0.0248014181
   238         0.0000000000        -0.0503642583         0.0148582363
   239         0.0000000000        -0.0503642583         0.0049150545
   240         0.0000000000        -0.0503642583         0.3230968726
   241         0.0000000000        -0.0503642583         0.4225286908
   242         0.0000000000        -0.0503642583         0.4125855090
   243         0.0000000000        -0.0503642583         0.4026423272
   244         0.0000000000        -0.0503642583         0.3926991454
   245         0.0000000000        -0.0503642583         0.3827559636
   246         0.0000000000        -0.0503642583         0.3728127817
   247         0.0000000000        -0.0503642583         0.3628695999
   248         0.0000000000        -0.0503642583         0.3529264181
   249         0.0000000000        -0.0503642583         0.3429832363
   250         0.0000000000        -0.0503642583         0.3330400545
   251         0.0000000000        -0.0503642583        -0.0050281274
   252         0.0000000000        -0.0503642583         0.3131536908
   253         0.0000000000        -0.0503642583         0.3032105090
   254         0.0000000000        -0.0503642583         0.2932673272
   255         0.0000000000        -0.0503642583         0.2833241454
   256         0.0000000000        -0.0503642583         0.2733809636
   257         0.0000000000        -0.0503642583         0.2634377817
   258         0.0000000000        -0.0503642583         0.2534945999
   259         0.0000000000        -0.0503642583         0.2435514181
   260         0.0000000000        -0.0503642583         0.2336082363
   261         0.0000000000        -0.0503642583         0.2236650545
   262         0.0000000000        -0.0503642583        -0.3331531274
   263         0.0000000000        -0.0503642583        -0.2337213092
   264         0.0000000000        -0.0503642583        -0.2436644910
   265         0.0000000000        -0.0503642583        -0.2536076728
   266         0.0000000000        -0.0503642583        -0.2635508546
   267         0.0000000000        -0.0503642583        -0.2734940364
   268         0.0000000000        -0.0503642583        -0.2834372183
   269         0.0000000000        -0.0503642583        -0.2933804001
   270         0.0000000000        -0.0503642583        -0.3033235819
   271         0.0000000000        -0.0503642583        -0.3132667637
   272         0.0000000000        -0.0503642583        -0.3232099455
   273         0.0000000000        -0.0503642583        -0.2237781274
   274         0.0000000000        -0.0503642583        -0.3430963092
   275         0.0000000000        -0.0503642583        -0.3530394910
   276         0.0000000000        -0.0503642583        -0.3629826728
   277         0.0000000000        -0.0503642583        -0.3729258546
   278         0.0000000000        -0.0503642583        -0.3828690364
   279         0.0000000000        -0.0503642583        -0.3928122183
   280         0.0000000000        -0.0503642583        -0.4027554001
   281         0.0000000000        -0.0503642583        -0.4126985819
   282         0.0000000000        -0.0503642583        -0.4226417637
   283         0.0000000000        -0.0503642583        -0.4325849455
   284         0.0000000000        -0.0503642583        -0.1144031274
   285         0.0000000000        -0.0503642583        -0.0149713092
   286         0.0000000000        -0.0503642583        -0.0249144910
   287         0.0000000000        -0.0503642583        -0.0348576728
   288         0.0000000000        -0.0503642583        -0.0448008546
   289         0.0000000000        -0.0503642583        -0.0547440364
   290         0.0000000000        -0.0503642583        -0.0646872183
   291         0.0000000000        -0.0503642583        -0.0746304001
   292         0.0000000000        -0.0503642583        -0.0845735819
   293         0.0000000000        -0.0503642583        -0.0945167637
   294         0.0000000000        -0.0503642583        -0.1044599455
   295         0.0000000000        -0.0503642583         0.4324718726
   296         0.0000000000        -0.0503642583        -0.1243463092
   297         0.0000000000        -0.0503642583        -0.1342894910
   298         0.0000000000        -0.0503642583        -0.1442326728
   299         0.0000000000        -0.0503642583        -0.1541758546
   300         0.0000000000        -0.0503642583        -0.1641190364
   301         0.0000000000        -0.0503642583        -0.1740622183
   302         0.0000000000        -0.0503642583        -0.1840054001
   303         0.0000000000        -0.0503642583        -0.1939485819
   304         0.0000000000        -0.0503642583        -0.2038917637
   305         0.0000000000        -0.0503642583        -0.2138349455
   306         0.0000000000        -0.0503642583         0.4275002817
   307         0.0000000000        -0.0503642583        -0.4276133546
   308         0.0000000000        -0.0503642583        -0.4077269910
   309         0.0000000000        -0.0503642583        -0.3878406274
   310         0.0000000000        -0.0503642583        -0.3679542637
   311         0.0000000000        -0.0503642583        -0.3480679001
   312         0.0000000000        -0.0503642583        -0.3281815364
   313         0.0000000000        -0.0503642583        -0.3082951728
   314         0.0000000000        -0.0503642583        -0.2884088092
   315         0.0000000000        -0.0503642583        -0.2685224455
   316         0.0000000000        -0.0503642583        -0.2486360819
   317         0.0000000000        -0.0503642583        -0.2287497183
   318         0.0000000000        -0.0503642583        -0.2088633546
   319         0.0000000000        -0.0503642583        -0.1889769910
   320         0.0000000000        -0.0503642583        -0.1690906274
   321         0.0000000000        -0.0503642583        -0.1492042637
   322         0.0000000000        -0.0503642583        -0.1293179001
   323         0.0000000000        -0.0503642583        -0.1094315364
   324         0.0000000000        -0.0503642583        -0.0895451728
   325         0.0000000000        -0.0503642583        -0.0696588092
   326         0.0000000000        -0.0503642583        -0.0497724455
   327         0.0000000000        -0.0503642583        -0.0298860819
   328         0.0000000000        -0.0503642583        -0.0099997183
   329         0.0000000000        -0.0503642583         0.0098866454
   330         0.0000000000        -0.0503642583         0.0297730090
   331         0.0000000000        -0.0503642583         0.0496593726
   332         0.0000000000        -0.0503642583         0.0695457363
   333         0.0000000000        -0.0503642583         0.0894320999
   334         0.0000000000        -0.0503642583         0.1093184636
   335         0.0000000000        -0.0503642583         0.1292048272
   336         0.0000000000        -0.0503642583         0.1490911908
   337         0.0000000000        -0.0503642583         0.1689775545
   338         0.0000000000        -0.0503642583         0.1888639181
   339         0.0000000000        -0.0503642583         0.1988070999
   340         0.0000000000        -0.0503642583         0.2286366454
   341         0.0000000000        -0.0503642583         0.2485230090
   342         0.0000000000        -0.0503642583         0.2684093726
   343         0.0000000000        -0.0503642583         0.2882957363
   344         0.0000000000        -0.0503642583         0.3081820999
   345         0.0000000000        -0.0503642583         0.3280684636
   346         0.0000000000        -0.0503642583         0.3479548272
   347         0.0000000000        -0.0503642583         0.3678411908
   348         0.0000000000        -0.0503642583         0.3877275545
   349         0.0000000000        -0.0503642583         0.4076139181
   350         0.0000000000        -0.0503642583        -0.2386929001
   351         0.0000000000        -0.0503642583        -0.2188065364
   352         0.0000000000        -0.0503642583        -0.4176701728
   353         0.0000000000        -0.0503642583        -0.3977838092
   354         0.0000000000        -0.0503642583        -0.3778974455
   355         0.0000000000        -0.0503642583        -0.3580110819
   356         0.0000000000        -0.0503642583        -0.3381247183
   357         0.0000000000        -0.0503642583        -0.3182383546
   358         0.0000000000        -0.0503642583        -0.2983519910
   359         0.0000000000        -0.0503642583        -0.2784656274
   360         0.0000000000        -0.0503642583        -0.2585792637
   361         0.0000000000        -0.0503642583         0.3976707363
   362         0.0000000000        -0.0503642583         0.4175570999
   363         0.0000000000        -0.0503642583        -0.1989201728
   364         0.0000000000        -0.0503642583        -0.1790338092
   365         0.0000000000        -0.0503642583        -0.1591474455
   366         0.0000000000        -0.0503642583        -0.1392610819
   367         0.0000000000        -0.0503642583        -0.1193747183
   368         0.0000000000        -0.0503642583        -0.0994883546
   369         0.0000000000        -0.0503642583        -0.0796019910
   370         0.0000000000        -0.0503642583        -0.0597156274
   371         0.0000000000        -0.0503642583        -0.0398292637
   372         0.0000000000        -0.0503642583        -0.0199429001
   373         0.0000000000        -0.0503642583        -0.0000565364
   374         0.0000000000        -0.0503642583         0.0198298272
   375         0.0000000000        -0.0503642583         0.0397161908
   376         0.0000000000        -0.0503642583         0.0596025545
   377         0.0000000000        -0.0503642583         0.0794889181
   378         0.0000000000        -0.0503642583         0.0993752817
   379         0.0000000000        -0.0503642583         0.1192616454
   380         0.0000000000        -0.0503642583         0.1391480090
   381         0.0000000000        -0.0503642583         0.1590343726
   382         0.0000000000        -0.0503642583         0.1789207363
   383         0.0000000000        -0.0503642583         0.2087502817
   384         0.0000000000        -0.0503642583         0.2186934636
   385         0.0000000000        -0.0503642583         0.2385798272
   386         0.0000000000        -0.0503642583         0.2584661908
   387         0.0000000000        -0.0503642583         0.2783525545
   388         0.0000000000        -0.0503642583         0.2982389181
   389         0.0000000000        -0.0503642583         0.3181252817
   390         0.0000000000        -0.0503642583         0.3380116454
   391         0.0000000000        -0.0503642583         0.3578980090
   392         0.0000000000        -0.0503642583         0.3777843726
   393         0.0000000000        -0.0331421622         0.0695457363
   394         0.0000000000         0.0324136456        -0.0696588092
   395         0.0000000000        -0.0328756873        -0.3680192339
   396         0.0000000000        -0.0317971984        -0.3304519821
   397         0.0000000000        -0.0326869759        -0.2681957996
   398         0.0000000000        -0.0331421622        -0.2287497183
   399         0.0000000000        -0.0331421622        -0.1889769910
   400         0.0000000000        -0.0331421622        -0.1094315364
   401         0.0000000000        -0.0331421622        -0.1492042637
   402         0.0000000000        -0.0331421622         0.1093184636
   403         0.0000000000        -0.0331421622         0.1490911908
   404         0.0000000000        -0.0331421622         0.1888639181
   405         0.0000000000        -0.0331421622         0.2286366454
   406         0.0000000000        -0.0331421622         0.2684093726
   407         0.0000000000        -0.0337730167         0.3081820999
   408         0.0000000000        -0.0335088558         0.3473196952
   409         0.0000000000        -0.0331421622         0.0297730090
   410         0.0000000000         0.0324136456        -0.0298860819
   411         0.0000000000        -0.0005364516         0.4202300168
   412         0.0000000000         0.0321500518         0.3679043733
   413         0.0000000000         0.0321516795        -0.3091104916
   414         0.0000000000         0.0317527604        -0.3895240364
   415         0.0000000000         0.0327796991        -0.3474338769
   416         0.0000000000         0.0318472406        -0.2511073944
   417         0.0000000000         0.0324136456        -0.2088633546
   418         0.0000000000         0.0324136456        -0.1293179001
   419         0.0000000000         0.0324136456        -0.1690906274
   420         0.0000000000         0.0324136456         0.0894320999
   421         0.0000000000         0.0324136456         0.1292048272
   422         0.0000000000         0.0324136456         0.1689775545
   423         0.0000000000         0.0324136456         0.2087502817
   424         0.0000000000         0.0328231588         0.2487512906
   425         0.0000000000         0.0334887961         0.2883133734
   426         0.0000000000         0.0311012167         0.3301563045
   427         0.0000000000        -0.0331421622        -0.0099997183
   428         0.0000000000         0.0324136456         0.0496593726
   429         0.0000000000        -0.0331421622        -0.0497724455
   430         0.0000000000         0.0324136456         0.0098866454
   431         0.0000000000        -0.0001911441        -0.4203447597
   432         0.0000000000        -0.0324812823         0.3894072341
   433         0.0000000000        -0.0322570943        -0.4058560059
   434         0.0000000000         0.0315310769         0.4057415273
   435         0.0000000000         0.0195294090        -0.4208093208
   436         0.0000000000         0.0128056225        -0.4014105050
   437         0.0000000000        -0.0103148443        -0.4029440807
   438         0.0000000000        -0.0003325235        -0.3856948495
   439         0.0000000000        -0.0204204843        -0.3862426803
   440         0.0000000000        -0.0102796561        -0.3684487416
   441         0.0000000000         0.0096233559        -0.3684608571
   442         0.0000000000        -0.0002368427        -0.3515180134
   443         0.0000000000        -0.0205375757        -0.3500641234
   444         0.0000000000        -0.0106277869        -0.3338788692
   445         0.0000000000        -0.0172544911        -0.3145008016
   446         0.0000000000         0.0020627810        -0.3182753763
   447         0.0000000000        -0.0044702683        -0.2993284147
   448         0.0000000000        -0.0205515611        -0.2976567061
   449         0.0000000000        -0.0140043462        -0.2797568236
   450         0.0000000000         0.0085031731        -0.2844217490
   451         0.0000000000         0.0024408537        -0.2656586910
   452         0.0000000000         0.0209663411        -0.2690687288
   453         0.0000000000         0.0303879702        -0.2872315563
   454         0.0000000000        -0.0202586649         0.4206952527
   455         0.0000000000        -0.0135324861         0.4012916701
   456         0.0000000000         0.0095933184         0.4028269635
   457         0.0000000000        -0.0003915595         0.3855691264
   458         0.0000000000         0.0196992691         0.3861225882
   459         0.0000000000         0.0095617471         0.3683199506
   460         0.0000000000        -0.0103459259         0.3683288795
   461         0.0000000000        -0.0004812362         0.3513876651
   462         0.0000000000         0.0198239737         0.3499122814
   463         0.0000000000         0.0099220185         0.3337505678
   464         0.0000000000         0.0160034918         0.3146462682
   465         0.0000000000        -0.0027719576         0.3181518693
   466         0.0000000000         0.0037135751         0.2992920267
   467         0.0000000000        -0.0331421622        -0.0298860819
   468         0.0000000000        -0.0159200661        -0.0199429001
   469         0.0000000000        -0.0159200661        -0.0000565364
   470         0.0000000000         0.0013020300        -0.0099997183
   471         0.0000000000         0.0013020300         0.0098866454
   472         0.0000000000         0.0013020300        -0.0298860819
   473         0.0000000000        -0.0331421622        -0.0696588092
   474         0.0000000000        -0.0159200661        -0.0597156274
   475         0.0000000000        -0.0159200661        -0.0796019910
   476         0.0000000000         0.0013020300        -0.0696588092
   477         0.0000000000         0.0010239653        -0.0895451728
   478         0.0000000000         0.0013020300        -0.0497724455
   479         0.0000000000        -0.0159664102        -0.0994883546
   480         0.0000000000         0.0009698972        -0.1094315364
   481         0.0000000000         0.0170190352        -0.0994883546
   482         0.0000000000        -0.0159831456        -0.1193747183
   483         0.0000000000         0.0011402099        -0.1293179001
   484         0.0000000000        -0.0159575494        -0.1392610819
   485         0.0000000000         0.0011488005        -0.1492042637
   486         0.0000000000        -0.0159518516        -0.1591474455
   487         0.0000000000         0.0011494203        -0.1690906274
   488         0.0000000000        -0.0159507986        -0.1790338092
   489         0.0000000000         0.0011494929        -0.1889769910
   490         0.0000000000        -0.0159506110        -0.1989201728
   491         0.0000000000         0.0011495042        -0.2088633546
   492         0.0000000000        -0.0159505779        -0.2188065364
   493         0.0000000000         0.0009349959        -0.2286315589
   494         0.0000000000        -0.0161392980        -0.2384416144
   495         0.0000000000        -0.0159200661         0.0198298272
   496         0.0000000000         0.0013020300         0.0297730090
   497         0.0000000000        -0.0159200661         0.0397161908
   498         0.0000000000         0.0013020300         0.0496593726
   499         0.0000000000        -0.0159200661         0.0596025545
   500         0.0000000000         0.0013020300         0.0695457363
   501         0.0000000000        -0.0159200661         0.0794889181
   502         0.0000000000         0.0013020300         0.0894320999
   503         0.0000000000        -0.0159200661         0.0993752817
   504         0.0000000000         0.0013020300         0.1093184636
   505         0.0000000000        -0.0159200661         0.1192616454
   506         0.0000000000         0.0013020300         0.1292048272
   507         0.0000000000        -0.0159200661         0.1391480090
   508         0.0000000000         0.0013020300         0.1490911908
   509         0.0000000000        -0.0159200661         0.1590343726
   510         0.0000000000         0.0013020300         0.1689775545
   511         0.0000000000        -0.0159200661         0.1789207363
   512         0.0000000000         0.0013020300         0.1888639181
   513         0.0000000000        -0.0159200661         0.1988070999
   514         0.0000000000         0.0013020300         0.2087502817
   515         0.0000000000        -0.0159200661         0.2186934636
   516         0.0000000000         0.0013020300         0.2286366454
   517         0.0000000000        -0.0159200661         0.2385798272
   518         0.0000000000         0.0006024512         0.2486860673
   519         0.0000000000         0.0324136456         0.0297730090
   520         0.0000000000         0.0324136456         0.0695457363
   521         0.0000000000        -0.0331498862        -0.0895451728
   522         0.0000000000        -0.0331421622         0.0098866454
   523         0.0000000000        -0.0159200661        -0.0398292637
   524         0.0000000000        -0.0303070912         0.3683528413
   525         0.0000000000         0.0330168024        -0.3282937203
   526         0.0000000000         0.0138393127        -0.3366414461
   527         0.0000000000         0.0324136456        -0.1492042637
   528         0.0000000000        -0.0331541339        -0.1293179001
   529         0.0000000000         0.0327431366        -0.2290439221
   530         0.0000000000         0.0324136456         0.1888639181
   531         0.0000000000         0.0327928880         0.2686786407
   532         0.0000000000         0.0148873783         0.2810150391
   533         0.0000000000        -0.0331421622         0.0496593726
   534         0.0000000000         0.0324136456         0.1093184636
   535         0.0000000000         0.0326409348         0.2286505109
   536         0.0000000000        -0.0331421622        -0.2486360819
   537         0.0000000000         0.0324136456        -0.1889769910
   538         0.0000000000        -0.0331421622         0.1689775545
   539         0.0000000000         0.0324136456         0.1490911908
   540         0.0000000000        -0.0331421622         0.2485230090
   541         0.0000000000        -0.0332673796         0.2882957363
   542         0.0000000000        -0.0166572209         0.2776751382
   543         0.0000000000        -0.0331421622         0.0894320999
   544         0.0000000000        -0.0339191998         0.3279626082
   545         0.0000000000        -0.0145959579         0.3364507665
   546         0.0000000000        -0.0331421622         0.2087502817
   547         0.0000000000        -0.0331421622        -0.1690906274
   548         0.0000000000        -0.0331421622         0.1292048272
   549         0.0000000000        -0.0331421622        -0.2088633546
   550         0.0000000000         0.0324136456        -0.0497724455
   551         0.0000000000         0.0295788430        -0.3684726091
   552         0.0000000000         0.0324136456        -0.0099997183
   553         0.0000000000        -0.0164375864         0.2583804645
   554         0.0000000000        -0.0156568718        -0.2581578299
   555         0.0000000000        -0.0147925123         0.2991361987
   556         0.0000000000         0.0142786715        -0.3026798607
   557         0.0000000000        -0.0198811314        -0.4212126827
   558         0.0000000000         0.0191543500         0.4210984231
   559         0.0000000000         0.0330273126        -0.4079042060
   560         0.0000000000        -0.0337559368         0.4077897510
   561         0.0000000000         0.0332044363        -0.1108012261
   562         0.0000000000         0.0332044363        -0.0881754832
   563         0.0000000000         0.0159823402         0.2598358804
   564         0.0000000000         0.0004997704        -0.2472465275
   565         0.0000000000         0.0168578378        -0.1392610819
   566         0.0000000000         0.0168578378        -0.1591474455
   567         0.0000000000         0.0168578378        -0.1790338092
   568         0.0000000000         0.0168578378        -0.1989201728
   569         0.0000000000         0.0168574879        -0.0597156274
   570         0.0000000000         0.0168264185        -0.2188358772
   571         0.0000000000         0.0168578378         0.0993752817
   572         0.0000000000         0.0168578378         0.1192616454
   573         0.0000000000         0.0168578378         0.1391480090
   574         0.0000000000         0.0168578378         0.1590343726
   575         0.0000000000         0.0168578378         0.1789207363
   576         0.0000000000         0.0168578378         0.0794889181
   577         0.0000000000         0.0168578378         0.1988070999
   578         0.0000000000         0.0168578378         0.2186934636
   579         0.0000000000         0.0167014588         0.2388756430
   580         0.0000000000         0.0168577795        -0.0398292637
   581         0.0000000000         0.0168578378         0.0596025545
   582         0.0000000000         0.0168578378         0.0397161908
   583         0.0000000000         0.0168578281        -0.0199429001
   584         0.0000000000         0.0168578378         0.0198298272
   585         0.0000000000         0.0168578362        -0.0000565364
   586         0.0000000000         0.0168593906        -0.2386929001
   587         0.0000000000         0.0168557381        -0.0796019910
   588         0.0000000000         0.0168557381        -0.1193747183
   589         0.0000000000        -0.0004715801         0.2683039713
   590         0.0000000000         0.0335558898         0.3080311818
   591         0.0000000000        -0.0348175216        -0.3095397533
   592         0.0000000000        -0.0199705289         0.3179767085
   593         0.0000000000        -0.0372563565        -0.3871598350
   594         0.0000000000         0.0365303763         0.3870447195
   595         0.0000000000         0.0162367320        -0.3837740232
   596         0.0000000000        -0.0169648301         0.3836444815
   597         0.0000000000         0.0190698494        -0.3190001790
   598         0.0000000000        -0.0374082828        -0.3480679001
   599         0.0000000000         0.0366900445         0.3479548272
   600         0.0000000000         0.0145227193        -0.2543548484
   601         0.0000000000         0.0173173277        -0.3542846232
   602         0.0000000000        -0.0180493161         0.3541602993
   603         0.0000000000         0.0203298262         0.2982595779
   604         0.0000000000        -0.0346214299        -0.2865550699
   605         0.0000000000        -0.0012068431         0.2842312386
   606         0.0000000000         0.0367945601        -0.2687853517
   607         0.0000000000         0.0349686272        -0.4229195709
   608         0.0000000000        -0.0356978802         0.4228072386
   609         0.0000000000        -0.0357951894        -0.4230181767
   610         0.0000000000         0.0350666728         0.4229051039
   611         0.0000000000         0.0222791915        -0.3954672707
   612         0.0000000000         0.0229164676        -0.4046573555
   613         0.0000000000         0.0323900365        -0.3987141212
   614         0.0000000000        -0.0230068842         0.3953494521
   615         0.0000000000        -0.0236442115         0.4045407106
   616         0.0000000000        -0.0331186096         0.3985984926
   617         0.0000000000         0.0035750304         0.3259512185
   618         0.0000000000        -0.0023369697         0.3351006671
   619         0.0000000000        -0.0086839577         0.3273013179
   620         0.0000000000        -0.0042825029        -0.3260771227
   621         0.0000000000         0.0016057629        -0.3352601576
   622         0.0000000000         0.0079510469        -0.3274584112
   623         0.0000000000         0.0239947462        -0.3866490298
   624         0.0000000000         0.0145211773        -0.3925922641
   625         0.0000000000        -0.0247230562         0.3865258578
   626         0.0000000000        -0.0152486581         0.3924680758
   627         0.0000000000        -0.0261673870        -0.3402580527
   628         0.0000000000        -0.0155826813        -0.3419714963
   629         0.0000000000        -0.0212124926        -0.3321654256
   630         0.0000000000         0.0254625952         0.3400342929
   631         0.0000000000         0.0148729961         0.3418314246
   632         0.0000000000         0.0205116176         0.3319534361
   633         0.0000000000        -0.0212859693        -0.4044000433
   634         0.0000000000        -0.0153676643        -0.3945933805
   635         0.0000000000        -0.0263387893        -0.3960493431
   636         0.0000000000         0.0205621977         0.4042842454
   637         0.0000000000         0.0146462938         0.3944747758
   638         0.0000000000         0.0256151730         0.3959320578
   639         0.0000000000        -0.0233456610        -0.2739763116
   640         0.0000000000        -0.0336542029        -0.2773754348
   641         0.0000000000        -0.0243128880        -0.2831559468
   642         0.0000000000         0.0047203911         0.3425691164
   643         0.0000000000        -0.0075385970         0.3439192158
   644         0.0000000000        -0.0148306090        -0.2689573268
   645         0.0000000000        -0.0241719238        -0.2631768148
   646         0.0000000000        -0.0054323148        -0.3426984413
   647         0.0000000000         0.0068012350        -0.3440797297
   648         0.0000000000         0.0400118559        -0.2828485918
   649         0.0000000000         0.0400118559        -0.2927917736
   650         0.0000000000        -0.0346027406        -0.3392599411
   651         0.0000000000        -0.0289729293        -0.3490660117
   652         0.0000000000         0.0338956306         0.3390555658
   653         0.0000000000         0.0282570091         0.3489335543
   654         0.0000000000        -0.0425908900        -0.3039458722
   655         0.0000000000        -0.0347194758        -0.2980474116
   656         0.0000000000        -0.0424928441        -0.2924535305
   657         0.0000000000        -0.0288384204        -0.3867012577
   658         0.0000000000        -0.0347567254        -0.3965079205
   659         0.0000000000         0.0281148227         0.3865836538
   660         0.0000000000         0.0340307266         0.3963931234
   661         0.0000000000        -0.0276845414        -0.3035982297
   662         0.0000000000        -0.0275864955        -0.2921058880
   663         0.0000000000        -0.0172779537        -0.2887067649
   664         0.0000000000        -0.0139411390        -0.3241898354
   665         0.0000000000        -0.0245258447        -0.3224763918
   666         0.0000000000         0.0129627551         0.3241984180
   667         0.0000000000         0.0235523542         0.3224012863
   668         0.0000000000        -0.0266480858        -0.3771309571
   669         0.0000000000        -0.0153500702        -0.3773457110
   670         0.0000000000        -0.0215776717        -0.3682339878
   671         0.0000000000         0.0259246605         0.3770134807
   672         0.0000000000         0.0146305081         0.3772212694
   673         0.0000000000         0.0208558995         0.3681121619
   674         0.0000000000         0.0004708087         0.3087219480
   675         0.0000000000        -0.0087822350         0.3086440340
   676         0.0000000000        -0.0055394686         0.2992141127
   677         0.0000000000        -0.0154086159        -0.3592564325
   678         0.0000000000        -0.0267066315        -0.3590416786
   679         0.0000000000         0.0146928604         0.3591161160
   680         0.0000000000         0.0259870128         0.3589083273
   681         0.0000000000         0.0408937106        -0.3037312413
   682         0.0000000000         0.0312698248        -0.2981710239
   683         0.0000000000         0.0161675158        -0.4111099129
   684         0.0000000000         0.0262783608        -0.4143567634
   685         0.0000000000        -0.0168955755         0.4109934614
   686         0.0000000000        -0.0270073009         0.4142425019
   687         0.0000000000         0.0196010995        -0.3684667331
   688         0.0000000000         0.0129300439        -0.3761174401
   689         0.0000000000         0.0229077875        -0.3761233162
   690         0.0000000000        -0.0203265085         0.3683408604
   691         0.0000000000        -0.0136553780         0.3759866805
   692         0.0000000000        -0.0236359607         0.3759986614
   693         0.0000000000         0.0432151509        -0.2736254895
   694         0.0000000000         0.0335912651        -0.2780084540
   695         0.0000000000        -0.0113712432         0.3180642889
   696         0.0000000000        -0.0173815206         0.3085564536
   697         0.0000000000        -0.0260691129        -0.4135343443
   698         0.0000000000        -0.0150979878        -0.4120783817
   699         0.0000000000         0.0253427135         0.4134199752
   700         0.0000000000         0.0143738342         0.4119626933
   701         0.0000000000        -0.0172832434         0.3272137375
   702         0.0000000000         0.0414200890        -0.1051447903
   703         0.0000000000         0.0414200890        -0.0938319189
   704         0.0000000000         0.0332044363        -0.0994883546
   705         0.0000000000         0.0093004767         0.2901535329
   706         0.0000000000         0.0176086022         0.2896373085
   707         0.0000000000         0.0120217006         0.2987758023
   708         0.0000000000        -0.0057817462        -0.2727077573
   709         0.0000000000        -0.0066080090        -0.2619082605
   710         0.0000000000         0.0164545811        -0.3278208125
   711         0.0000000000         0.0105663152        -0.3186377777
   712         0.0000000000         0.0012533660         0.2917616326
   713         0.0000000000         0.0068402676         0.2826231388
   714         0.0000000000         0.0264067909        -0.2600880616
   715         0.0000000000         0.0288804506        -0.2689270403
   716         0.0000000000         0.0343209003        -0.2599463731
   717         0.0000000000         0.0045402554         0.3598538078
   718         0.0000000000         0.0096713688         0.3506499732
   719         0.0000000000        -0.0052582494        -0.3599833775
   720         0.0000000000        -0.0103872092        -0.3507910684
   721         0.0000000000         0.0231849799        -0.2527311214
   722         0.0000000000         0.0177445302        -0.2617117886
   723         0.0000000000        -0.0075958551        -0.3163880890
   724         0.0000000000         0.0066157671         0.3163990688
   725         0.0000000000         0.0234480854        -0.3613786161
   726         0.0000000000         0.0134703418        -0.3613727401
   727         0.0000000000        -0.0241782037         0.3612565703
   728         0.0000000000        -0.0141976210         0.3612445894
   729         0.0000000000         0.0251117358        -0.1051447903
   730         0.0000000000         0.0251117358        -0.0938319189
   731         0.0000000000         0.0306658017        -0.3789983227
   732         0.0000000000        -0.0313941868         0.3788800377
   733         0.0000000000        -0.0012037437        -0.3088018955
   734         0.0000000000        -0.0108623797        -0.3069146081
   735         0.0000000000         0.0098585334         0.3069691475
   736         0.0000000000         0.0244027495         0.2542935855
   737         0.0000000000         0.0163418995         0.2493557617
   738         0.0000000000         0.0247623088         0.2438134668
   739         0.0000000000        -0.0350660219        -0.3775895344
   740         0.0000000000         0.0343402140         0.3774745464
   741         0.0000000000        -0.0125109147        -0.2984925604
   742         0.0000000000        -0.0189030261        -0.3060787539
   743         0.0000000000         0.0096691325        -0.4205770403
   744         0.0000000000         0.0063072392        -0.4108776324
   745         0.0000000000         0.0012453891        -0.4021772928
   746         0.0000000000        -0.0052529942        -0.4116444202
   747         0.0000000000        -0.0103975583         0.4204626348
   748         0.0000000000        -0.0070344689         0.4107608434
   749         0.0000000000        -0.0019695839         0.4020593168
   750         0.0000000000         0.0045284334         0.4115284902
   751         0.0000000000         0.0062365495        -0.3935526773
   752         0.0000000000        -0.0053236839        -0.3943194651
   753         0.0000000000        -0.0069620228         0.3934303982
   754         0.0000000000         0.0046008795         0.3941980450
   755         0.0000000000         0.0047222988        -0.4289506481
   756         0.0000000000         0.0145825754        -0.4291829286
   757         0.0000000000         0.0096538548         0.3858458573
   758         0.0000000000        -0.0054503549         0.4288367402
   759         0.0000000000        -0.0153114616         0.4290693581
   760         0.0000000000         0.0045850938         0.3769445385
   761         0.0000000000        -0.0052777012        -0.4289506481
   762         0.0000000000        -0.0103765039        -0.3859687649
   763         0.0000000000         0.0045496451         0.4288367402
   764         0.0000000000        -0.0053060898        -0.3770717956
   765         0.0000000000         0.0245825754        -0.4291829286
   766         0.0000000000        -0.0092373072        -0.2895426191
   767         0.0000000000        -0.0003920894         0.3683244150
   768         0.0000000000        -0.0054135810         0.3598582723
   769         0.0000000000        -0.0253114616         0.4290693581
   770         0.0000000000        -0.0053687427         0.3769490029
   771         0.0000000000         0.0046454162        -0.3770778533
   772         0.0000000000        -0.0003281501        -0.3684547993
   773         0.0000000000         0.0046932566        -0.3599894352
   774         0.0000000000         0.0020164524        -0.2918750818
   775         0.0000000000        -0.0027505865        -0.2820892863
   776         0.0000000000         0.0054720134        -0.2750402200
   777         0.0000000000         0.0147347571        -0.2767452389
   778         0.0000000000         0.0117035974        -0.2673637099
   779         0.0000000000         0.0194455716        -0.2858266526
   780         0.0000000000         0.0256771557        -0.2781501426
   781         0.0000000000        -0.0245311141         0.2336082363
   782         0.0000000000        -0.0245311141         0.2435514181
   783         0.0000000000        -0.0331421622         0.2385798272
   784         0.0000000000        -0.0245311141         0.2236650545
   785         0.0000000000        -0.0159200661         0.2286366454
   786         0.0000000000        -0.0331421622         0.2186934636
   787         0.0000000000        -0.0245311141         0.2137218726
   788         0.0000000000        -0.0159200661         0.2087502817
   789         0.0000000000        -0.0245311141         0.2037786908
   790         0.0000000000        -0.0245311141         0.1938355090
   791         0.0000000000        -0.0331421622         0.1988070999
   792         0.0000000000        -0.0245311141         0.1838923272
   793         0.0000000000        -0.0159200661         0.1888639181
   794         0.0000000000        -0.0331421622         0.1789207363
   795         0.0000000000        -0.0245311141         0.1739491454
   796         0.0000000000        -0.0159200661         0.1689775545
   797         0.0000000000        -0.0245311141         0.1640059636
   798         0.0000000000        -0.0245311141         0.1540627817
   799         0.0000000000        -0.0331421622         0.1590343726
   800         0.0000000000        -0.0245311141         0.1441195999
   801         0.0000000000        -0.0159200661         0.1490911908
   802         0.0000000000         0.0013020300        -0.0398292637
   803         0.0000000000        -0.0073090180        -0.0348576728
   804         0.0000000000        -0.0073090180        -0.0448008546
   805         0.0000000000        -0.0331421622         0.1391480090
   806         0.0000000000        -0.0245311141         0.1341764181
   807         0.0000000000        -0.0159200661         0.1292048272
   808         0.0000000000        -0.0245311141         0.1242332363
   809         0.0000000000        -0.0245463700        -0.2237781274
   810         0.0000000000        -0.0245463700        -0.2138349455
   811         0.0000000000        -0.0331421622        -0.2188065364
   812         0.0000000000        -0.0245311141         0.1142900545
   813         0.0000000000        -0.0331421622         0.1192616454
   814         0.0000000000        -0.0245311141         0.1043468726
   815         0.0000000000        -0.0159200661         0.1093184636
   816         0.0000000000        -0.0159505945        -0.2088633546
   817         0.0000000000        -0.0245463866        -0.2038917637
   818         0.0000000000        -0.0245463866        -0.1939485819
   819         0.0000000000        -0.0331421622        -0.1989201728
   820         0.0000000000        -0.0331421622         0.0993752817
   821         0.0000000000        -0.0245311141         0.0944036908
   822         0.0000000000        -0.0159200661         0.0894320999
   823         0.0000000000        -0.0245311141         0.0844605090
   824         0.0000000000        -0.0245464804        -0.1840054001
   825         0.0000000000        -0.0159507048        -0.1889769910
   826         0.0000000000        -0.0245464804        -0.1740622183
   827         0.0000000000        -0.0331421622        -0.1790338092
   828         0.0000000000        -0.0245311141         0.0745173272
   829         0.0000000000        -0.0331421622         0.0794889181
   830         0.0000000000        -0.0245311141         0.0645741454
   831         0.0000000000        -0.0159200661         0.0695457363
   832         0.0000000000        -0.0159513251        -0.1690906274
   833         0.0000000000        -0.0245470069        -0.1641190364
   834         0.0000000000        -0.0245470069        -0.1541758546
   835         0.0000000000        -0.0331421622        -0.1591474455
   836         0.0000000000        -0.0245498558        -0.1442326728
   837         0.0000000000        -0.0159547005        -0.1492042637
   838         0.0000000000        -0.0073090180        -0.0249144910
   839         0.0000000000        -0.0159200661        -0.0298860819
   840         0.0000000000        -0.0245558416        -0.1342894910
   841         0.0000000000        -0.0331481481        -0.1392610819
   842         0.0000000000        -0.0159703475        -0.1293179001
   843         0.0000000000        -0.0245686398        -0.1243463092
   844         0.0000000000        -0.0159200661         0.0496593726
   845         0.0000000000        -0.0245311141         0.0546309636
   846         0.0000000000        -0.0245311141         0.0446877817
   847         0.0000000000        -0.0245626539        -0.1144031274
   848         0.0000000000        -0.0331481481        -0.1193747183
   849         0.0000000000        -0.0331421622         0.0596025545
   850         0.0000000000        -0.0245542862        -0.1044599455
   851         0.0000000000        -0.0159747779        -0.1094315364
   852         0.0000000000        -0.0331421622        -0.0199429001
   853         0.0000000000        -0.0245311141        -0.0249144910
   854         0.0000000000        -0.0245311141        -0.0149713092
   855         0.0000000000        -0.0245311141        -0.0348576728
   856         0.0000000000        -0.0245311141         0.0248014181
   857         0.0000000000        -0.0159200661         0.0297730090
   858         0.0000000000        -0.0245311141         0.0347445999
   859         0.0000000000        -0.0417532102        -0.0149713092
   860         0.0000000000        -0.0417532102        -0.0249144910
   861         0.0000000000        -0.0417570722        -0.0945167637
   862         0.0000000000        -0.0417570722        -0.0845735819
   863         0.0000000000        -0.0331421622         0.0397161908
   864         0.0000000000        -0.0417532102        -0.0746304001
   865         0.0000000000        -0.0331460242        -0.0796019910
   866         0.0000000000        -0.0331421622         0.0198298272
   867         0.0000000000        -0.0245311141         0.0148582363
   868         0.0000000000        -0.0245581482        -0.0945167637
   869         0.0000000000        -0.0331460242        -0.0994883546
   870         0.0000000000        -0.0417532102        -0.0050281274
   871         0.0000000000         0.0410246937         0.0745173272
   872         0.0000000000         0.0410246937         0.0645741454
   873         0.0000000000         0.0410246937         0.0844605090
   874         0.0000000000         0.0324136456         0.0794889181
   875         0.0000000000         0.0410246937         0.0148582363
   876         0.0000000000         0.0410246937         0.0248014181
   877         0.0000000000         0.0324136456         0.0198298272
   878         0.0000000000         0.0410246937         0.0546309636
   879         0.0000000000         0.0410246937         0.0446877817
   880         0.0000000000        -0.0417532102        -0.0547440364
   881         0.0000000000        -0.0417532102        -0.0448008546
   882         0.0000000000        -0.0417532102        -0.0646872183
   883         0.0000000000        -0.0417532102        -0.1044599455
   884         0.0000000000        -0.0331421622        -0.0597156274
   885         0.0000000000         0.0324136456         0.0596025545
   886         0.0000000000        -0.0331421622        -0.0000565364
   887         0.0000000000        -0.0417532102         0.0049150545
   888         0.0000000000        -0.0417532102         0.0148582363
   889         0.0000000000         0.0410246937         0.0049150545
   890         0.0000000000        -0.0159200661         0.0098866454
   891         0.0000000000        -0.0245311141         0.0049150545
   892         0.0000000000        -0.0331421622        -0.0398292637
   893         0.0000000000        -0.0245311141        -0.0448008546
   894         0.0000000000        -0.0417532102        -0.0348576728
   895         0.0000000000        -0.0159200661        -0.0099997183
   896         0.0000000000        -0.0245311141        -0.0050281274
   897         0.0000000000        -0.0073090180        -0.0547440364
   898         0.0000000000        -0.0159200661        -0.0497724455
   899         0.0000000000        -0.0417532102         0.0248014181
   900         0.0000000000         0.0410246937        -0.0050281274
   901         0.0000000000         0.0410246937        -0.0149713092
   902         0.0000000000        -0.0245311141        -0.0547440364
   903         0.0000000000        -0.0245311141        -0.0646872183
   904         0.0000000000        -0.0245311141        -0.0746304001
   905         0.0000000000        -0.0159200661        -0.0696588092
   906         0.0000000000         0.0410246937         0.0347445999
   907         0.0000000000         0.0324136456         0.0397161908
   908         0.0000000000        -0.0073090180        -0.0746304001
   909         0.0000000000        -0.0073090180        -0.0646872183
   910         0.0000000000         0.0410246937        -0.0249144910
   911         0.0000000000         0.0324136456        -0.0199429001
   912         0.0000000000        -0.0073090180         0.0446877817
   913         0.0000000000        -0.0073090180         0.0546309636
   914         0.0000000000         0.0013020300         0.0596025545
   915         0.0000000000        -0.0073090180         0.0645741454
   916         0.0000000000        -0.0073090180         0.0745173272
   917         0.0000000000        -0.0074480504        -0.0845735819
   918         0.0000000000         0.0011629977        -0.0796019910
   919         0.0000000000        -0.0073090180         0.0248014181
   920         0.0000000000        -0.0073090180         0.0347445999
   921         0.0000000000         0.0013020300         0.0794889181
   922         0.0000000000        -0.0073090180         0.0844605090
   923         0.0000000000         0.0013020300         0.0397161908
   924         0.0000000000        -0.0159432381        -0.0895451728
   925         0.0000000000        -0.0074712224        -0.0945167637
   926         0.0000000000        -0.0074982565        -0.1044599455
   927         0.0000000000         0.0009969313        -0.0994883546
   928         0.0000000000        -0.0073090180         0.0944036908
   929         0.0000000000        -0.0075066242        -0.1144031274
   930         0.0000000000        -0.0073090180        -0.0149713092
   931         0.0000000000         0.0013020300        -0.0199429001
   932         0.0000000000         0.0013020300        -0.0597156274
   933         0.0000000000        -0.0073090180         0.0049150545
   934         0.0000000000        -0.0073090180         0.0148582363
   935         0.0000000000        -0.0074214678        -0.1243463092
   936         0.0000000000         0.0010550536        -0.1193747183
   937         0.0000000000        -0.0245349761        -0.0845735819
   938         0.0000000000         0.0013020300         0.0993752817
   939         0.0000000000        -0.0073090180         0.1043468726
   940         0.0000000000         0.0324136456        -0.0000565364
   941         0.0000000000         0.0089944662        -0.1044599455
   942         0.0000000000         0.0090215003        -0.0945167637
   943         0.0000000000        -0.0074086697        -0.1342894910
   944         0.0000000000        -0.0073090180         0.1142900545
   945         0.0000000000        -0.0074043745        -0.1442326728
   946         0.0000000000         0.0011445052        -0.1392610819
   947         0.0000000000        -0.0417532102        -0.1144031274
   948         0.0000000000        -0.0417591961        -0.1243463092
   949         0.0000000000        -0.0415256171        -0.2633875317
   950         0.0000000000        -0.0329145690        -0.2584159408
   951         0.0000000000        -0.0417532102        -0.2536076728
   952         0.0000000000         0.0013020300         0.1192616454
   953         0.0000000000        -0.0073090180         0.1242332363
   954         0.0000000000        -0.0417591961        -0.1342894910
   955         0.0000000000        -0.0417532102        -0.2436644910
   956         0.0000000000        -0.0417532102        -0.1740622183
   957         0.0000000000        -0.0417532102        -0.1641190364
   958         0.0000000000        -0.0074015256        -0.1541758546
   959         0.0000000000        -0.0417532102        -0.2138349455
   960         0.0000000000        -0.0417532102        -0.2038917637
   961         0.0000000000        -0.0073090180         0.1341764181
   962         0.0000000000        -0.0417532102        -0.1541758546
   963         0.0000000000         0.0410246937         0.2037786908
   964         0.0000000000         0.0324136456         0.1988070999
   965         0.0000000000         0.0410246937         0.1938355090
   966         0.0000000000         0.0410246937         0.1838923272
   967         0.0000000000         0.0013020300         0.0198298272
   968         0.0000000000         0.0408937106        -0.3136744231
   969         0.0000000000         0.0325842409        -0.3187021059
   970         0.0000000000         0.0413262721        -0.3232660374
   971         0.0000000000        -0.0417532102        -0.1939485819
   972         0.0000000000        -0.0074012156        -0.1641190364
   973         0.0000000000        -0.0074006891        -0.1740622183
   974         0.0000000000         0.0013020300         0.1391480090
   975         0.0000000000        -0.0073090180         0.1441195999
   976         0.0000000000         0.0410246937        -0.2038917637
   977         0.0000000000         0.0410246937        -0.1939485819
   978         0.0000000000         0.0324136456        -0.1989201728
   979         0.0000000000         0.0410246937         0.1739491454
   980         0.0000000000         0.0324136456         0.1789207363
   981         0.0000000000         0.0011491104        -0.1591474455
   982         0.0000000000         0.0403684792         0.3340839749
   983         0.0000000000         0.0403684792         0.3241407931
   984         0.0000000000        -0.0417532102         0.0844605090
   985         0.0000000000        -0.0417532102         0.0944036908
   986         0.0000000000         0.0410246937        -0.1342894910
   987         0.0000000000         0.0324136456        -0.1392610819
   988         0.0000000000         0.0410246937        -0.1442326728
   989         0.0000000000         0.0410246937         0.1242332363
   990         0.0000000000         0.0324136456         0.1192616454
   991         0.0000000000         0.0410246937         0.1142900545
   992         0.0000000000        -0.0074006528        -0.1840054001
   993         0.0000000000        -0.0074005591        -0.1939485819
   994         0.0000000000         0.0415622689         0.2833329640
   995         0.0000000000         0.0331408421         0.2784960071
   996         0.0000000000         0.0412143149         0.2735155976
   997         0.0000000000         0.0408928968         0.3728443730
   998         0.0000000000         0.0408928968         0.3629011911
   999         0.0000000000        -0.0417532102         0.0745173272
  1000         0.0000000000         0.0410246937        -0.1641190364
  1001         0.0000000000         0.0410246937        -0.1541758546
  1002         0.0000000000         0.0324136456        -0.1591474455
  1003         0.0000000000         0.0410246937         0.1043468726
  1004         0.0000000000        -0.0417532102        -0.1442326728
  1005         0.0000000000        -0.0417532102         0.1540627817
  1006         0.0000000000        -0.0417532102         0.1640059636
  1007         0.0000000000         0.0412294502         0.2536087407
  1008         0.0000000000         0.0412294502         0.2436655589
  1009         0.0000000000         0.0415622689         0.2932761458
  1010         0.0000000000        -0.0073090180         0.1540627817
  1011         0.0000000000         0.0410246937         0.2137218726
  1012         0.0000000000         0.0411383383         0.2236719872
  1013         0.0000000000         0.0325272902         0.2187003963
  1014         0.0000000000        -0.0417532102         0.1739491454
  1015         0.0000000000         0.0410246937        -0.2138349455
  1016         0.0000000000         0.0325783911        -0.2189536384
  1017         0.0000000000         0.0411894392        -0.2239252293
  1018         0.0000000000         0.0410246937         0.0944036908
  1019         0.0000000000        -0.0417532102        -0.2337213092
  1020         0.0000000000        -0.0331421622        -0.2386929001
  1021         0.0000000000         0.0324136456         0.0993752817
  1022         0.0000000000        -0.0073090180         0.1739491454
  1023         0.0000000000         0.0013020300         0.1789207363
  1024         0.0000000000        -0.0073090180         0.1838923272
  1025         0.0000000000         0.0327320468         0.2387009007
  1026         0.0000000000         0.0411383383         0.2336151690
  1027         0.0000000000        -0.0417532102        -0.2237781274
  1028         0.0000000000        -0.0415256171        -0.2733307135
  1029         0.0000000000         0.0412143149         0.2635724158
  1030         0.0000000000         0.0328080234         0.2587149657
  1031         0.0000000000        -0.0073090180         0.1938355090
  1032         0.0000000000        -0.0073090180         0.2137218726
  1033         0.0000000000         0.0013020300         0.2186934636
  1034         0.0000000000        -0.0073090180         0.2236650545
  1035         0.0000000000         0.0410246937         0.1640059636
  1036         0.0000000000        -0.0417532102         0.1043468726
  1037         0.0000000000         0.0406942511        -0.3837107410
  1038         0.0000000000         0.0406942511        -0.3936539228
  1039         0.0000000000         0.0410246937        -0.1243463092
  1040         0.0000000000         0.0410246937        -0.0646872183
  1041         0.0000000000         0.0410246937        -0.0746304001
  1042         0.0000000000         0.0410246937         0.1341764181
  1043         0.0000000000         0.0410246937         0.1441195999
  1044         0.0000000000         0.0324136456         0.1391480090
  1045         0.0000000000        -0.0073090180         0.1640059636
  1046         0.0000000000         0.0407414911        -0.2449001473
  1047         0.0000000000         0.0407414911        -0.2548433291
  1048         0.0000000000        -0.0417532102         0.1838923272
  1049         0.0000000000        -0.0073090180         0.2336082363
  1050         0.0000000000        -0.0417532102        -0.1840054001
  1051         0.0000000000         0.0013020300         0.1988070999
  1052         0.0000000000        -0.0073090180         0.2037786908
  1053         0.0000000000         0.0013020300         0.1590343726
  1054         0.0000000000        -0.0420686375         0.3032105090
  1055         0.0000000000        -0.0420686375         0.3131536908
  1056         0.0000000000        -0.0074005368        -0.2138349455
  1057         0.0000000000        -0.0075077910        -0.2237190477
  1058         0.0000000000         0.0010422501        -0.2187474567
  1059         0.0000000000        -0.0419365570         0.3426656703
  1060         0.0000000000        -0.0419365570         0.3526088521
  1061         0.0000000000        -0.0417532102         0.2236650545
  1062         0.0000000000        -0.0417532102         0.2336082363
  1063         0.0000000000        -0.0417532102         0.1938355090
  1064         0.0000000000        -0.0417532102         0.2435514181
  1065         0.0000000000        -0.0417532102         0.2534945999
  1066         0.0000000000        -0.0417532102         0.2634377817
  1067         0.0000000000        -0.0331421622         0.2584661908
  1068         0.0000000000        -0.0417532102         0.0645741454
  1069         0.0000000000         0.0410246937        -0.1740622183
  1070         0.0000000000        -0.0418158190         0.2833241454
  1071         0.0000000000        -0.0418158190         0.2932673272
  1072         0.0000000000        -0.0417532102         0.2733809636
  1073         0.0000000000        -0.0332047709         0.2783525545
  1074         0.0000000000        -0.0335201982         0.2982389181
  1075         0.0000000000         0.0412077204        -0.3427792976
  1076         0.0000000000         0.0412077204        -0.3527224794
  1077         0.0000000000        -0.0417532102         0.2037786908
  1078         0.0000000000        -0.0417532102         0.1441195999
  1079         0.0000000000         0.0410246937         0.1540627817
  1080         0.0000000000        -0.0417532102         0.1142900545
  1081         0.0000000000         0.0324136456         0.1590343726
  1082         0.0000000000        -0.0338461083         0.3180723541
  1083         0.0000000000        -0.0421417290         0.3230439450
  1084         0.0000000000        -0.0417532102         0.2137218726
  1085         0.0000000000        -0.0074005534        -0.2038917637
  1086         0.0000000000         0.0011494986        -0.1989201728
  1087         0.0000000000        -0.0421417290         0.3329871268
  1088         0.0000000000        -0.0337140278         0.3376411517
  1089         0.0000000000        -0.0410807283        -0.3342883502
  1090         0.0000000000        -0.0410807283        -0.3243451683
  1091         0.0000000000        -0.0416199728        -0.3729583397
  1092         0.0000000000        -0.0416199728        -0.3630151579
  1093         0.0000000000         0.0011494566        -0.1790338092
  1094         0.0000000000         0.0413262721        -0.3332092193
  1095         0.0000000000         0.0328982507        -0.3378637986
  1096         0.0000000000        -0.0417532102         0.1242332363
  1097         0.0000000000        -0.0417532102         0.1341764181
  1098         0.0000000000         0.0411894392        -0.2338684111
  1099         0.0000000000         0.0410246937        -0.1840054001
  1100         0.0000000000         0.0322951886        -0.2400756583
  1101         0.0000000000         0.0324136456        -0.1790338092
  1102         0.0000000000         0.0311792711        -0.3579532430
  1103         0.0000000000         0.0396072924        -0.3632418455
  1104         0.0000000000        -0.0073090180        -0.0050281274
  1105         0.0000000000         0.0396072924        -0.3731850273
  1106         0.0000000000         0.0410246937        -0.0448008546
  1107         0.0000000000         0.0410246937        -0.0547440364
  1108         0.0000000000         0.0324136456        -0.0597156274
  1109         0.0000000000        -0.0417532102         0.0446877817
  1110         0.0000000000        -0.0417532102         0.0546309636
  1111         0.0000000000         0.0013020300        -0.0000565364
  1112         0.0000000000         0.0410246937        -0.0348576728
  1113         0.0000000000        -0.0417532102         0.0347445999
  1114         0.0000000000         0.0324136456        -0.0398292637
  1115         0.0000000000        -0.0246407301        -0.2335956664
  1116         0.0000000000        -0.0246407301        -0.2435388482
  1117         0.0000000000        -0.0160449379        -0.2286240754
  1118         0.0000000000        -0.0076021510        -0.2335365867
  1119         0.0000000000         0.0009522406         0.2386613563
  1120         0.0000000000        -0.0076588075         0.2436329472
  1121         0.0000000000        -0.0161788262         0.2484801458
  1122         0.0000000000        -0.0247898743         0.2534517368
  1123         0.0000000000        -0.0247898743         0.2633949186
  1124         0.0000000000        -0.0079175676         0.2535332659
  1125         0.0000000000        -0.0248996915         0.2730422554
  1126         0.0000000000        -0.0249623003         0.2829854372
  1127         0.0000000000         0.0241880872         0.2846642063
  1128         0.0000000000         0.0238401331         0.2748468399
  1129         0.0000000000        -0.0165474036         0.2680278013
  1130         0.0000000000         0.0234280576        -0.3324675832
  1131         0.0000000000         0.0233095059        -0.3420376615
  1132         0.0000000000        -0.0242575788         0.3322066874
  1133         0.0000000000        -0.0240524068         0.3418852308
  1134         0.0000000000        -0.0403356748         0.3631254251
  1135         0.0000000000        -0.0403356748         0.3730686070
  1136         0.0000000000        -0.0319079735         0.3578362682
  1137         0.0000000000        -0.0414227703         0.3835958034
  1138         0.0000000000        -0.0414227703         0.3935389852
  1139         0.0000000000        -0.0413106763        -0.4117630894
  1140         0.0000000000        -0.0413106763        -0.4018199076
  1141         0.0000000000         0.0405834093         0.4116493136
  1142         0.0000000000         0.0405834093         0.4017061318
  1143         0.0000000000        -0.0243995170        -0.2533969559
  1144         0.0000000000        -0.0158980849        -0.2482997222
  1145         0.0000000000        -0.0157248666         0.2884056684
  1146         0.0000000000        -0.0240299460         0.2937159675
  1147         0.0000000000        -0.0242827645         0.3036591493
  1148         0.0000000000         0.0247796908         0.3113387250
  1149         0.0000000000         0.0323285532         0.3190937431
  1150         0.0000000000         0.0223333208        -0.2949557085
  1151         0.0000000000         0.0232151755        -0.3058951761
  1152         0.0000000000        -0.0100361378        -0.4207787212
  1153         0.0000000000         0.0093089492         0.4206642199
  1154         0.0000000000         0.0113909223        -0.2935508048
  1155         0.0000000000        -0.0151226949        -0.4293846096
  1156         0.0000000000        -0.0251226949        -0.4293846096
  1157         0.0000000000         0.0143950459         0.4292709433
  1158         0.0000000000         0.0243950459         0.4292709433
  1159         0.0000000000         0.0081707262        -0.3104776185
  1160         0.0000000000         0.0049042016        -0.3010041377
  1161         0.0000000000         0.0413315272        -0.4028440076
  1162         0.0000000000         0.0413315272        -0.4127871894
  1163         0.0000000000        -0.0420600975         0.4027302437
  1164         0.0000000000        -0.0420600975         0.4126734255
  1165         0.0000000000         0.0082923957         0.2542609739
  1166         0.0000000000         0.0086519550         0.2437808552
  1167         0.0000000000        -0.0075785507        -0.2527021787
  1168         0.0000000000        -0.0078197638        -0.2428440710
  1169         0.0000000000         0.0414200890        -0.1150879722
  1170         0.0000000000         0.0414200890        -0.0838887371
  1171         0.0000000000         0.0243876141         0.2642572606
  1172         0.0000000000         0.0014703121        -0.2564526093
  1173         0.0000000000         0.0089128177        -0.1144031274
  1174         0.0000000000         0.0169373867        -0.1094315364
  1175         0.0000000000         0.0169373867        -0.0895451728
  1176         0.0000000000         0.0089398517        -0.0845735819
  1177         0.0000000000         0.0000654355         0.2584950193
  1178         0.0000000000        -0.0084545832         0.2633422179
  1179         0.0000000000         0.0415958157         0.3130782318
  1180         0.0000000000         0.0415958157         0.3031350499
  1181         0.0000000000         0.0335223429         0.2981722776
  1182         0.0000000000        -0.0351419851        -0.3580435670
  1183         0.0000000000         0.0344200482         0.3579296002
  1184         0.0000000000        -0.0260360064        -0.3120202775
  1185         0.0000000000        -0.0333073600        -0.3199958677
  1186         0.0000000000        -0.0269448643         0.3229696584
  1187         0.0000000000        -0.0438103074        -0.3825286403
  1188         0.0000000000         0.0430830590         0.3824145461
  1189         0.0000000000         0.0079521043        -0.3847344364
  1190         0.0000000000        -0.0086781948         0.3846068039
  1191         0.0000000000        -0.0438103074        -0.3924718221
  1192         0.0000000000         0.0430830590         0.3923577279
  1193         0.0000000000         0.0269093112         0.2932864757
  1194         0.0000000000        -0.0268717728         0.3130794042
  1195         0.0000000000        -0.0438862706        -0.3430963092
  1196         0.0000000000        -0.0438862706        -0.3530394910
  1197         0.0000000000         0.0431628931         0.3429832363
  1198         0.0000000000         0.0431628931         0.3529264181
  1199         0.0000000000         0.0250485134        -0.3508592500
  1200         0.0000000000         0.0423021845        -0.4302380537
  1201         0.0000000000         0.0323021845        -0.4302380537
  1202         0.0000000000        -0.0257790860         0.3507399972
  1203         0.0000000000        -0.0430310692         0.4301253511
  1204         0.0000000000        -0.0330310692         0.4301253511
  1205         0.0000000000         0.0423021845        -0.4202948719
  1206         0.0000000000        -0.0430310692         0.4201821693
  1207         0.0000000000        -0.0424928441        -0.2825103486
  1208         0.0000000000         0.0250300872        -0.1150879722
  1209         0.0000000000         0.0250300872        -0.0838887371
  1210         0.0000000000         0.0077553800         0.2640699259
  1211         0.0000000000         0.0328090409        -0.1200595631
  1212         0.0000000000         0.0328090409        -0.0789171462
  1213         0.0000000000         0.0154348592         0.2704254598
  1214         0.0000000000         0.0007173831        -0.2379390432
  1215         0.0000000000        -0.0425908900        -0.3138890540
  1216         0.0000000000         0.0432151509        -0.2636823077
  1217         0.0000000000        -0.0089320320         0.2809531884
  1218         0.0000000000        -0.0079996777         0.2916837186
  1219         0.0000000000         0.0246357417        -0.1342894910
  1220         0.0000000000         0.0246346919        -0.1243463092
  1221         0.0000000000         0.0168567880        -0.1293179001
  1222         0.0000000000         0.0246355667        -0.0646872183
  1223         0.0000000000         0.0168566130        -0.0696588092
  1224         0.0000000000         0.0246346919        -0.0746304001
  1225         0.0000000000         0.0088807072        -0.2237337180
  1226         0.0000000000         0.0088971932        -0.2336622295
  1227         0.0000000000         0.0168429045        -0.2287643886
  1228         0.0000000000         0.0090799290        -0.0149713092
  1229         0.0000000000         0.0168578321        -0.0099997183
  1230         0.0000000000         0.0090799331        -0.0050281274
  1231         0.0000000000         0.0246357369        -0.0149713092
  1232         0.0000000000         0.0246357409        -0.0050281274
  1233         0.0000000000         0.0090799047        -0.0448008546
  1234         0.0000000000         0.0090799047        -0.0348576728
  1235         0.0000000000         0.0246357417         0.0248014181
  1236         0.0000000000         0.0246357417         0.0148582363
  1237         0.0000000000         0.0090799290        -0.0249144910
  1238         0.0000000000         0.0090799339         0.1441195999
  1239         0.0000000000         0.0168578378         0.1490911908
  1240         0.0000000000         0.0090799339         0.1540627817
  1241         0.0000000000         0.0246357417         0.1441195999
  1242         0.0000000000         0.0246357417         0.1540627817
  1243         0.0000000000         0.0090797589        -0.0646872183
  1244         0.0000000000         0.0090797589        -0.0547440364
  1245         0.0000000000         0.0090033191        -0.1442326728
  1246         0.0000000000         0.0090033191        -0.1541758546
  1247         0.0000000000         0.0168578378        -0.1492042637
  1248         0.0000000000         0.0089990239        -0.1342894910
  1249         0.0000000000         0.0090036291        -0.1641190364
  1250         0.0000000000         0.0090036291        -0.1740622183
  1251         0.0000000000         0.0168578378        -0.1690906274
  1252         0.0000000000         0.0090036654        -0.1840054001
  1253         0.0000000000         0.0090036654        -0.1939485819
  1254         0.0000000000         0.0168578378        -0.1889769910
  1255         0.0000000000         0.0090799339         0.0944036908
  1256         0.0000000000         0.0090799339         0.1043468726
  1257         0.0000000000         0.0090036710        -0.2038917637
  1258         0.0000000000         0.0090799339         0.1142900545
  1259         0.0000000000         0.0090799339         0.1242332363
  1260         0.0000000000         0.0168578378         0.1093184636
  1261         0.0000000000         0.0168578378         0.1292048272
  1262         0.0000000000         0.0090799339         0.1341764181
  1263         0.0000000000         0.0246357417         0.0844605090
  1264         0.0000000000         0.0246357417         0.0745173272
  1265         0.0000000000         0.0246357417        -0.1442326728
  1266         0.0000000000         0.0246200320        -0.2138496159
  1267         0.0000000000         0.0247847775        -0.2239398997
  1268         0.0000000000         0.0246357417        -0.1541758546
  1269         0.0000000000         0.0246357417         0.1640059636
  1270         0.0000000000         0.0246357417         0.1739491454
  1271         0.0000000000         0.0168578378         0.1689775545
  1272         0.0000000000         0.0246357417         0.1838923272
  1273         0.0000000000         0.0246357417        -0.1641190364
  1274         0.0000000000         0.0246357417         0.1938355090
  1275         0.0000000000         0.0168578378         0.1888639181
  1276         0.0000000000         0.0246357417         0.2037786908
  1277         0.0000000000         0.0246357417         0.2137218726
  1278         0.0000000000         0.0168578378         0.2087502817
  1279         0.0000000000         0.0246357417        -0.1740622183
  1280         0.0000000000         0.0247493863         0.2236719872
  1281         0.0000000000         0.0246357417        -0.1840054001
  1282         0.0000000000         0.0168576337        -0.0497724455
  1283         0.0000000000         0.0246357417        -0.1939485819
  1284         0.0000000000         0.0246357417        -0.2038917637
  1285         0.0000000000         0.0089879613        -0.2138496159
  1286         0.0000000000         0.0246357417         0.1043468726
  1287         0.0000000000         0.0246357417         0.0944036908
  1288         0.0000000000         0.0246357417         0.1142900545
  1289         0.0000000000         0.0246357417         0.1242332363
  1290         0.0000000000         0.0246355667        -0.0547440364
  1291         0.0000000000         0.0246357417         0.1341764181
  1292         0.0000000000         0.0246357417         0.0446877817
  1293         0.0000000000         0.0246357417         0.0347445999
  1294         0.0000000000         0.0090799339         0.1640059636
  1295         0.0000000000         0.0090799339         0.1739491454
  1296         0.0000000000         0.0090799339         0.0745173272
  1297         0.0000000000         0.0090799339         0.0844605090
  1298         0.0000000000         0.0090799339         0.1838923272
  1299         0.0000000000         0.0090799339         0.1938355090
  1300         0.0000000000         0.0090799339         0.2037786908
  1301         0.0000000000         0.0246357409         0.0049150545
  1302         0.0000000000         0.0090799339         0.2137218726
  1303         0.0000000000         0.0168578038        -0.0298860819
  1304         0.0000000000         0.0090799339         0.2236650545
  1305         0.0000000000         0.0246357417         0.0645741454
  1306         0.0000000000         0.0246357417         0.0546309636
  1307         0.0000000000         0.0168421281        -0.2088780250
  1308         0.0000000000         0.0246711968         0.2337630770
  1309         0.0000000000         0.0168578370         0.0098866454
  1310         0.0000000000         0.0246357126        -0.0448008546
  1311         0.0000000000         0.0168578378         0.0894320999
  1312         0.0000000000         0.0246357126        -0.0348576728
  1313         0.0000000000         0.0167796483         0.2287845533
  1314         0.0000000000         0.0090017444         0.2337561442
  1315         0.0000000000         0.0090799339         0.0645741454
  1316         0.0000000000         0.0168578378         0.0695457363
  1317         0.0000000000         0.0168578378         0.0496593726
  1318         0.0000000000         0.0168578378         0.0297730090
  1319         0.0000000000         0.0090799339         0.0546309636
  1320         0.0000000000         0.0090799339         0.0446877817
  1321         0.0000000000         0.0090799339         0.0347445999
  1322         0.0000000000         0.0246357369        -0.0249144910
  1323         0.0000000000         0.0090799339         0.0248014181
  1324         0.0000000000         0.0090799339         0.0148582363
  1325         0.0000000000         0.0090799331         0.0049150545
  1326         0.0000000000         0.0248012636        -0.2338684111
  1327         0.0000000000         0.0089979740        -0.1243463092
  1328         0.0000000000         0.0090788841        -0.0746304001
  1329         0.0000000000         0.0243533156        -0.2449001473
  1330         0.0000000000        -0.0085644005         0.2729895548
  1331         0.0000000000        -0.0330797238        -0.4302873566
  1332         0.0000000000        -0.0430797238        -0.4302873566
  1333         0.0000000000         0.0323512073         0.4301742837
  1334         0.0000000000         0.0423512073         0.4301742837
  1335         0.0000000000        -0.0430797238        -0.4203441748
  1336         0.0000000000         0.0423512073         0.4202311019
  1337         0.0000000000         0.0260433259        -0.3236469496
  1338         0.0000000000         0.0072078991         0.2746595052
  1339         0.0000000000         0.0086795805        -0.2429697138
  1340         0.0000000000         0.0085402425        -0.3529013183
  1341         0.0000000000         0.0155783202        -0.3454630346
  1342         0.0000000000        -0.0092652762         0.3527739822
  1343         0.0000000000        -0.0163226370         0.3453055329
  1344         0.0000000000         0.0256107644        -0.3140553353
  1345         0.0000000000         0.0269428580         0.3031453798
  1346         0.0000000000         0.0166742605        -0.3108400198
  1347         0.0000000000         0.0156910549        -0.2465238742
  1348         0.0000000000         0.0084817865        -0.2600067697
  1349         0.0000000000         0.0181666590         0.3064529230
  1350         0.0000000000        -0.0278381604        -0.4221154297
  1351         0.0000000000         0.0271105114         0.4220017635
  1352         0.0000000000         0.0339979699        -0.4154118885
  1353         0.0000000000        -0.0347269085         0.4152984948
  1354         0.0000000000         0.0272490181        -0.4218644459
  1355         0.0000000000        -0.0279782726         0.4217512457
  1356         0.0000000000        -0.0340261419        -0.4144370913
  1357         0.0000000000         0.0332988749         0.4143233156
  1358         0.0000000000        -0.0008392116         0.2762676049
  1359         0.0000000000         0.0075112448        -0.2508006879
  1360         0.0000000000         0.0270159760        -0.3924956535
  1361         0.0000000000         0.0273346140        -0.3970906959
  1362         0.0000000000         0.0320713985        -0.3941190788
  1363         0.0000000000         0.0225978295        -0.4000623131
  1364         0.0000000000         0.0276532521        -0.4016857383
  1365         0.0000000000         0.0175424070        -0.3984388878
  1366         0.0000000000         0.0178610451        -0.4030339302
  1367         0.0000000000         0.0279718901        -0.4062807807
  1368         0.0000000000         0.0327086746        -0.4033091636
  1369         0.0000000000        -0.0277440833         0.3923783431
  1370         0.0000000000        -0.0280627469         0.3969739723
  1371         0.0000000000        -0.0327999459         0.3940028633
  1372         0.0000000000        -0.0233255479         0.3999450813
  1373         0.0000000000        -0.0283814105         0.4015696016
  1374         0.0000000000        -0.0182696852         0.3983205611
  1375         0.0000000000        -0.0185883488         0.4029161903
  1376         0.0000000000        -0.0287000741         0.4061652308
  1377         0.0000000000        -0.0334372732         0.4031941218
  1378         0.0000000000         0.0004015364         0.3220515439
  1379         0.0000000000        -0.0025544636         0.3266262682
  1380         0.0000000000        -0.0057279577         0.3227265936
  1381         0.0000000000         0.0006190304         0.3305259428
  1382         0.0000000000        -0.0055104637         0.3312009925
  1383         0.0000000000         0.0067485245         0.3298508932
  1384         0.0000000000         0.0037925244         0.3344256174
  1385         0.0000000000        -0.0084664638         0.3357757168
  1386         0.0000000000        -0.0116399578         0.3318760422
  1387         0.0000000000        -0.0011098610        -0.3221762495
  1388         0.0000000000         0.0018342720        -0.3267677670
  1389         0.0000000000         0.0050069139        -0.3228668938
  1390         0.0000000000        -0.0013383700        -0.3306686402
  1391         0.0000000000         0.0047784049        -0.3313592844
  1392         0.0000000000        -0.0074551449        -0.3299779959
  1393         0.0000000000        -0.0045110120        -0.3345695134
  1394         0.0000000000         0.0077225378        -0.3359508019
  1395         0.0000000000         0.0108951798        -0.3320499287
  1396         0.0000000000         0.0184001844        -0.3940297674
  1397         0.0000000000         0.0136633999        -0.3970013846
  1398         0.0000000000         0.0231369689        -0.3910581502
  1399         0.0000000000         0.0192579618        -0.3896206470
  1400         0.0000000000         0.0278737533        -0.3880865331
  1401         0.0000000000         0.0201157391        -0.3852115265
  1402         0.0000000000         0.0153789546        -0.3881831437
  1403         0.0000000000        -0.0191277712         0.3939087639
  1404         0.0000000000        -0.0143905721         0.3968798729
  1405         0.0000000000        -0.0238649702         0.3909376549
  1406         0.0000000000        -0.0199858572         0.3894969668
  1407         0.0000000000        -0.0286021693         0.3879665459
  1408         0.0000000000        -0.0208439432         0.3850851696
  1409         0.0000000000        -0.0161067441         0.3880562786
  1410         0.0000000000        -0.0289822927        -0.3353550174
  1411         0.0000000000        -0.0236899398        -0.3362117392
  1412         0.0000000000        -0.0265048455        -0.3313087038
  1413         0.0000000000        -0.0208750341        -0.3411147745
  1414         0.0000000000        -0.0183975869        -0.3370684609
  1415         0.0000000000        -0.0233524814        -0.3451610880
  1416         0.0000000000        -0.0180601285        -0.3460178098
  1417         0.0000000000        -0.0131052341        -0.3379251827
  1418         0.0000000000        -0.0159201397        -0.3330221474
  1419         0.0000000000         0.0282819060         0.3350952987
  1420         0.0000000000         0.0229871064         0.3359938645
  1421         0.0000000000         0.0258064171         0.3310548703
  1422         0.0000000000         0.0201677957         0.3409328588
  1423         0.0000000000         0.0176923068         0.3368924303
  1424         0.0000000000         0.0226432845         0.3449732872
  1425         0.0000000000         0.0173484849         0.3458718530
  1426         0.0000000000         0.0123975073         0.3377909962
  1427         0.0000000000         0.0152168180         0.3328520019
  1428         0.0000000000        -0.0267715318        -0.4051280246
  1429         0.0000000000        -0.0238123793        -0.4002246932
  1430         0.0000000000        -0.0292979418        -0.4009526745
  1431         0.0000000000        -0.0183268168        -0.3994967119
  1432         0.0000000000        -0.0208532268        -0.3953213618
  1433         0.0000000000        -0.0158004068        -0.4036720620
  1434         0.0000000000        -0.0128412543        -0.3987687306
  1435         0.0000000000        -0.0178940743        -0.3904180304
  1436         0.0000000000        -0.0233796368        -0.3911460117
  1437         0.0000000000         0.0260466373         0.4050128864
  1438         0.0000000000         0.0230886853         0.4001081516
  1439         0.0000000000         0.0285731250         0.4008367925
  1440         0.0000000000         0.0176042457         0.3993795106
  1441         0.0000000000         0.0201307334         0.3952034168
  1442         0.0000000000         0.0150777580         0.4035556045
  1443         0.0000000000         0.0121198061         0.3986508697
  1444         0.0000000000         0.0171727814         0.3902986820
  1445         0.0000000000         0.0226572211         0.3910273230
  1446         0.0000000000        -0.0186750036        -0.2768665676
  1447         0.0000000000        -0.0238292745        -0.2785661292
  1448         0.0000000000        -0.0191586171        -0.2814563852
  1449         0.0000000000        -0.0284999320        -0.2756758732
  1450         0.0000000000        -0.0289835455        -0.2802656908
  1451         0.0000000000        -0.0280163185        -0.2710860556
  1452         0.0000000000        -0.0331705894        -0.2727856172
  1453         0.0000000000        -0.0341378164        -0.2819652524
  1454         0.0000000000        -0.0294671590        -0.2848555084
  1455         0.0000000000         0.0073212048         0.3381598421
  1456         0.0000000000         0.0011917107         0.3388348918
  1457         0.0000000000        -0.0014091030         0.3432441661
  1458         0.0000000000        -0.0049377834         0.3395099415
  1459         0.0000000000         0.0021195775         0.3469783908
  1460         0.0000000000        -0.0040099166         0.3476534404
  1461         0.0000000000        -0.0110672775         0.3401849911
  1462         0.0000000000        -0.0237587924        -0.2685765632
  1463         0.0000000000        -0.0284294499        -0.2656863072
  1464         0.0000000000        -0.0190881350        -0.2714668192
  1465         0.0000000000        -0.0195012664        -0.2660670708
  1466         0.0000000000        -0.0144174776        -0.2743570752
  1467         0.0000000000        -0.0152437404        -0.2635575783
  1468         0.0000000000        -0.0199143978        -0.2606673223
  1469         0.0000000000        -0.0080300508        -0.3382886552
  1470         0.0000000000        -0.0019132759        -0.3389792994
  1471         0.0000000000         0.0006844601        -0.3433890855
  1472         0.0000000000         0.0042034990        -0.3396699437
  1473         0.0000000000        -0.0028345788        -0.3471082273
  1474         0.0000000000         0.0032821961        -0.3477988716
  1475         0.0000000000         0.0103202739        -0.3403605879
  1476         0.0000000000         0.0448237988        -0.2906002914
  1477         0.0000000000         0.0448237988        -0.2955718823
  1478         0.0000000000         0.0448237988        -0.2856287005
  1479         0.0000000000         0.0400118559        -0.2878201827
  1480         0.0000000000         0.0448237988        -0.2806571096
  1481         0.0000000000         0.0351999131        -0.2850400740
  1482         0.0000000000         0.0351999131        -0.2900116650
  1483         0.0000000000        -0.0275701581        -0.3446620322
  1484         0.0000000000        -0.0247552525        -0.3495650675
  1485         0.0000000000        -0.0303850638        -0.3397589969
  1486         0.0000000000        -0.0317878349        -0.3441629764
  1487         0.0000000000        -0.0331999695        -0.3348559616
  1488         0.0000000000        -0.0360055117        -0.3436639206
  1489         0.0000000000        -0.0331906061        -0.3485669559
  1490         0.0000000000         0.0268598022         0.3444839236
  1491         0.0000000000         0.0240404914         0.3494229178
  1492         0.0000000000         0.0296791129         0.3395449294
  1493         0.0000000000         0.0310763199         0.3439945601
  1494         0.0000000000         0.0324984237         0.3346059351
  1495         0.0000000000         0.0352928376         0.3435051965
  1496         0.0000000000         0.0324735268         0.3484441907
  1497         0.0000000000        -0.0464775741        -0.3011489316
  1498         0.0000000000        -0.0425418670        -0.2981997013
  1499         0.0000000000        -0.0464285512        -0.2954027607
  1500         0.0000000000        -0.0386551829        -0.3009966419
  1501         0.0000000000        -0.0386061599        -0.2952504711
  1502         0.0000000000        -0.0387042058        -0.3067428128
  1503         0.0000000000        -0.0347684987        -0.3037935825
  1504         0.0000000000        -0.0346704528        -0.2923012408
  1505         0.0000000000        -0.0385571370        -0.2895043002
  1506         0.0000000000        -0.0305477574        -0.3962786318
  1507         0.0000000000        -0.0335069099        -0.4011819632
  1508         0.0000000000        -0.0275886049        -0.3913753004
  1509         0.0000000000        -0.0317975729        -0.3916045891
  1510         0.0000000000        -0.0246294524        -0.3864719690
  1511         0.0000000000        -0.0330473885        -0.3869305463
  1512         0.0000000000        -0.0360065410        -0.3918338777
  1513         0.0000000000         0.0298229498         0.3961625906
  1514         0.0000000000         0.0327809018         0.4010673254
  1515         0.0000000000         0.0268649979         0.3912578558
  1516         0.0000000000         0.0310727746         0.3914883886
  1517         0.0000000000         0.0239070459         0.3863531210
  1518         0.0000000000         0.0323225995         0.3868141867
  1519         0.0000000000         0.0352805514         0.3917189215
  1520         0.0000000000        -0.0312510315        -0.3065689915
  1521         0.0000000000        -0.0312020086        -0.3008228207
  1522         0.0000000000        -0.0276355185        -0.2978520589
  1523         0.0000000000        -0.0311529856        -0.2950766498
  1524         0.0000000000        -0.0241180513        -0.3006274679
  1525         0.0000000000        -0.0240690283        -0.2948812971
  1526         0.0000000000        -0.0311039627        -0.2893304790
  1527         0.0000000000        -0.0189147574        -0.2931817355
  1528         0.0000000000        -0.0224322246        -0.2904063265
  1529         0.0000000000        -0.0207954208        -0.2859313558
  1530         0.0000000000        -0.0259496918        -0.2876309174
  1531         0.0000000000        -0.0156411499        -0.2842317943
  1532         0.0000000000        -0.0228691687        -0.3273209087
  1533         0.0000000000        -0.0281615215        -0.3264641869
  1534         0.0000000000        -0.0175768158        -0.3281776305
  1535         0.0000000000        -0.0192334919        -0.3233331136
  1536         0.0000000000        -0.0122844629        -0.3290343523
  1537         0.0000000000        -0.0155978151        -0.3193453185
  1538         0.0000000000        -0.0208901679        -0.3184885967
  1539         0.0000000000         0.0220319859         0.3271773612
  1540         0.0000000000         0.0273267855         0.3262787954
  1541         0.0000000000         0.0167371864         0.3280759271
  1542         0.0000000000         0.0182575547         0.3232998522
  1543         0.0000000000         0.0114423868         0.3289744929
  1544         0.0000000000         0.0144831235         0.3194223431
  1545         0.0000000000         0.0197779230         0.3185237773
  1546         0.0000000000        -0.0297618865        -0.3725750955
  1547         0.0000000000        -0.0241128787        -0.3726824724
  1548         0.0000000000        -0.0272266795        -0.3681266108
  1549         0.0000000000        -0.0209990780        -0.3772383340
  1550         0.0000000000        -0.0184638709        -0.3727898494
  1551         0.0000000000        -0.0235342851        -0.3816868187
  1552         0.0000000000        -0.0178852773        -0.3817941957
  1553         0.0000000000        -0.0128148631        -0.3728972263
  1554         0.0000000000        -0.0159286639        -0.3683413647
  1555         0.0000000000         0.0290373562         0.3724589270
  1556         0.0000000000         0.0233902800         0.3725628213
  1557         0.0000000000         0.0265029756         0.3680082676
  1558         0.0000000000         0.0202775843         0.3771173750
  1559         0.0000000000         0.0177432038         0.3726667157
  1560         0.0000000000         0.0228119648         0.3815680344
  1561         0.0000000000         0.0171648886         0.3816719288
  1562         0.0000000000         0.0120961276         0.3727706100
  1563         0.0000000000         0.0152088233         0.3682160563
  1564         0.0000000000         0.0020921919         0.3040069874
  1565         0.0000000000        -0.0025343299         0.3039680304
  1566         0.0000000000        -0.0009129468         0.2992530697
  1567         0.0000000000        -0.0041557131         0.3086829910
  1568         0.0000000000        -0.0071608518         0.3039290734
  1569         0.0000000000        -0.0011505744         0.3134369087
  1570         0.0000000000        -0.0057770963         0.3133979517
  1571         0.0000000000        -0.0117873736         0.3038901163
  1572         0.0000000000        -0.0101659905         0.2991751557
  1573         0.0000000000        -0.0241421516        -0.3636378332
  1574         0.0000000000        -0.0297911594        -0.3635304563
  1575         0.0000000000        -0.0184931438        -0.3637452101
  1576         0.0000000000        -0.0210576237        -0.3591490556
  1577         0.0000000000        -0.0128441360        -0.3638525871
  1578         0.0000000000        -0.0179730958        -0.3546602779
  1579         0.0000000000        -0.0236221036        -0.3545529010
  1580         0.0000000000         0.0234214561         0.3635102446
  1581         0.0000000000         0.0290685323         0.3634063503
  1582         0.0000000000         0.0177743799         0.3636141390
  1583         0.0000000000         0.0203399366         0.3590122217
  1584         0.0000000000         0.0121273038         0.3637180333
  1585         0.0000000000         0.0172584171         0.3545141987
  1586         0.0000000000         0.0229054933         0.3544103044
  1587         0.0000000000         0.0365226950        -0.3064208664
  1588         0.0000000000         0.0360817677        -0.3009511326
  1589         0.0000000000         0.0317107521        -0.3036407577
  1590         0.0000000000         0.0404527833        -0.2982615075
  1591         0.0000000000         0.0356408404        -0.2954813988
  1592         0.0000000000         0.0452647262        -0.3010416161
  1593         0.0000000000         0.0308288975        -0.2927012901
  1594         0.0000000000         0.0144865692        -0.4062602089
  1595         0.0000000000         0.0195419917        -0.4078836342
  1596         0.0000000000         0.0212229383        -0.4127333381
  1597         0.0000000000         0.0245974142        -0.4095070594
  1598         0.0000000000         0.0178484624        -0.4159596168
  1599         0.0000000000         0.0229038849        -0.4175830421
  1600         0.0000000000         0.0296528367        -0.4111304847
  1601         0.0000000000        -0.0152140308         0.4061425657
  1602         0.0000000000        -0.0202698935         0.4077670860
  1603         0.0000000000        -0.0219514382         0.4126179816
  1604         0.0000000000        -0.0253257562         0.4093916062
  1605         0.0000000000        -0.0185771202         0.4158443571
  1606         0.0000000000        -0.0236329829         0.4174688773
  1607         0.0000000000        -0.0303816188         0.4110161265
  1608         0.0000000000         0.0245899712        -0.3684696711
  1609         0.0000000000         0.0212544435        -0.3722950246
  1610         0.0000000000         0.0262433153        -0.3722979626
  1611         0.0000000000         0.0162655717        -0.3722920866
  1612         0.0000000000         0.0179189157        -0.3761203782
  1613         0.0000000000         0.0146122277        -0.3684637951
  1614         0.0000000000         0.0112766999        -0.3722891486
  1615         0.0000000000         0.0145833880        -0.3799457317
  1616         0.0000000000         0.0195722598        -0.3799486697
  1617         0.0000000000        -0.0253167999         0.3683468508
  1618         0.0000000000        -0.0219812346         0.3721697609
  1619         0.0000000000        -0.0269715259         0.3721757513
  1620         0.0000000000        -0.0169909433         0.3721637704
  1621         0.0000000000        -0.0186456693         0.3759926709
  1622         0.0000000000        -0.0153362172         0.3683348699
  1623         0.0000000000        -0.0120006519         0.3721577800
  1624         0.0000000000        -0.0153101041         0.3798155810
  1625         0.0000000000        -0.0203003954         0.3798215714
  1626         0.0000000000         0.0368015605        -0.2804285229
  1627         0.0000000000         0.0319896177        -0.2826200051
  1628         0.0000000000         0.0416135034        -0.2782370407
  1629         0.0000000000         0.0384032080        -0.2758169717
  1630         0.0000000000         0.0464254463        -0.2760455584
  1631         0.0000000000         0.0400048555        -0.2712054206
  1632         0.0000000000         0.0351929126        -0.2733969028
  1633         0.0000000000        -0.0130818778         0.3086002438
  1634         0.0000000000        -0.0160870165         0.3038463261
  1635         0.0000000000        -0.0100767391         0.3133541615
  1636         0.0000000000        -0.0143763819         0.3133103713
  1637         0.0000000000        -0.0070716004         0.3181080791
  1638         0.0000000000        -0.0156708860         0.3180204987
  1639         0.0000000000        -0.0186760247         0.3132665811
  1640         0.0000000000        -0.0181919786        -0.4082392125
  1641         0.0000000000        -0.0127064161        -0.4075112312
  1642         0.0000000000        -0.0236775411        -0.4089671938
  1643         0.0000000000        -0.0205835504        -0.4128063630
  1644         0.0000000000        -0.0291631036        -0.4096951751
  1645         0.0000000000        -0.0229751222        -0.4173735135
  1646         0.0000000000        -0.0174895596        -0.4166455322
  1647         0.0000000000         0.0174680159         0.4081234694
  1648         0.0000000000         0.0119835763         0.4073948284
  1649         0.0000000000         0.0229524556         0.4088521103
  1650         0.0000000000         0.0198582738         0.4126913343
  1651         0.0000000000         0.0284368952         0.4095807513
  1652         0.0000000000         0.0222485317         0.4172591992
  1653         0.0000000000         0.0167640921         0.4165305582
  1654         0.0000000000        -0.0100276005         0.3226828034
  1655         0.0000000000        -0.0129836005         0.3272575277
  1656         0.0000000000        -0.0143272433         0.3226390132
  1657         0.0000000000        -0.0159396006         0.3318322520
  1658         0.0000000000        -0.0186268861         0.3225952230
  1659         0.0000000000         0.0373122626        -0.1079730082
  1660         0.0000000000         0.0373122626        -0.1023165725
  1661         0.0000000000         0.0332044363        -0.1051447903
  1662         0.0000000000         0.0414200890        -0.0994883546
  1663         0.0000000000         0.0373122626        -0.0966601368
  1664         0.0000000000         0.0455279154        -0.1023165725
  1665         0.0000000000         0.0455279154        -0.0966601368
  1666         0.0000000000         0.0373122626        -0.0910037011
  1667         0.0000000000         0.0332044363        -0.0938319189
  1668         0.0000000000         0.0065070259         0.2947227798
  1669         0.0000000000         0.0106610887         0.2944646676
  1670         0.0000000000         0.0078676378         0.2990339145
  1671         0.0000000000         0.0134545395         0.2898954207
  1672         0.0000000000         0.0148151514         0.2942065554
  1673         0.0000000000         0.0120939275         0.2855842860
  1674         0.0000000000         0.0162479903         0.2853261738
  1675         0.0000000000         0.0189692142         0.2939484432
  1676         0.0000000000         0.0161757634         0.2985176901
  1677         0.0000000000        -0.0098930462        -0.2762322905
  1678         0.0000000000        -0.0103061776        -0.2708325420
  1679         0.0000000000        -0.0061948776        -0.2673080089
  1680         0.0000000000        -0.0107193090        -0.2654327936
  1681         0.0000000000        -0.0016704462        -0.2691832242
  1682         0.0000000000        -0.0020835777        -0.2637834757
  1683         0.0000000000        -0.0111324404        -0.2600330452
  1684         0.0000000000         0.0092586810        -0.3230480944
  1685         0.0000000000         0.0063145481        -0.3184565770
  1686         0.0000000000         0.0122028140        -0.3276396119
  1687         0.0000000000         0.0135104481        -0.3232292951
  1688         0.0000000000         0.0151469469        -0.3322311293
  1689         0.0000000000         0.0177622152        -0.3234104958
  1690         0.0000000000         0.0148180823        -0.3188189783
  1691         0.0000000000         0.0080703721         0.2863883359
  1692         0.0000000000         0.0108638229         0.2818190890
  1693         0.0000000000         0.0052769213         0.2909575828
  1694         0.0000000000         0.0040468168         0.2871923857
  1695         0.0000000000         0.0024834705         0.2955268297
  1696         0.0000000000         0.0000232614         0.2879964356
  1697         0.0000000000         0.0028167122         0.2834271887
  1698         0.0000000000         0.0291270157        -0.2555977280
  1699         0.0000000000         0.0303638456        -0.2600172173
  1700         0.0000000000         0.0330840704        -0.2555268837
  1701         0.0000000000         0.0276436207        -0.2645075509
  1702         0.0000000000         0.0316006755        -0.2644367067
  1703         0.0000000000         0.0236865660        -0.2645783952
  1704         0.0000000000         0.0249233959        -0.2689978845
  1705         0.0000000000         0.0328375053        -0.2688561960
  1706         0.0000000000         0.0355577302        -0.2643658624
  1707         0.0000000000         0.0070510013         0.3640868792
  1708         0.0000000000         0.0096165579         0.3594849619
  1709         0.0000000000         0.0071058121         0.3552518905
  1710         0.0000000000         0.0121821146         0.3548830446
  1711         0.0000000000         0.0020295096         0.3556207365
  1712         0.0000000000         0.0045950663         0.3510188192
  1713         0.0000000000         0.0147476712         0.3502811273
  1714         0.0000000000        -0.0077689527        -0.3642160596
  1715         0.0000000000        -0.0103334326        -0.3596199050
  1716         0.0000000000        -0.0078227293        -0.3553872229
  1717         0.0000000000        -0.0128979125        -0.3550237504
  1718         0.0000000000        -0.0027475461        -0.3557506954
  1719         0.0000000000        -0.0053120260        -0.3511545409
  1720         0.0000000000        -0.0154623925        -0.3504275959
  1721         0.0000000000         0.0122721824         0.3462406989
  1722         0.0000000000         0.0071958799         0.3466095448
  1723         0.0000000000         0.0097966936         0.3422002705
  1724         0.0000000000        -0.0129849452        -0.3463812823
  1725         0.0000000000        -0.0079097620        -0.3467447548
  1726         0.0000000000        -0.0105074980        -0.3423349688
  1727         0.0000000000         0.0220756605        -0.2608999251
  1728         0.0000000000         0.0193554357        -0.2653902587
  1729         0.0000000000         0.0247958854        -0.2564095915
  1730         0.0000000000         0.0204647551        -0.2572214550
  1731         0.0000000000         0.0275161103        -0.2519192579
  1732         0.0000000000         0.0188538496        -0.2535429849
  1733         0.0000000000         0.0161336247        -0.2580333185
  1734         0.0000000000        -0.0107684970        -0.3202889622
  1735         0.0000000000        -0.0124251731        -0.3154444453
  1736         0.0000000000        -0.0091118210        -0.3251334791
  1737         0.0000000000        -0.0059391790        -0.3212326059
  1738         0.0000000000        -0.0027665370        -0.3173317326
  1739         0.0000000000         0.0097892611         0.3202987434
  1740         0.0000000000         0.0113096295         0.3155226685
  1741         0.0000000000         0.0082688928         0.3250748183
  1742         0.0000000000         0.0050953988         0.3211751437
  1743         0.0000000000         0.0019219048         0.3172754691
  1744         0.0000000000         0.0165357206        -0.3649197366
  1745         0.0000000000         0.0115468488        -0.3649167986
  1746         0.0000000000         0.0215245924        -0.3649226746
  1747         0.0000000000         0.0184592136        -0.3613756781
  1748         0.0000000000         0.0265134642        -0.3649256126
  1749         0.0000000000         0.0203827065        -0.3578316197
  1750         0.0000000000         0.0153938347        -0.3578286817
  1751         0.0000000000        -0.0172620648         0.3647927249
  1752         0.0000000000        -0.0122717734         0.3647867344
  1753         0.0000000000        -0.0222523561         0.3647987153
  1754         0.0000000000        -0.0191879123         0.3612505798
  1755         0.0000000000        -0.0272426474         0.3648047058
  1756         0.0000000000        -0.0211137599         0.3577084348
  1757         0.0000000000        -0.0161234686         0.3577024443
  1758         0.0000000000         0.0210653855        -0.1023165725
  1759         0.0000000000         0.0251117358        -0.0994883546
  1760         0.0000000000         0.0210653855        -0.0966601368
  1761         0.0000000000         0.0291580860        -0.1023165725
  1762         0.0000000000         0.0291580860        -0.0966601368
  1763         0.0000000000         0.0291580860        -0.1079730082
  1764         0.0000000000         0.0291580860        -0.0910037011
  1765         0.0000000000         0.0312092811        -0.3842611795
  1766         0.0000000000         0.0273302740        -0.3828236763
  1767         0.0000000000         0.0267867946        -0.3775608194
  1768         0.0000000000         0.0234512669        -0.3813861730
  1769         0.0000000000         0.0301223224        -0.3737354659
  1770         0.0000000000        -0.0319377345         0.3841436359
  1771         0.0000000000        -0.0280586215         0.3827029477
  1772         0.0000000000        -0.0275150737         0.3774393495
  1773         0.0000000000        -0.0241795085         0.3812622596
  1774         0.0000000000        -0.0308506390         0.3736164395
  1775         0.0000000000        -0.0092291174        -0.3116513486
  1776         0.0000000000        -0.0140584354        -0.3107077049
  1777         0.0000000000        -0.0043997994        -0.3125949922
  1778         0.0000000000        -0.0060330617        -0.3078582518
  1779         0.0000000000         0.0004295187        -0.3135386359
  1780         0.0000000000        -0.0028370060        -0.3040651551
  1781         0.0000000000        -0.0076663240        -0.3031215114
  1782         0.0000000000         0.0082371503         0.3116841081
  1783         0.0000000000         0.0129310126         0.3108077078
  1784         0.0000000000         0.0035432879         0.3125605084
  1785         0.0000000000         0.0051646711         0.3078455478
  1786         0.0000000000         0.0067860542         0.3031305871
  1787         0.0000000000         0.0286129541         0.2515224381
  1788         0.0000000000         0.0245825291         0.2490535262
  1789         0.0000000000         0.0287927338         0.2462823787
  1790         0.0000000000         0.0203723245         0.2518246736
  1791         0.0000000000         0.0205521041         0.2465846143
  1792         0.0000000000         0.0201925448         0.2570647330
  1793         0.0000000000         0.0161621198         0.2545958211
  1794         0.0000000000         0.0165216791         0.2441157024
  1795         0.0000000000         0.0207318838         0.2413445549
  1796         0.0000000000        -0.0277432531        -0.3819161074
  1797         0.0000000000        -0.0308570538        -0.3773602458
  1798         0.0000000000        -0.0319522211        -0.3821453960
  1799         0.0000000000        -0.0339708546        -0.3728043842
  1800         0.0000000000        -0.0361611892        -0.3823746847
  1801         0.0000000000         0.0270197416         0.3817985673
  1802         0.0000000000         0.0301324373         0.3772440136
  1803         0.0000000000         0.0312275184         0.3820291001
  1804         0.0000000000         0.0332451329         0.3726894599
  1805         0.0000000000         0.0354352952         0.3822596330
  1806         0.0000000000        -0.0148827029        -0.3064966810
  1807         0.0000000000        -0.0180787586        -0.3102897778
  1808         0.0000000000        -0.0116866472        -0.3027035843
  1809         0.0000000000        -0.0157069704        -0.3022856571
  1810         0.0000000000        -0.0084905915        -0.2989104875
  1811         0.0000000000        -0.0165312379        -0.2980746333
  1812         0.0000000000        -0.0197272936        -0.3018677300
  1813         0.0000000000         0.0047389942        -0.4204609000
  1814         0.0000000000         0.0079881858        -0.4157273363
  1815         0.0000000000         0.0030580476        -0.4156111960
  1816         0.0000000000         0.0129183241        -0.4158434766
  1817         0.0000000000         0.0112373775        -0.4109937726
  1818         0.0000000000         0.0145992707        -0.4206931805
  1819         0.0000000000         0.0095564309        -0.4061440687
  1820         0.0000000000         0.0005271225        -0.4112610263
  1821         0.0000000000        -0.0027220691        -0.4159945900
  1822         0.0000000000         0.0037763142        -0.4065274626
  1823         0.0000000000        -0.0020038025        -0.4069108565
  1824         0.0000000000         0.0070255058        -0.4017938989
  1825         0.0000000000        -0.0045347276        -0.4025606868
  1826         0.0000000000        -0.0077839192        -0.4072942504
  1827         0.0000000000        -0.0054670049         0.4203463258
  1828         0.0000000000        -0.0087160136         0.4156117391
  1829         0.0000000000        -0.0037854602         0.4154954301
  1830         0.0000000000        -0.0136465669         0.4157280481
  1831         0.0000000000        -0.0119650222         0.4108771524
  1832         0.0000000000        -0.0153281116         0.4205789438
  1833         0.0000000000        -0.0102834775         0.4060262567
  1834         0.0000000000        -0.0012530177         0.4111446668
  1835         0.0000000000         0.0019959909         0.4158792535
  1836         0.0000000000        -0.0045020264         0.4064100801
  1837         0.0000000000         0.0012794248         0.4067939035
  1838         0.0000000000        -0.0077510350         0.4016754934
  1839         0.0000000000         0.0038118673         0.4024431402
  1840         0.0000000000         0.0070608759         0.4071777268
  1841         0.0000000000        -0.0020391474        -0.3982483790
  1842         0.0000000000        -0.0078192641        -0.3986317729
  1843         0.0000000000         0.0037409693        -0.3978649850
  1844         0.0000000000         0.0004564328        -0.3939360712
  1845         0.0000000000         0.0095210860        -0.3974815911
  1846         0.0000000000         0.0029520130        -0.3896237634
  1847         0.0000000000        -0.0028281037        -0.3900071573
  1848         0.0000000000         0.0013156478         0.3981286809
  1849         0.0000000000         0.0070970989         0.3985125042
  1850         0.0000000000        -0.0044658033         0.3977448575
  1851         0.0000000000        -0.0011805717         0.3938142216
  1852         0.0000000000        -0.0102472545         0.3973610341
  1853         0.0000000000        -0.0036767912         0.3894997623
  1854         0.0000000000         0.0021046600         0.3898835857
  1855         0.0000000000         0.0022655774        -0.4246477039
  1856         0.0000000000         0.0071957156        -0.4247638442
  1857         0.0000000000         0.0096524371        -0.4290667884
  1858         0.0000000000         0.0121258539        -0.4248799844
  1859         0.0000000000         0.0071790203        -0.4332535923
  1860         0.0000000000         0.0121091585        -0.4333697325
  1861         0.0000000000         0.0170559922        -0.4249961247
  1862         0.0000000000         0.0096235866         0.3943364104
  1863         0.0000000000         0.0071273671         0.3900219511
  1864         0.0000000000         0.0121500743         0.3901603166
  1865         0.0000000000         0.0046311477         0.3857074918
  1866         0.0000000000         0.0146765620         0.3859842227
  1867         0.0000000000        -0.0029934033         0.4245333785
  1868         0.0000000000        -0.0079239566         0.4246496875
  1869         0.0000000000        -0.0103809083         0.4289530492
  1870         0.0000000000        -0.0128545099         0.4247659965
  1871         0.0000000000        -0.0079073066         0.4331401019
  1872         0.0000000000        -0.0128378599         0.4332564109
  1873         0.0000000000        -0.0177850633         0.4248823054
  1874         0.0000000000         0.0121421815         0.3815335633
  1875         0.0000000000         0.0071194743         0.3813951979
  1876         0.0000000000         0.0096078010         0.3770829039
  1877         0.0000000000         0.0020967672         0.3812568324
  1878         0.0000000000         0.0070734204         0.3726322445
  1879         0.0000000000        -0.0028209797        -0.4332535923
  1880         0.0000000000        -0.0078209797        -0.4332535923
  1881         0.0000000000         0.0021790203        -0.4332535923
  1882         0.0000000000        -0.0002777012        -0.4289506481
  1883         0.0000000000        -0.0027344226        -0.4246477039
  1884         0.0000000000        -0.0103456741        -0.3944564228
  1885         0.0000000000        -0.0078500939        -0.3901441150
  1886         0.0000000000        -0.0128720841        -0.3902810727
  1887         0.0000000000        -0.0053545137        -0.3858318072
  1888         0.0000000000        -0.0153984941        -0.3861057226
  1889         0.0000000000         0.0020926934         0.4331401019
  1890         0.0000000000         0.0070926934         0.4331401019
  1891         0.0000000000        -0.0029073066         0.4331401019
  1892         0.0000000000        -0.0004503549         0.4288367402
  1893         0.0000000000         0.0020065967         0.4245333785
  1894         0.0000000000        -0.0128632871        -0.3816572379
  1895         0.0000000000        -0.0078412969        -0.3815202802
  1896         0.0000000000        -0.0103280800        -0.3772087533
  1897         0.0000000000        -0.0028193067        -0.3813833225
  1898         0.0000000000        -0.0077928729        -0.3727602686
  1899         0.0000000000         0.0171091585        -0.4333697325
  1900         0.0000000000         0.0221091585        -0.4333697325
  1901         0.0000000000         0.0195825754        -0.4291829286
  1902         0.0000000000         0.0271091585        -0.4333697325
  1903         0.0000000000         0.0220559922        -0.4249961247
  1904         0.0000000000        -0.0148944342        -0.2935996626
  1905         0.0000000000        -0.0108741110        -0.2940175898
  1906         0.0000000000        -0.0132576305        -0.2891246920
  1907         0.0000000000        -0.0068537878        -0.2944355169
  1908         0.0000000000        -0.0116208267        -0.2846497214
  1909         0.0000000000         0.0045848289         0.3683221828
  1910         0.0000000000         0.0020740830         0.3640891114
  1911         0.0000000000        -0.0029028352         0.3640913437
  1912         0.0000000000        -0.0004366628         0.3598560401
  1913         0.0000000000        -0.0053690076         0.3683266473
  1914         0.0000000000        -0.0078797535         0.3640935759
  1915         0.0000000000        -0.0029474086         0.3556229687
  1916         0.0000000000        -0.0178378599         0.4332564109
  1917         0.0000000000        -0.0228378599         0.4332564109
  1918         0.0000000000        -0.0203114616         0.4290693581
  1919         0.0000000000        -0.0278378599         0.4332564109
  1920         0.0000000000        -0.0227850633         0.4248823054
  1921         0.0000000000         0.0020965022         0.3726344768
  1922         0.0000000000        -0.0003918244         0.3769467707
  1923         0.0000000000        -0.0028804160         0.3726367090
  1924         0.0000000000        -0.0028801511         0.3812590646
  1925         0.0000000000        -0.0078573343         0.3726389412
  1926         0.0000000000        -0.0028171199        -0.3727632975
  1927         0.0000000000        -0.0053039031        -0.3684517705
  1928         0.0000000000        -0.0003303368        -0.3770748244
  1929         0.0000000000         0.0021586330        -0.3727663263
  1930         0.0000000000         0.0021564463        -0.3813863514
  1931         0.0000000000         0.0071343860        -0.3727693552
  1932         0.0000000000         0.0046476029        -0.3684578282
  1933         0.0000000000        -0.0027931997        -0.3642190884
  1934         0.0000000000         0.0021825532        -0.3642221173
  1935         0.0000000000        -0.0002824964        -0.3599864064
  1936         0.0000000000         0.0071583062        -0.3642251461
  1937         0.0000000000         0.0022282069        -0.3557537243
  1938         0.0000000000        -0.0059939469        -0.2858159527
  1939         0.0000000000        -0.0083774664        -0.2809230550
  1940         0.0000000000        -0.0036104274        -0.2907088505
  1941         0.0000000000        -0.0003670671        -0.2869821841
  1942         0.0000000000        -0.0012269080        -0.2956017482
  1943         0.0000000000         0.0052598127        -0.2881484154
  1944         0.0000000000         0.0028762933        -0.2832555177
  1945         0.0000000000        -0.0042661664        -0.2773985218
  1946         0.0000000000         0.0013607134        -0.2785647532
  1947         0.0000000000        -0.0001548664        -0.2738739887
  1948         0.0000000000         0.0069875933        -0.2797309845
  1949         0.0000000000         0.0039564336        -0.2703494555
  1950         0.0000000000         0.0085878054        -0.2712019650
  1951         0.0000000000         0.0070722256        -0.2665112005
  1952         0.0000000000         0.0101033853        -0.2758927295
  1953         0.0000000000         0.0132191773        -0.2720544744
  1954         0.0000000000         0.0116189651        -0.2805834940
  1955         0.0000000000         0.0178505491        -0.2729069839
  1956         0.0000000000         0.0163349693        -0.2682162194
  1957         0.0000000000         0.0202059564        -0.2774476907
  1958         0.0000000000         0.0233217484        -0.2736094357
  1959         0.0000000000         0.0170901644        -0.2812859458
  1960         0.0000000000         0.0225613636        -0.2819883976
  1961         0.0000000000         0.0139743724        -0.2851242008
  1962         0.0000000000         0.0249167709        -0.2865291045
  1963         0.0000000000         0.0280325629        -0.2826908494
  1964         0.0000000000        -0.0288366382         0.2311224408
  1965         0.0000000000        -0.0288366382         0.2360940317
  1966         0.0000000000        -0.0331421622         0.2336082363
  1967         0.0000000000        -0.0245311141         0.2385798272
  1968         0.0000000000        -0.0288366382         0.2410656226
  1969         0.0000000000        -0.0202255901         0.2360940317
  1970         0.0000000000        -0.0202255901         0.2410656226
  1971         0.0000000000        -0.0288366382         0.2460372136
  1972         0.0000000000        -0.0331421622         0.2435514181
  1973         0.0000000000        -0.0288366382         0.2261508499
  1974         0.0000000000        -0.0245311141         0.2286366454
  1975         0.0000000000        -0.0202255901         0.2261508499
  1976         0.0000000000        -0.0202255901         0.2311224408
  1977         0.0000000000        -0.0202255901         0.2211792590
  1978         0.0000000000        -0.0159200661         0.2236650545
  1979         0.0000000000        -0.0159200661         0.2336082363
  1980         0.0000000000        -0.0245311141         0.2186934636
  1981         0.0000000000        -0.0202255901         0.2162076681
  1982         0.0000000000        -0.0288366382         0.2211792590
  1983         0.0000000000        -0.0288366382         0.2162076681
  1984         0.0000000000        -0.0331421622         0.2236650545
  1985         0.0000000000        -0.0331421622         0.2137218726
  1986         0.0000000000        -0.0288366382         0.2112360772
  1987         0.0000000000        -0.0159200661         0.2037786908
  1988         0.0000000000        -0.0202255901         0.2062644863
  1989         0.0000000000        -0.0202255901         0.2012928954
  1990         0.0000000000        -0.0202255901         0.2112360772
  1991         0.0000000000        -0.0245311141         0.2087502817
  1992         0.0000000000        -0.0159200661         0.2137218726
  1993         0.0000000000        -0.0288366382         0.2062644863
  1994         0.0000000000        -0.0288366382         0.1913497136
  1995         0.0000000000        -0.0288366382         0.1963213045
  1996         0.0000000000        -0.0331421622         0.1938355090
  1997         0.0000000000        -0.0245311141         0.1988070999
  1998         0.0000000000        -0.0288366382         0.2012928954
  1999         0.0000000000        -0.0202255901         0.1963213045
  2000         0.0000000000        -0.0331421622         0.2037786908
  2001         0.0000000000        -0.0288366382         0.1863781226
  2002         0.0000000000        -0.0245311141         0.1888639181
  2003         0.0000000000        -0.0202255901         0.1863781226
  2004         0.0000000000        -0.0202255901         0.1913497136
  2005         0.0000000000        -0.0202255901         0.1814065317
  2006         0.0000000000        -0.0159200661         0.1838923272
  2007         0.0000000000        -0.0159200661         0.1938355090
  2008         0.0000000000        -0.0245311141         0.1789207363
  2009         0.0000000000        -0.0202255901         0.1764349408
  2010         0.0000000000        -0.0288366382         0.1814065317
  2011         0.0000000000        -0.0288366382         0.1764349408
  2012         0.0000000000        -0.0331421622         0.1838923272
  2013         0.0000000000        -0.0331421622         0.1739491454
  2014         0.0000000000        -0.0288366382         0.1714633499
  2015         0.0000000000        -0.0159200661         0.1640059636
  2016         0.0000000000        -0.0202255901         0.1664917590
  2017         0.0000000000        -0.0202255901         0.1615201681
  2018         0.0000000000        -0.0202255901         0.1714633499
  2019         0.0000000000        -0.0245311141         0.1689775545
  2020         0.0000000000        -0.0159200661         0.1739491454
  2021         0.0000000000        -0.0288366382         0.1664917590
  2022         0.0000000000        -0.0288366382         0.1515769863
  2023         0.0000000000        -0.0288366382         0.1565485772
  2024         0.0000000000        -0.0331421622         0.1540627817
  2025         0.0000000000        -0.0245311141         0.1590343726
  2026         0.0000000000        -0.0288366382         0.1615201681
  2027         0.0000000000        -0.0202255901         0.1565485772
  2028         0.0000000000        -0.0331421622         0.1640059636
  2029         0.0000000000        -0.0288366382         0.1466053954
  2030         0.0000000000        -0.0245311141         0.1490911908
  2031         0.0000000000        -0.0202255901         0.1466053954
  2032         0.0000000000        -0.0202255901         0.1515769863
  2033         0.0000000000        -0.0202255901         0.1416338045
  2034         0.0000000000        -0.0159200661         0.1441195999
  2035         0.0000000000        -0.0159200661         0.1540627817
  2036         0.0000000000         0.0013020300        -0.0448008546
  2037         0.0000000000        -0.0030034940        -0.0423150592
  2038         0.0000000000        -0.0030034940        -0.0472866501
  2039         0.0000000000        -0.0030034940        -0.0373434683
  2040         0.0000000000        -0.0073090180        -0.0398292637
  2041         0.0000000000         0.0013020300        -0.0348576728
  2042         0.0000000000        -0.0030034940        -0.0323718774
  2043         0.0000000000        -0.0116145421        -0.0373434683
  2044         0.0000000000        -0.0116145421        -0.0423150592
  2045         0.0000000000        -0.0245311141         0.1391480090
  2046         0.0000000000        -0.0202255901         0.1366622136
  2047         0.0000000000        -0.0288366382         0.1416338045
  2048         0.0000000000        -0.0288366382         0.1366622136
  2049         0.0000000000        -0.0331421622         0.1441195999
  2050         0.0000000000        -0.0331421622         0.1341764181
  2051         0.0000000000        -0.0288366382         0.1316906226
  2052         0.0000000000        -0.0159200661         0.1242332363
  2053         0.0000000000        -0.0202255901         0.1267190317
  2054         0.0000000000        -0.0202255901         0.1217474408
  2055         0.0000000000        -0.0202255901         0.1316906226
  2056         0.0000000000        -0.0245311141         0.1292048272
  2057         0.0000000000        -0.0159200661         0.1341764181
  2058         0.0000000000        -0.0288366382         0.1267190317
  2059         0.0000000000        -0.0288442661        -0.2262639228
  2060         0.0000000000        -0.0288442661        -0.2212923319
  2061         0.0000000000        -0.0331421622        -0.2237781274
  2062         0.0000000000        -0.0245463700        -0.2188065364
  2063         0.0000000000        -0.0288442661        -0.2163207410
  2064         0.0000000000        -0.0202484740        -0.2212923319
  2065         0.0000000000        -0.0202484740        -0.2163207410
  2066         0.0000000000        -0.0288442661        -0.2113491501
  2067         0.0000000000        -0.0331421622        -0.2138349455
  2068         0.0000000000        -0.0288366382         0.1118042590
  2069         0.0000000000        -0.0288366382         0.1167758499
  2070         0.0000000000        -0.0331421622         0.1142900545
  2071         0.0000000000        -0.0245311141         0.1192616454
  2072         0.0000000000        -0.0288366382         0.1217474408
  2073         0.0000000000        -0.0202255901         0.1167758499
  2074         0.0000000000        -0.0331421622         0.1242332363
  2075         0.0000000000        -0.0288366382         0.1068326681
  2076         0.0000000000        -0.0245311141         0.1093184636
  2077         0.0000000000        -0.0202255901         0.1068326681
  2078         0.0000000000        -0.0202255901         0.1118042590
  2079         0.0000000000        -0.0202255901         0.1018610772
  2080         0.0000000000        -0.0159200661         0.1043468726
  2081         0.0000000000        -0.0159200661         0.1142900545
  2082         0.0000000000        -0.0159505862        -0.2138349455
  2083         0.0000000000        -0.0202484822        -0.2113491501
  2084         0.0000000000        -0.0202484905        -0.2063775592
  2085         0.0000000000        -0.0245463783        -0.2088633546
  2086         0.0000000000        -0.0159506027        -0.2038917637
  2087         0.0000000000        -0.0202484988        -0.2014059683
  2088         0.0000000000        -0.0288442744        -0.2063775592
  2089         0.0000000000        -0.0202484988        -0.1964343774
  2090         0.0000000000        -0.0245463866        -0.1989201728
  2091         0.0000000000        -0.0288442744        -0.1964343774
  2092         0.0000000000        -0.0288442744        -0.2014059683
  2093         0.0000000000        -0.0288442744        -0.1914627864
  2094         0.0000000000        -0.0331421622        -0.1939485819
  2095         0.0000000000        -0.0331421622        -0.2038917637
  2096         0.0000000000        -0.0245311141         0.0993752817
  2097         0.0000000000        -0.0202255901         0.0968894863
  2098         0.0000000000        -0.0288366382         0.1018610772
  2099         0.0000000000        -0.0288366382         0.0968894863
  2100         0.0000000000        -0.0331421622         0.1043468726
  2101         0.0000000000        -0.0331421622         0.0944036908
  2102         0.0000000000        -0.0288366382         0.0919178954
  2103         0.0000000000        -0.0159200661         0.0844605090
  2104         0.0000000000        -0.0202255901         0.0869463045
  2105         0.0000000000        -0.0202255901         0.0819747136
  2106         0.0000000000        -0.0202255901         0.0919178954
  2107         0.0000000000        -0.0245311141         0.0894320999
  2108         0.0000000000        -0.0159200661         0.0944036908
  2109         0.0000000000        -0.0288366382         0.0869463045
  2110         0.0000000000        -0.0202486395        -0.1815196046
  2111         0.0000000000        -0.0202485926        -0.1864911955
  2112         0.0000000000        -0.0159507517        -0.1840054001
  2113         0.0000000000        -0.0245464335        -0.1889769910
  2114         0.0000000000        -0.0202485457        -0.1914627864
  2115         0.0000000000        -0.0288443213        -0.1864911955
  2116         0.0000000000        -0.0159506579        -0.1939485819
  2117         0.0000000000        -0.0288443213        -0.1815196046
  2118         0.0000000000        -0.0331421622        -0.1840054001
  2119         0.0000000000        -0.0245464804        -0.1790338092
  2120         0.0000000000        -0.0288443213        -0.1765480137
  2121         0.0000000000        -0.0202486395        -0.1765480137
  2122         0.0000000000        -0.0288443213        -0.1715764228
  2123         0.0000000000        -0.0331421622        -0.1740622183
  2124         0.0000000000        -0.0288366382         0.0720315317
  2125         0.0000000000        -0.0288366382         0.0770031226
  2126         0.0000000000        -0.0331421622         0.0745173272
  2127         0.0000000000        -0.0245311141         0.0794889181
  2128         0.0000000000        -0.0288366382         0.0819747136
  2129         0.0000000000        -0.0202255901         0.0770031226
  2130         0.0000000000        -0.0331421622         0.0844605090
  2131         0.0000000000        -0.0288366382         0.0670599408
  2132         0.0000000000        -0.0245311141         0.0695457363
  2133         0.0000000000        -0.0202255901         0.0670599408
  2134         0.0000000000        -0.0202255901         0.0720315317
  2135         0.0000000000        -0.0202255901         0.0620883499
  2136         0.0000000000        -0.0159200661         0.0645741454
  2137         0.0000000000        -0.0159200661         0.0745173272
  2138         0.0000000000        -0.0159510618        -0.1740622183
  2139         0.0000000000        -0.0202489027        -0.1715764228
  2140         0.0000000000        -0.0202491660        -0.1666048319
  2141         0.0000000000        -0.0245467436        -0.1690906274
  2142         0.0000000000        -0.0159515883        -0.1641190364
  2143         0.0000000000        -0.0202494292        -0.1616332410
  2144         0.0000000000        -0.0288445845        -0.1666048319
  2145         0.0000000000        -0.0202494292        -0.1566616501
  2146         0.0000000000        -0.0245470069        -0.1591474455
  2147         0.0000000000        -0.0288445845        -0.1566616501
  2148         0.0000000000        -0.0288445845        -0.1616332410
  2149         0.0000000000        -0.0288445845        -0.1516900592
  2150         0.0000000000        -0.0331421622        -0.1541758546
  2151         0.0000000000        -0.0331421622        -0.1641190364
  2152         0.0000000000        -0.0202537026        -0.1417468774
  2153         0.0000000000        -0.0202522781        -0.1467184683
  2154         0.0000000000        -0.0159561249        -0.1442326728
  2155         0.0000000000        -0.0245484313        -0.1492042637
  2156         0.0000000000        -0.0202508537        -0.1516900592
  2157         0.0000000000        -0.0288460090        -0.1467184683
  2158         0.0000000000        -0.0159532760        -0.1541758546
  2159         0.0000000000        -0.0030034940        -0.0274002864
  2160         0.0000000000        -0.0073090180        -0.0298860819
  2161         0.0000000000        -0.0116145421        -0.0274002864
  2162         0.0000000000        -0.0116145421        -0.0323718774
  2163         0.0000000000        -0.0116145421        -0.0224286955
  2164         0.0000000000        -0.0159200661        -0.0249144910
  2165         0.0000000000        -0.0159200661        -0.0348576728
  2166         0.0000000000        -0.0288490019        -0.1417468774
  2167         0.0000000000        -0.0331451551        -0.1442326728
  2168         0.0000000000        -0.0245528487        -0.1392610819
  2169         0.0000000000        -0.0288519949        -0.1367752864
  2170         0.0000000000        -0.0202566955        -0.1367752864
  2171         0.0000000000        -0.0288549878        -0.1318036955
  2172         0.0000000000        -0.0331511410        -0.1342894910
  2173         0.0000000000        -0.0159639484        -0.1342894910
  2174         0.0000000000        -0.0202630946        -0.1318036955
  2175         0.0000000000        -0.0202694936        -0.1268321046
  2176         0.0000000000        -0.0245622407        -0.1293179001
  2177         0.0000000000        -0.0159767465        -0.1243463092
  2178         0.0000000000        -0.0202758927        -0.1218605137
  2179         0.0000000000        -0.0288613869        -0.1268321046
  2180         0.0000000000        -0.0159200661         0.0446877817
  2181         0.0000000000        -0.0202255901         0.0471735772
  2182         0.0000000000        -0.0202255901         0.0422019863
  2183         0.0000000000        -0.0202255901         0.0521451681
  2184         0.0000000000        -0.0245311141         0.0496593726
  2185         0.0000000000        -0.0159200661         0.0546309636
  2186         0.0000000000        -0.0202255901         0.0571167590
  2187         0.0000000000        -0.0288366382         0.0521451681
  2188         0.0000000000        -0.0288366382         0.0471735772
  2189         0.0000000000        -0.0202728997        -0.1168889228
  2190         0.0000000000        -0.0245656468        -0.1193747183
  2191         0.0000000000        -0.0288554010        -0.1168889228
  2192         0.0000000000        -0.0288583939        -0.1218605137
  2193         0.0000000000        -0.0288524080        -0.1119173319
  2194         0.0000000000        -0.0331451551        -0.1144031274
  2195         0.0000000000        -0.0331511410        -0.1243463092
  2196         0.0000000000        -0.0245311141         0.0596025545
  2197         0.0000000000        -0.0288366382         0.0620883499
  2198         0.0000000000        -0.0288366382         0.0571167590
  2199         0.0000000000        -0.0331421622         0.0645741454
  2200         0.0000000000        -0.0331421622         0.0546309636
  2201         0.0000000000        -0.0202603482        -0.1019741501
  2202         0.0000000000        -0.0202645320        -0.1069457410
  2203         0.0000000000        -0.0159705940        -0.1044599455
  2204         0.0000000000        -0.0245584700        -0.1094315364
  2205         0.0000000000        -0.0202687159        -0.1119173319
  2206         0.0000000000        -0.0288482242        -0.1069457410
  2207         0.0000000000        -0.0159789617        -0.1144031274
  2208         0.0000000000        -0.0331421622        -0.0149713092
  2209         0.0000000000        -0.0288366382        -0.0174571046
  2210         0.0000000000        -0.0288366382        -0.0124855137
  2211         0.0000000000        -0.0288366382        -0.0224286955
  2212         0.0000000000        -0.0245311141        -0.0199429001
  2213         0.0000000000        -0.0331421622        -0.0249144910
  2214         0.0000000000        -0.0288366382        -0.0274002864
  2215         0.0000000000        -0.0202255901        -0.0224286955
  2216         0.0000000000        -0.0202255901        -0.0174571046
  2217         0.0000000000        -0.0202255901        -0.0274002864
  2218         0.0000000000        -0.0245311141        -0.0298860819
  2219         0.0000000000        -0.0202255901        -0.0323718774
  2220         0.0000000000        -0.0288366382        -0.0323718774
  2221         0.0000000000        -0.0202255901        -0.0373434683
  2222         0.0000000000        -0.0288366382         0.0272872136
  2223         0.0000000000        -0.0245311141         0.0297730090
  2224         0.0000000000        -0.0288366382         0.0322588045
  2225         0.0000000000        -0.0202255901         0.0272872136
  2226         0.0000000000        -0.0202255901         0.0322588045
  2227         0.0000000000        -0.0202255901         0.0223156226
  2228         0.0000000000        -0.0159200661         0.0248014181
  2229         0.0000000000        -0.0159200661         0.0347445999
  2230         0.0000000000        -0.0202255901         0.0372303954
  2231         0.0000000000        -0.0374476862        -0.0124855137
  2232         0.0000000000        -0.0374476862        -0.0174571046
  2233         0.0000000000        -0.0417532102        -0.0199429001
  2234         0.0000000000        -0.0374476862        -0.0224286955
  2235         0.0000000000        -0.0460587343        -0.0174571046
  2236         0.0000000000        -0.0460587343        -0.0224286955
  2237         0.0000000000        -0.0374476862        -0.0274002864
  2238         0.0000000000        -0.0460606653        -0.0870593774
  2239         0.0000000000        -0.0460606653        -0.0820877864
  2240         0.0000000000        -0.0460606653        -0.0920309683
  2241         0.0000000000        -0.0417570722        -0.0895451728
  2242         0.0000000000        -0.0460606653        -0.0970025592
  2243         0.0000000000        -0.0374534792        -0.0920309683
  2244         0.0000000000        -0.0374534792        -0.0870593774
  2245         0.0000000000        -0.0288366382         0.0372303954
  2246         0.0000000000        -0.0331421622         0.0347445999
  2247         0.0000000000        -0.0245311141         0.0397161908
  2248         0.0000000000        -0.0288366382         0.0422019863
  2249         0.0000000000        -0.0331421622         0.0446877817
  2250         0.0000000000        -0.0374476862        -0.0721446046
  2251         0.0000000000        -0.0374496172        -0.0771161955
  2252         0.0000000000        -0.0331440932        -0.0746304001
  2253         0.0000000000        -0.0417551412        -0.0796019910
  2254         0.0000000000        -0.0374515482        -0.0820877864
  2255         0.0000000000        -0.0460587343        -0.0771161955
  2256         0.0000000000        -0.0331479552        -0.0845735819
  2257         0.0000000000        -0.0245311141         0.0198298272
  2258         0.0000000000        -0.0202255901         0.0173440317
  2259         0.0000000000        -0.0288366382         0.0223156226
  2260         0.0000000000        -0.0288366382         0.0173440317
  2261         0.0000000000        -0.0331421622         0.0248014181
  2262         0.0000000000        -0.0331421622         0.0148582363
  2263         0.0000000000        -0.0288366382         0.0123724408
  2264         0.0000000000        -0.0288501552        -0.1019741501
  2265         0.0000000000        -0.0331440932        -0.1044599455
  2266         0.0000000000        -0.0245562172        -0.0994883546
  2267         0.0000000000        -0.0288520862        -0.0970025592
  2268         0.0000000000        -0.0202622792        -0.0970025592
  2269         0.0000000000        -0.0288540172        -0.0920309683
  2270         0.0000000000        -0.0331479552        -0.0945167637
  2271         0.0000000000        -0.0460587343        -0.0075139228
  2272         0.0000000000        -0.0460587343        -0.0025423319
  2273         0.0000000000        -0.0460587343        -0.0124855137
  2274         0.0000000000        -0.0417532102        -0.0099997183
  2275         0.0000000000        -0.0374476862        -0.0075139228
  2276         0.0000000000         0.0453302177         0.0670599408
  2277         0.0000000000         0.0453302177         0.0620883499
  2278         0.0000000000         0.0453302177         0.0720315317
  2279         0.0000000000         0.0410246937         0.0695457363
  2280         0.0000000000         0.0453302177         0.0770031226
  2281         0.0000000000         0.0367191696         0.0720315317
  2282         0.0000000000         0.0367191696         0.0670599408
  2283         0.0000000000         0.0453302177         0.0819747136
  2284         0.0000000000         0.0410246937         0.0794889181
  2285         0.0000000000         0.0367191696         0.0819747136
  2286         0.0000000000         0.0367191696         0.0770031226
  2287         0.0000000000         0.0367191696         0.0869463045
  2288         0.0000000000         0.0324136456         0.0844605090
  2289         0.0000000000         0.0324136456         0.0745173272
  2290         0.0000000000         0.0367191696         0.0123724408
  2291         0.0000000000         0.0367191696         0.0173440317
  2292         0.0000000000         0.0324136456         0.0148582363
  2293         0.0000000000         0.0410246937         0.0198298272
  2294         0.0000000000         0.0367191696         0.0223156226
  2295         0.0000000000         0.0453302177         0.0173440317
  2296         0.0000000000         0.0453302177         0.0223156226
  2297         0.0000000000         0.0367191696         0.0272872136
  2298         0.0000000000         0.0324136456         0.0248014181
  2299         0.0000000000         0.0453302177         0.0471735772
  2300         0.0000000000         0.0453302177         0.0422019863
  2301         0.0000000000         0.0453302177         0.0521451681
  2302         0.0000000000         0.0410246937         0.0496593726
  2303         0.0000000000         0.0453302177         0.0571167590
  2304         0.0000000000         0.0367191696         0.0521451681
  2305         0.0000000000         0.0367191696         0.0471735772
  2306         0.0000000000        -0.0460587343        -0.0472866501
  2307         0.0000000000        -0.0460587343        -0.0423150592
  2308         0.0000000000        -0.0460587343        -0.0522582410
  2309         0.0000000000        -0.0417532102        -0.0497724455
  2310         0.0000000000        -0.0460587343        -0.0572298319
  2311         0.0000000000        -0.0374476862        -0.0522582410
  2312         0.0000000000        -0.0374476862        -0.0472866501
  2313         0.0000000000        -0.0460587343        -0.0671730137
  2314         0.0000000000        -0.0460587343        -0.0622014228
  2315         0.0000000000        -0.0460587343        -0.0721446046
  2316         0.0000000000        -0.0417532102        -0.0696588092
  2317         0.0000000000        -0.0374476862        -0.0671730137
  2318         0.0000000000        -0.0460587343        -0.1019741501
  2319         0.0000000000        -0.0417551412        -0.0994883546
  2320         0.0000000000        -0.0374496172        -0.1019741501
  2321         0.0000000000        -0.0374515482        -0.0970025592
  2322         0.0000000000        -0.0374476862        -0.1069457410
  2323         0.0000000000        -0.0374476862        -0.0572298319
  2324         0.0000000000        -0.0331421622        -0.0547440364
  2325         0.0000000000        -0.0417532102        -0.0597156274
  2326         0.0000000000        -0.0374476862        -0.0622014228
  2327         0.0000000000        -0.0331421622        -0.0646872183
  2328         0.0000000000         0.0367191696         0.0571167590
  2329         0.0000000000         0.0324136456         0.0546309636
  2330         0.0000000000         0.0410246937         0.0596025545
  2331         0.0000000000         0.0367191696         0.0620883499
  2332         0.0000000000         0.0324136456         0.0645741454
  2333         0.0000000000        -0.0417532102        -0.0000565364
  2334         0.0000000000        -0.0460587343         0.0024292590
  2335         0.0000000000        -0.0374476862        -0.0025423319
  2336         0.0000000000        -0.0374476862         0.0024292590
  2337         0.0000000000        -0.0331421622        -0.0050281274
  2338         0.0000000000        -0.0331421622         0.0049150545
  2339         0.0000000000        -0.0374476862         0.0074008499
  2340         0.0000000000        -0.0460587343         0.0123724408
  2341         0.0000000000        -0.0460587343         0.0173440317
  2342         0.0000000000        -0.0460587343         0.0074008499
  2343         0.0000000000        -0.0417532102         0.0098866454
  2344         0.0000000000        -0.0374476862         0.0123724408
  2345         0.0000000000         0.0453302177         0.0074008499
  2346         0.0000000000         0.0453302177         0.0024292590
  2347         0.0000000000         0.0453302177         0.0123724408
  2348         0.0000000000         0.0410246937         0.0098866454
  2349         0.0000000000         0.0367191696         0.0074008499
  2350         0.0000000000        -0.0159200661         0.0049150545
  2351         0.0000000000        -0.0202255901         0.0074008499
  2352         0.0000000000        -0.0202255901         0.0024292590
  2353         0.0000000000        -0.0202255901         0.0123724408
  2354         0.0000000000        -0.0245311141         0.0098866454
  2355         0.0000000000        -0.0159200661         0.0148582363
  2356         0.0000000000        -0.0288366382         0.0074008499
  2357         0.0000000000        -0.0331421622        -0.0348576728
  2358         0.0000000000        -0.0288366382        -0.0373434683
  2359         0.0000000000        -0.0288366382        -0.0423150592
  2360         0.0000000000        -0.0245311141        -0.0398292637
  2361         0.0000000000        -0.0331421622        -0.0448008546
  2362         0.0000000000        -0.0288366382        -0.0472866501
  2363         0.0000000000        -0.0202255901        -0.0423150592
  2364         0.0000000000        -0.0460587343        -0.0274002864
  2365         0.0000000000        -0.0460587343        -0.0323718774
  2366         0.0000000000        -0.0417532102        -0.0298860819
  2367         0.0000000000        -0.0460587343        -0.0373434683
  2368         0.0000000000        -0.0374476862        -0.0323718774
  2369         0.0000000000        -0.0417532102        -0.0398292637
  2370         0.0000000000        -0.0374476862        -0.0423150592
  2371         0.0000000000        -0.0374476862        -0.0373434683
  2372         0.0000000000        -0.0245311141        -0.0099997183
  2373         0.0000000000        -0.0288366382        -0.0075139228
  2374         0.0000000000        -0.0202255901        -0.0124855137
  2375         0.0000000000        -0.0202255901        -0.0075139228
  2376         0.0000000000        -0.0159200661        -0.0149713092
  2377         0.0000000000        -0.0159200661        -0.0050281274
  2378         0.0000000000        -0.0202255901        -0.0025423319
  2379         0.0000000000        -0.0288366382        -0.0025423319
  2380         0.0000000000        -0.0245311141        -0.0000565364
  2381         0.0000000000        -0.0288366382         0.0024292590
  2382         0.0000000000        -0.0116145421        -0.0572298319
  2383         0.0000000000        -0.0116145421        -0.0522582410
  2384         0.0000000000        -0.0159200661        -0.0547440364
  2385         0.0000000000        -0.0073090180        -0.0497724455
  2386         0.0000000000        -0.0116145421        -0.0472866501
  2387         0.0000000000        -0.0030034940        -0.0522582410
  2388         0.0000000000        -0.0159200661        -0.0448008546
  2389         0.0000000000        -0.0374476862         0.0272872136
  2390         0.0000000000        -0.0374476862         0.0223156226
  2391         0.0000000000        -0.0417532102         0.0198298272
  2392         0.0000000000        -0.0374476862         0.0173440317
  2393         0.0000000000        -0.0460587343         0.0223156226
  2394         0.0000000000         0.0453302177        -0.0124855137
  2395         0.0000000000         0.0453302177        -0.0174571046
  2396         0.0000000000         0.0453302177        -0.0075139228
  2397         0.0000000000         0.0410246937        -0.0099997183
  2398         0.0000000000         0.0453302177        -0.0025423319
  2399         0.0000000000         0.0367191696        -0.0075139228
  2400         0.0000000000         0.0367191696        -0.0124855137
  2401         0.0000000000        -0.0288366382        -0.0522582410
  2402         0.0000000000        -0.0245311141        -0.0497724455
  2403         0.0000000000        -0.0202255901        -0.0522582410
  2404         0.0000000000        -0.0202255901        -0.0472866501
  2405         0.0000000000        -0.0202255901        -0.0572298319
  2406         0.0000000000        -0.0202255901        -0.0622014228
  2407         0.0000000000        -0.0202255901        -0.0671730137
  2408         0.0000000000        -0.0159200661        -0.0646872183
  2409         0.0000000000        -0.0245311141        -0.0696588092
  2410         0.0000000000        -0.0202255901        -0.0721446046
  2411         0.0000000000        -0.0288366382        -0.0671730137
  2412         0.0000000000        -0.0288366382        -0.0721446046
  2413         0.0000000000        -0.0202255901        -0.0771161955
  2414         0.0000000000        -0.0159200661        -0.0746304001
  2415         0.0000000000         0.0453302177         0.0272872136
  2416         0.0000000000         0.0453302177         0.0322588045
  2417         0.0000000000         0.0410246937         0.0297730090
  2418         0.0000000000         0.0453302177         0.0372303954
  2419         0.0000000000         0.0367191696         0.0322588045
  2420         0.0000000000        -0.0288366382        -0.0572298319
  2421         0.0000000000        -0.0288366382        -0.0622014228
  2422         0.0000000000        -0.0245311141        -0.0597156274
  2423         0.0000000000         0.0410246937         0.0397161908
  2424         0.0000000000         0.0367191696         0.0422019863
  2425         0.0000000000         0.0367191696         0.0372303954
  2426         0.0000000000         0.0324136456         0.0446877817
  2427         0.0000000000         0.0324136456         0.0347445999
  2428         0.0000000000        -0.0116145421        -0.0671730137
  2429         0.0000000000        -0.0116145421        -0.0622014228
  2430         0.0000000000        -0.0116145421        -0.0721446046
  2431         0.0000000000        -0.0073090180        -0.0696588092
  2432         0.0000000000        -0.0116145421        -0.0771161955
  2433         0.0000000000        -0.0030034940        -0.0721446046
  2434         0.0000000000        -0.0030034940        -0.0671730137
  2435         0.0000000000         0.0367191696        -0.0274002864
  2436         0.0000000000         0.0367191696        -0.0224286955
  2437         0.0000000000         0.0324136456        -0.0249144910
  2438         0.0000000000         0.0410246937        -0.0199429001
  2439         0.0000000000         0.0367191696        -0.0174571046
  2440         0.0000000000         0.0453302177        -0.0224286955
  2441         0.0000000000         0.0324136456        -0.0149713092
  2442         0.0000000000        -0.0116145421         0.0422019863
  2443         0.0000000000        -0.0116145421         0.0471735772
  2444         0.0000000000        -0.0073090180         0.0496593726
  2445         0.0000000000        -0.0116145421         0.0521451681
  2446         0.0000000000        -0.0030034940         0.0471735772
  2447         0.0000000000        -0.0030034940         0.0521451681
  2448         0.0000000000        -0.0116145421         0.0571167590
  2449         0.0000000000        -0.0073090180         0.0596025545
  2450         0.0000000000        -0.0116145421         0.0620883499
  2451         0.0000000000        -0.0030034940         0.0571167590
  2452         0.0000000000        -0.0030034940         0.0620883499
  2453         0.0000000000         0.0013020300         0.0546309636
  2454         0.0000000000         0.0013020300         0.0645741454
  2455         0.0000000000        -0.0030034940         0.0670599408
  2456         0.0000000000        -0.0116145421         0.0670599408
  2457         0.0000000000        -0.0073090180         0.0695457363
  2458         0.0000000000        -0.0116145421         0.0720315317
  2459         0.0000000000        -0.0030034940         0.0720315317
  2460         0.0000000000        -0.0116145421         0.0770031226
  2461         0.0000000000        -0.0030730102        -0.0771161955
  2462         0.0000000000         0.0012325138        -0.0746304001
  2463         0.0000000000        -0.0073785342        -0.0796019910
  2464         0.0000000000        -0.0031425263        -0.0820877864
  2465         0.0000000000        -0.0116840582        -0.0820877864
  2466         0.0000000000        -0.0032120425        -0.0870593774
  2467         0.0000000000         0.0010934815        -0.0845735819
  2468         0.0000000000        -0.0116145421         0.0223156226
  2469         0.0000000000        -0.0116145421         0.0272872136
  2470         0.0000000000        -0.0073090180         0.0297730090
  2471         0.0000000000        -0.0116145421         0.0322588045
  2472         0.0000000000        -0.0030034940         0.0272872136
  2473         0.0000000000        -0.0030034940         0.0322588045
  2474         0.0000000000        -0.0116145421         0.0372303954
  2475         0.0000000000        -0.0073090180         0.0794889181
  2476         0.0000000000        -0.0116145421         0.0819747136
  2477         0.0000000000        -0.0030034940         0.0770031226
  2478         0.0000000000        -0.0030034940         0.0819747136
  2479         0.0000000000         0.0013020300         0.0745173272
  2480         0.0000000000         0.0013020300         0.0844605090
  2481         0.0000000000        -0.0030034940         0.0869463045
  2482         0.0000000000        -0.0073090180         0.0397161908
  2483         0.0000000000        -0.0030034940         0.0372303954
  2484         0.0000000000        -0.0030034940         0.0422019863
  2485         0.0000000000         0.0013020300         0.0347445999
  2486         0.0000000000         0.0013020300         0.0446877817
  2487         0.0000000000        -0.0074596364        -0.0895451728
  2488         0.0000000000        -0.0032236285        -0.0920309683
  2489         0.0000000000        -0.0116956443        -0.0870593774
  2490         0.0000000000        -0.0117072303        -0.0920309683
  2491         0.0000000000        -0.0159316521        -0.0845735819
  2492         0.0000000000        -0.0159548242        -0.0945167637
  2493         0.0000000000        -0.0117188163        -0.0970025592
  2494         0.0000000000        -0.0032371456        -0.0970025592
  2495         0.0000000000         0.0010104483        -0.0945167637
  2496         0.0000000000        -0.0074847395        -0.0994883546
  2497         0.0000000000        -0.0032506626        -0.1019741501
  2498         0.0000000000        -0.0117323333        -0.1019741501
  2499         0.0000000000        -0.0032641796        -0.1069457410
  2500         0.0000000000         0.0009834142        -0.1044599455
  2501         0.0000000000        -0.0116145421         0.0869463045
  2502         0.0000000000        -0.0073090180         0.0894320999
  2503         0.0000000000        -0.0116145421         0.0919178954
  2504         0.0000000000        -0.0030034940         0.0919178954
  2505         0.0000000000        -0.0116145421         0.0968894863
  2506         0.0000000000        -0.0075024403        -0.1094315364
  2507         0.0000000000        -0.0032683635        -0.1119173319
  2508         0.0000000000        -0.0117365172        -0.1069457410
  2509         0.0000000000        -0.0117407010        -0.1119173319
  2510         0.0000000000        -0.0117448849        -0.1168889228
  2511         0.0000000000        -0.0030034940        -0.0124855137
  2512         0.0000000000        -0.0030034940        -0.0174571046
  2513         0.0000000000         0.0013020300        -0.0149713092
  2514         0.0000000000        -0.0073090180        -0.0199429001
  2515         0.0000000000        -0.0030034940        -0.0224286955
  2516         0.0000000000        -0.0116145421        -0.0174571046
  2517         0.0000000000         0.0013020300        -0.0249144910
  2518         0.0000000000        -0.0073090180        -0.0597156274
  2519         0.0000000000        -0.0030034940        -0.0622014228
  2520         0.0000000000        -0.0030034940        -0.0572298319
  2521         0.0000000000         0.0013020300        -0.0646872183
  2522         0.0000000000         0.0013020300        -0.0547440364
  2523         0.0000000000        -0.0116145421         0.0024292590
  2524         0.0000000000        -0.0116145421         0.0074008499
  2525         0.0000000000        -0.0073090180         0.0098866454
  2526         0.0000000000        -0.0116145421         0.0123724408
  2527         0.0000000000        -0.0030034940         0.0074008499
  2528         0.0000000000        -0.0030034940         0.0123724408
  2529         0.0000000000        -0.0116145421         0.0173440317
  2530         0.0000000000        -0.0032257853        -0.1168889228
  2531         0.0000000000         0.0010124754        -0.1144031274
  2532         0.0000000000        -0.0074640460        -0.1193747183
  2533         0.0000000000        -0.0031832071        -0.1218605137
  2534         0.0000000000        -0.0117023067        -0.1218605137
  2535         0.0000000000        -0.0031406290        -0.1268321046
  2536         0.0000000000         0.0010976317        -0.1243463092
  2537         0.0000000000        -0.0245330451        -0.0796019910
  2538         0.0000000000        -0.0202275211        -0.0820877864
  2539         0.0000000000        -0.0288385692        -0.0771161955
  2540         0.0000000000        -0.0288405002        -0.0820877864
  2541         0.0000000000        -0.0288424312        -0.0870593774
  2542         0.0000000000        -0.0073090180         0.0993752817
  2543         0.0000000000        -0.0116145421         0.1018610772
  2544         0.0000000000        -0.0030034940         0.0968894863
  2545         0.0000000000        -0.0030034940         0.1018610772
  2546         0.0000000000         0.0013020300         0.0944036908
  2547         0.0000000000         0.0013020300         0.1043468726
  2548         0.0000000000        -0.0030034940         0.1068326681
  2549         0.0000000000         0.0410246937        -0.0000565364
  2550         0.0000000000         0.0367191696         0.0024292590
  2551         0.0000000000         0.0367191696        -0.0025423319
  2552         0.0000000000         0.0324136456         0.0049150545
  2553         0.0000000000         0.0324136456        -0.0050281274
  2554         0.0000000000         0.0050092158        -0.0970025592
  2555         0.0000000000         0.0050227328        -0.0920309683
  2556         0.0000000000         0.0049956987        -0.1019741501
  2557         0.0000000000         0.0090079833        -0.0994883546
  2558         0.0000000000         0.0049821817        -0.1069457410
  2559         0.0000000000         0.0130067507        -0.1019741501
  2560         0.0000000000         0.0130202678        -0.0970025592
  2561         0.0000000000        -0.0074150688        -0.1293179001
  2562         0.0000000000        -0.0031342299        -0.1318036955
  2563         0.0000000000        -0.0116959076        -0.1268321046
  2564         0.0000000000        -0.0116895086        -0.1318036955
  2565         0.0000000000        -0.0116831095        -0.1367752864
  2566         0.0000000000        -0.0116145421         0.1068326681
  2567         0.0000000000        -0.0073090180         0.1093184636
  2568         0.0000000000        -0.0116145421         0.1118042590
  2569         0.0000000000        -0.0030034940         0.1118042590
  2570         0.0000000000        -0.0116145421         0.1167758499
  2571         0.0000000000        -0.0031320823        -0.1367752864
  2572         0.0000000000         0.0011423575        -0.1342894910
  2573         0.0000000000        -0.0074065221        -0.1392610819
  2574         0.0000000000        -0.0031299346        -0.1417468774
  2575         0.0000000000        -0.0116809619        -0.1417468774
  2576         0.0000000000        -0.0031277870        -0.1467184683
  2577         0.0000000000         0.0011466528        -0.1442326728
  2578         0.0000000000        -0.0374476862        -0.1119173319
  2579         0.0000000000        -0.0374506792        -0.1168889228
  2580         0.0000000000        -0.0417562032        -0.1193747183
  2581         0.0000000000        -0.0374536721        -0.1218605137
  2582         0.0000000000        -0.0460587343        -0.1168889228
  2583         0.0000000000        -0.0460617272        -0.1218605137
  2584         0.0000000000        -0.0374566650        -0.1268321046
  2585         0.0000000000        -0.0459449377        -0.2609833977
  2586         0.0000000000        -0.0416394137        -0.2584976022
  2587         0.0000000000        -0.0460587343        -0.2560934683
  2588         0.0000000000        -0.0372200931        -0.2609017362
  2589         0.0000000000        -0.0373338896        -0.2560118068
  2590         0.0000000000        -0.0371062965        -0.2657916657
  2591         0.0000000000        -0.0328007725        -0.2633058702
  2592         0.0000000000        -0.0330283656        -0.2535260113
  2593         0.0000000000        -0.0374476862        -0.2511218774
  2594         0.0000000000        -0.0073090180         0.1192616454
  2595         0.0000000000        -0.0116145421         0.1217474408
  2596         0.0000000000        -0.0030034940         0.1167758499
  2597         0.0000000000        -0.0030034940         0.1217474408
  2598         0.0000000000         0.0013020300         0.1142900545
  2599         0.0000000000         0.0013020300         0.1242332363
  2600         0.0000000000        -0.0030034940         0.1267190317
  2601         0.0000000000        -0.0460617272        -0.1268321046
  2602         0.0000000000        -0.0460617272        -0.1318036955
  2603         0.0000000000        -0.0417591961        -0.1293179001
  2604         0.0000000000        -0.0460617272        -0.1367752864
  2605         0.0000000000        -0.0374566650        -0.1318036955
  2606         0.0000000000        -0.0460587343        -0.2461502864
  2607         0.0000000000        -0.0460587343        -0.2411786955
  2608         0.0000000000        -0.0460587343        -0.2511218774
  2609         0.0000000000        -0.0417532102        -0.2486360819
  2610         0.0000000000        -0.0374476862        -0.2461502864
  2611         0.0000000000        -0.0460587343        -0.1666048319
  2612         0.0000000000        -0.0460587343        -0.1616332410
  2613         0.0000000000        -0.0460587343        -0.1715764228
  2614         0.0000000000        -0.0417532102        -0.1690906274
  2615         0.0000000000        -0.0460587343        -0.1765480137
  2616         0.0000000000        -0.0374476862        -0.1715764228
  2617         0.0000000000        -0.0374476862        -0.1666048319
  2618         0.0000000000        -0.0074029500        -0.1492042637
  2619         0.0000000000        -0.0031263626        -0.1516900592
  2620         0.0000000000        -0.0116795375        -0.1467184683
  2621         0.0000000000        -0.0116781130        -0.1516900592
  2622         0.0000000000        -0.0116766886        -0.1566616501
  2623         0.0000000000        -0.0460587343        -0.2063775592
  2624         0.0000000000        -0.0460587343        -0.2014059683
  2625         0.0000000000        -0.0460587343        -0.2113491501
  2626         0.0000000000        -0.0417532102        -0.2088633546
  2627         0.0000000000        -0.0460587343        -0.2163207410
  2628         0.0000000000        -0.0374476862        -0.2113491501
  2629         0.0000000000        -0.0374476862        -0.2063775592
  2630         0.0000000000        -0.0116145421         0.1267190317
  2631         0.0000000000        -0.0073090180         0.1292048272
  2632         0.0000000000        -0.0116145421         0.1316906226
  2633         0.0000000000        -0.0030034940         0.1316906226
  2634         0.0000000000        -0.0116145421         0.1366622136
  2635         0.0000000000        -0.0374476862        -0.1516900592
  2636         0.0000000000        -0.0374476862        -0.1566616501
  2637         0.0000000000        -0.0417532102        -0.1591474455
  2638         0.0000000000        -0.0374476862        -0.1616332410
  2639         0.0000000000        -0.0460587343        -0.1566616501
  2640         0.0000000000         0.0453302177         0.2012928954
  2641         0.0000000000         0.0410246937         0.1988070999
  2642         0.0000000000         0.0453302177         0.1963213045
  2643         0.0000000000         0.0367191696         0.2012928954
  2644         0.0000000000         0.0367191696         0.1963213045
  2645         0.0000000000         0.0367191696         0.2062644863
  2646         0.0000000000         0.0324136456         0.2037786908
  2647         0.0000000000         0.0324136456         0.1938355090
  2648         0.0000000000         0.0367191696         0.1913497136
  2649         0.0000000000         0.0453302177         0.1863781226
  2650         0.0000000000         0.0453302177         0.1814065317
  2651         0.0000000000         0.0453302177         0.1913497136
  2652         0.0000000000         0.0410246937         0.1888639181
  2653         0.0000000000         0.0367191696         0.1863781226
  2654         0.0000000000        -0.0073090180         0.0198298272
  2655         0.0000000000        -0.0030034940         0.0173440317
  2656         0.0000000000        -0.0030034940         0.0223156226
  2657         0.0000000000         0.0013020300         0.0148582363
  2658         0.0000000000         0.0013020300         0.0248014181
  2659         0.0000000000         0.0452647262        -0.3159563889
  2660         0.0000000000         0.0411099913        -0.3184702303
  2661         0.0000000000         0.0454810069        -0.3207521960
  2662         0.0000000000         0.0367389758        -0.3161882645
  2663         0.0000000000         0.0369552565        -0.3209840717
  2664         0.0000000000         0.0365226950        -0.3113924573
  2665         0.0000000000         0.0323679602        -0.3139062987
  2666         0.0000000000         0.0328005217        -0.3234979131
  2667         0.0000000000         0.0371715372        -0.3257798789
  2668         0.0000000000        -0.0374476862        -0.1914627864
  2669         0.0000000000        -0.0374476862        -0.1964343774
  2670         0.0000000000        -0.0417532102        -0.1989201728
  2671         0.0000000000        -0.0374476862        -0.2014059683
  2672         0.0000000000        -0.0460587343        -0.1964343774
  2673         0.0000000000        -0.0031258976        -0.1666048319
  2674         0.0000000000        -0.0074009524        -0.1690906274
  2675         0.0000000000        -0.0031256344        -0.1715764228
  2676         0.0000000000        -0.0116762703        -0.1666048319
  2677         0.0000000000        -0.0116760071        -0.1715764228
  2678         0.0000000000        -0.0116765336        -0.1616332410
  2679         0.0000000000        -0.0116757439        -0.1765480137
  2680         0.0000000000        -0.0073090180         0.1391480090
  2681         0.0000000000        -0.0116145421         0.1416338045
  2682         0.0000000000        -0.0030034940         0.1366622136
  2683         0.0000000000        -0.0030034940         0.1416338045
  2684         0.0000000000         0.0013020300         0.1341764181
  2685         0.0000000000         0.0013020300         0.1441195999
  2686         0.0000000000        -0.0030034940         0.1466053954
  2687         0.0000000000         0.0367191696        -0.2063775592
  2688         0.0000000000         0.0367191696        -0.2014059683
  2689         0.0000000000         0.0324136456        -0.2038917637
  2690         0.0000000000         0.0410246937        -0.1989201728
  2691         0.0000000000         0.0367191696        -0.1964343774
  2692         0.0000000000         0.0453302177        -0.2014059683
  2693         0.0000000000         0.0453302177        -0.1964343774
  2694         0.0000000000         0.0367191696        -0.1914627864
  2695         0.0000000000         0.0324136456        -0.1939485819
  2696         0.0000000000         0.0367191696         0.1714633499
  2697         0.0000000000         0.0367191696         0.1764349408
  2698         0.0000000000         0.0324136456         0.1739491454
  2699         0.0000000000         0.0410246937         0.1789207363
  2700         0.0000000000         0.0367191696         0.1814065317
  2701         0.0000000000         0.0453302177         0.1764349408
  2702         0.0000000000         0.0324136456         0.1838923272
  2703         0.0000000000        -0.0031262076        -0.1566616501
  2704         0.0000000000         0.0011489554        -0.1541758546
  2705         0.0000000000        -0.0074013706        -0.1591474455
  2706         0.0000000000        -0.0031260526        -0.1616332410
  2707         0.0000000000         0.0011492654        -0.1641190364
  2708         0.0000000000         0.0450021105         0.3261046283
  2709         0.0000000000         0.0450021105         0.3211330374
  2710         0.0000000000         0.0450021105         0.3310762192
  2711         0.0000000000         0.0403684792         0.3291123840
  2712         0.0000000000         0.0450021105         0.3360478101
  2713         0.0000000000         0.0357348480         0.3321201397
  2714         0.0000000000         0.0357348480         0.3271485488
  2715         0.0000000000        -0.0460587343         0.0919178954
  2716         0.0000000000        -0.0460587343         0.0968894863
  2717         0.0000000000        -0.0460587343         0.0869463045
  2718         0.0000000000        -0.0417532102         0.0894320999
  2719         0.0000000000        -0.0460587343         0.0819747136
  2720         0.0000000000        -0.0374476862         0.0869463045
  2721         0.0000000000        -0.0374476862         0.0919178954
  2722         0.0000000000         0.0453302177        -0.1367752864
  2723         0.0000000000         0.0410246937        -0.1392610819
  2724         0.0000000000         0.0453302177        -0.1417468774
  2725         0.0000000000         0.0367191696        -0.1367752864
  2726         0.0000000000         0.0367191696        -0.1417468774
  2727         0.0000000000         0.0367191696        -0.1318036955
  2728         0.0000000000         0.0324136456        -0.1342894910
  2729         0.0000000000         0.0324136456        -0.1442326728
  2730         0.0000000000         0.0367191696        -0.1467184683
  2731         0.0000000000         0.0453302177         0.1217474408
  2732         0.0000000000         0.0410246937         0.1192616454
  2733         0.0000000000         0.0453302177         0.1167758499
  2734         0.0000000000         0.0367191696         0.1217474408
  2735         0.0000000000         0.0367191696         0.1167758499
  2736         0.0000000000         0.0367191696         0.1267190317
  2737         0.0000000000         0.0324136456         0.1242332363
  2738         0.0000000000         0.0324136456         0.1142900545
  2739         0.0000000000         0.0367191696         0.1118042590
  2740         0.0000000000        -0.0031255800        -0.1864911955
  2741         0.0000000000        -0.0074006059        -0.1889769910
  2742         0.0000000000        -0.0031255331        -0.1914627864
  2743         0.0000000000        -0.0116756788        -0.1864911955
  2744         0.0000000000        -0.0116756319        -0.1914627864
  2745         0.0000000000        -0.0116757257        -0.1815196046
  2746         0.0000000000        -0.0116755850        -0.1964343774
  2747         0.0000000000         0.0455990053         0.2808427592
  2748         0.0000000000         0.0413882919         0.2784242808
  2749         0.0000000000         0.0454250283         0.2759340760
  2750         0.0000000000         0.0373515555         0.2809144855
  2751         0.0000000000         0.0371775785         0.2760058023
  2752         0.0000000000         0.0375255325         0.2858231687
  2753         0.0000000000         0.0333148191         0.2834046903
  2754         0.0000000000         0.0329668650         0.2735873239
  2755         0.0000000000         0.0370036014         0.2710971191
  2756         0.0000000000         0.0452643192         0.3653711910
  2757         0.0000000000         0.0452643192         0.3603996001
  2758         0.0000000000         0.0452643192         0.3703427819
  2759         0.0000000000         0.0408928968         0.3678727821
  2760         0.0000000000         0.0452643192         0.3753143728
  2761         0.0000000000         0.0365214743         0.3703743731
  2762         0.0000000000         0.0365214743         0.3654027822
  2763         0.0000000000        -0.0460587343         0.0770031226
  2764         0.0000000000        -0.0417532102         0.0794889181
  2765         0.0000000000        -0.0374476862         0.0770031226
  2766         0.0000000000        -0.0374476862         0.0819747136
  2767         0.0000000000        -0.0374476862         0.0720315317
  2768         0.0000000000         0.0367191696        -0.1666048319
  2769         0.0000000000         0.0367191696        -0.1616332410
  2770         0.0000000000         0.0324136456        -0.1641190364
  2771         0.0000000000         0.0410246937        -0.1591474455
  2772         0.0000000000         0.0367191696        -0.1566616501
  2773         0.0000000000         0.0453302177        -0.1616332410
  2774         0.0000000000         0.0453302177        -0.1566616501
  2775         0.0000000000         0.0367191696        -0.1516900592
  2776         0.0000000000         0.0324136456        -0.1541758546
  2777         0.0000000000         0.0453302177         0.1068326681
  2778         0.0000000000         0.0453302177         0.1018610772
  2779         0.0000000000         0.0453302177         0.1118042590
  2780         0.0000000000         0.0410246937         0.1093184636
  2781         0.0000000000         0.0367191696         0.1068326681
  2782         0.0000000000        -0.0460587343        -0.1417468774
  2783         0.0000000000        -0.0417562032        -0.1392610819
  2784         0.0000000000        -0.0374506792        -0.1417468774
  2785         0.0000000000        -0.0374536721        -0.1367752864
  2786         0.0000000000        -0.0374476862        -0.1467184683
  2787         0.0000000000        -0.0460587343         0.1565485772
  2788         0.0000000000        -0.0417532102         0.1590343726
  2789         0.0000000000        -0.0460587343         0.1615201681
  2790         0.0000000000        -0.0374476862         0.1565485772
  2791         0.0000000000        -0.0374476862         0.1615201681
  2792         0.0000000000        -0.0374476862         0.1515769863
  2793         0.0000000000        -0.0374476862         0.1664917590
  2794         0.0000000000         0.0454325960         0.2460942840
  2795         0.0000000000         0.0454325960         0.2411226930
  2796         0.0000000000         0.0454325960         0.2510658749
  2797         0.0000000000         0.0412294502         0.2486371498
  2798         0.0000000000         0.0454325960         0.2560374658
  2799         0.0000000000         0.0370263045         0.2511800157
  2800         0.0000000000         0.0370263045         0.2462084248
  2801         0.0000000000         0.0455990053         0.2858143501
  2802         0.0000000000         0.0455990053         0.2907859410
  2803         0.0000000000         0.0415622689         0.2883045549
  2804         0.0000000000         0.0455990053         0.2957575319
  2805         0.0000000000         0.0375255325         0.2907947596
  2806         0.0000000000        -0.0116145421         0.1466053954
  2807         0.0000000000        -0.0073090180         0.1490911908
  2808         0.0000000000        -0.0116145421         0.1515769863
  2809         0.0000000000        -0.0030034940         0.1515769863
  2810         0.0000000000        -0.0116145421         0.1565485772
  2811         0.0000000000         0.0367191696         0.2112360772
  2812         0.0000000000         0.0367759919         0.2162111345
  2813         0.0000000000         0.0324704679         0.2137253390
  2814         0.0000000000         0.0410815160         0.2186969299
  2815         0.0000000000         0.0368328143         0.2211861918
  2816         0.0000000000         0.0453302177         0.2162076681
  2817         0.0000000000         0.0453870400         0.2211827254
  2818         0.0000000000         0.0368896366         0.2261612490
  2819         0.0000000000         0.0325841125         0.2236754536
  2820         0.0000000000        -0.0460587343         0.1714633499
  2821         0.0000000000        -0.0460587343         0.1764349408
  2822         0.0000000000        -0.0460587343         0.1664917590
  2823         0.0000000000        -0.0417532102         0.1689775545
  2824         0.0000000000        -0.0374476862         0.1714633499
  2825         0.0000000000         0.0453302177        -0.2163207410
  2826         0.0000000000         0.0411070664        -0.2188800874
  2827         0.0000000000         0.0454125904        -0.2213658829
  2828         0.0000000000         0.0368015424        -0.2163942920
  2829         0.0000000000         0.0368839151        -0.2214394338
  2830         0.0000000000         0.0367191696        -0.2113491501
  2831         0.0000000000         0.0324960184        -0.2139084965
  2832         0.0000000000         0.0326607639        -0.2239987803
  2833         0.0000000000         0.0369662879        -0.2264845757
  2834         0.0000000000         0.0453302177         0.0869463045
  2835         0.0000000000         0.0453302177         0.0919178954
  2836         0.0000000000         0.0410246937         0.0894320999
  2837         0.0000000000         0.0453302177         0.0968894863
  2838         0.0000000000         0.0367191696         0.0919178954
  2839         0.0000000000        -0.0374476862        -0.2312355137
  2840         0.0000000000        -0.0374476862        -0.2362071046
  2841         0.0000000000        -0.0331421622        -0.2337213092
  2842         0.0000000000        -0.0417532102        -0.2386929001
  2843         0.0000000000        -0.0374476862        -0.2411786955
  2844         0.0000000000        -0.0460587343        -0.2362071046
  2845         0.0000000000        -0.0331421622        -0.2436644910
  2846         0.0000000000         0.0367191696         0.0968894863
  2847         0.0000000000         0.0324136456         0.0944036908
  2848         0.0000000000         0.0410246937         0.0993752817
  2849         0.0000000000         0.0367191696         0.1018610772
  2850         0.0000000000         0.0324136456         0.1043468726
  2851         0.0000000000        -0.0116145421         0.1764349408
  2852         0.0000000000        -0.0073090180         0.1789207363
  2853         0.0000000000        -0.0116145421         0.1814065317
  2854         0.0000000000        -0.0030034940         0.1764349408
  2855         0.0000000000        -0.0030034940         0.1814065317
  2856         0.0000000000        -0.0030034940         0.1714633499
  2857         0.0000000000         0.0013020300         0.1739491454
  2858         0.0000000000         0.0013020300         0.1838923272
  2859         0.0000000000        -0.0030034940         0.1863781226
  2860         0.0000000000         0.0411838943         0.2386403640
  2861         0.0000000000         0.0453870400         0.2360974981
  2862         0.0000000000         0.0369807485         0.2411832298
  2863         0.0000000000         0.0369351925         0.2361580349
  2864         0.0000000000         0.0327776028         0.2437260957
  2865         0.0000000000         0.0326864908         0.2336757058
  2866         0.0000000000         0.0368896366         0.2311328400
  2867         0.0000000000        -0.0460587343        -0.2262639228
  2868         0.0000000000        -0.0460587343        -0.2212923319
  2869         0.0000000000        -0.0460587343        -0.2312355137
  2870         0.0000000000        -0.0417532102        -0.2287497183
  2871         0.0000000000        -0.0374476862        -0.2262639228
  2872         0.0000000000        -0.0459449377        -0.2659549886
  2873         0.0000000000        -0.0459449377        -0.2709265795
  2874         0.0000000000        -0.0415256171        -0.2683591226
  2875         0.0000000000        -0.0459449377        -0.2758981704
  2876         0.0000000000        -0.0371062965        -0.2707632566
  2877         0.0000000000         0.0454250283         0.2659908942
  2878         0.0000000000         0.0454250283         0.2610193033
  2879         0.0000000000         0.0454250283         0.2709624851
  2880         0.0000000000         0.0412143149         0.2685440067
  2881         0.0000000000         0.0370036014         0.2661255282
  2882         0.0000000000         0.0370187368         0.2561618532
  2883         0.0000000000         0.0328155911         0.2537331281
  2884         0.0000000000         0.0412218826         0.2585905782
  2885         0.0000000000         0.0370111691         0.2611436907
  2886         0.0000000000         0.0328004557         0.2636968032
  2887         0.0000000000        -0.0116145421         0.1863781226
  2888         0.0000000000        -0.0073090180         0.1888639181
  2889         0.0000000000        -0.0116145421         0.1913497136
  2890         0.0000000000        -0.0030034940         0.1913497136
  2891         0.0000000000        -0.0116145421         0.1963213045
  2892         0.0000000000        -0.0116145421         0.2162076681
  2893         0.0000000000        -0.0073090180         0.2186934636
  2894         0.0000000000        -0.0116145421         0.2211792590
  2895         0.0000000000        -0.0030034940         0.2162076681
  2896         0.0000000000        -0.0030034940         0.2211792590
  2897         0.0000000000        -0.0030034940         0.2112360772
  2898         0.0000000000         0.0013020300         0.2137218726
  2899         0.0000000000         0.0013020300         0.2236650545
  2900         0.0000000000        -0.0030034940         0.2261508499
  2901         0.0000000000         0.0453302177         0.1664917590
  2902         0.0000000000         0.0453302177         0.1615201681
  2903         0.0000000000         0.0453302177         0.1714633499
  2904         0.0000000000         0.0410246937         0.1689775545
  2905         0.0000000000         0.0367191696         0.1664917590
  2906         0.0000000000        -0.0374476862         0.1068326681
  2907         0.0000000000        -0.0374476862         0.1018610772
  2908         0.0000000000        -0.0417532102         0.0993752817
  2909         0.0000000000        -0.0374476862         0.0968894863
  2910         0.0000000000        -0.0460587343         0.1018610772
  2911         0.0000000000         0.0451649964        -0.3907472751
  2912         0.0000000000         0.0451649964        -0.3957188660
  2913         0.0000000000         0.0451649964        -0.3857756842
  2914         0.0000000000         0.0406942511        -0.3886823319
  2915         0.0000000000         0.0451649964        -0.3808040932
  2916         0.0000000000         0.0362235058        -0.3866173887
  2917         0.0000000000         0.0362235058        -0.3915889796
  2918         0.0000000000         0.0453302177        -0.1318036955
  2919         0.0000000000         0.0453302177        -0.1268321046
  2920         0.0000000000         0.0410246937        -0.1293179001
  2921         0.0000000000         0.0453302177        -0.1218605137
  2922         0.0000000000         0.0367191696        -0.1268321046
  2923         0.0000000000         0.0453302177        -0.0721446046
  2924         0.0000000000         0.0453302177        -0.0771161955
  2925         0.0000000000         0.0453302177        -0.0671730137
  2926         0.0000000000         0.0410246937        -0.0696588092
  2927         0.0000000000         0.0453302177        -0.0622014228
  2928         0.0000000000         0.0367191696        -0.0671730137
  2929         0.0000000000         0.0367191696        -0.0721446046
  2930         0.0000000000         0.0367191696         0.1316906226
  2931         0.0000000000         0.0367191696         0.1366622136
  2932         0.0000000000         0.0324136456         0.1341764181
  2933         0.0000000000         0.0410246937         0.1391480090
  2934         0.0000000000         0.0367191696         0.1416338045
  2935         0.0000000000         0.0453302177         0.1366622136
  2936         0.0000000000         0.0453302177         0.1416338045
  2937         0.0000000000         0.0367191696         0.1466053954
  2938         0.0000000000         0.0324136456         0.1441195999
  2939         0.0000000000         0.0453870400         0.2261543163
  2940         0.0000000000         0.0453870400         0.2311259072
  2941         0.0000000000         0.0411383383         0.2286435781
  2942         0.0000000000        -0.0116145421         0.1615201681
  2943         0.0000000000        -0.0116145421         0.1664917590
  2944         0.0000000000        -0.0073090180         0.1689775545
  2945         0.0000000000        -0.0116145421         0.1714633499
  2946         0.0000000000        -0.0030034940         0.1664917590
  2947         0.0000000000         0.0451886164        -0.2517397055
  2948         0.0000000000         0.0451886164        -0.2567112964
  2949         0.0000000000         0.0451886164        -0.2467681146
  2950         0.0000000000         0.0407414911        -0.2498717382
  2951         0.0000000000         0.0451886164        -0.2417965237
  2952         0.0000000000         0.0362943659        -0.2480037708
  2953         0.0000000000         0.0362943659        -0.2529753618
  2954         0.0000000000         0.0453302177        -0.2113491501
  2955         0.0000000000         0.0453302177        -0.2063775592
  2956         0.0000000000         0.0410246937        -0.2088633546
  2957         0.0000000000         0.0453302177         0.1267190317
  2958         0.0000000000         0.0453302177         0.1316906226
  2959         0.0000000000         0.0410246937         0.1292048272
  2960         0.0000000000         0.0453302177         0.2062644863
  2961         0.0000000000         0.0453302177         0.2112360772
  2962         0.0000000000         0.0410246937         0.2087502817
  2963         0.0000000000        -0.0374476862         0.1863781226
  2964         0.0000000000        -0.0374476862         0.1814065317
  2965         0.0000000000        -0.0417532102         0.1789207363
  2966         0.0000000000        -0.0374476862         0.1764349408
  2967         0.0000000000        -0.0460587343         0.1814065317
  2968         0.0000000000        -0.0116145421         0.2261508499
  2969         0.0000000000        -0.0073090180         0.2286366454
  2970         0.0000000000        -0.0116145421         0.2311224408
  2971         0.0000000000        -0.0030034940         0.2311224408
  2972         0.0000000000        -0.0116145421         0.2360940317
  2973         0.0000000000         0.0453302177        -0.1516900592
  2974         0.0000000000         0.0453302177        -0.1467184683
  2975         0.0000000000         0.0410246937        -0.1492042637
  2976         0.0000000000        -0.0460587343        -0.1815196046
  2977         0.0000000000        -0.0417532102        -0.1790338092
  2978         0.0000000000        -0.0374476862        -0.1815196046
  2979         0.0000000000        -0.0374476862        -0.1765480137
  2980         0.0000000000        -0.0374476862        -0.1864911955
  2981         0.0000000000        -0.0073090180         0.1988070999
  2982         0.0000000000        -0.0116145421         0.2012928954
  2983         0.0000000000        -0.0030034940         0.1963213045
  2984         0.0000000000        -0.0030034940         0.2012928954
  2985         0.0000000000         0.0013020300         0.1938355090
  2986         0.0000000000         0.0013020300         0.2037786908
  2987         0.0000000000        -0.0030034940         0.2062644863
  2988         0.0000000000        -0.0116145421         0.2062644863
  2989         0.0000000000        -0.0073090180         0.2087502817
  2990         0.0000000000        -0.0116145421         0.2112360772
  2991         0.0000000000        -0.0460587343        -0.1467184683
  2992         0.0000000000        -0.0460587343        -0.1516900592
  2993         0.0000000000        -0.0417532102        -0.1492042637
  2994         0.0000000000        -0.0073090180         0.1590343726
  2995         0.0000000000        -0.0030034940         0.1565485772
  2996         0.0000000000        -0.0030034940         0.1615201681
  2997         0.0000000000         0.0013020300         0.1540627817
  2998         0.0000000000         0.0013020300         0.1640059636
  2999         0.0000000000        -0.0462164479         0.3106678954
  3000         0.0000000000        -0.0462164479         0.3156394863
  3001         0.0000000000        -0.0462164479         0.3056963045
  3002         0.0000000000        -0.0420686375         0.3081820999
  3003         0.0000000000        -0.0462164479         0.3007247136
  3004         0.0000000000        -0.0379208271         0.3056963045
  3005         0.0000000000        -0.0379208271         0.3106678954
  3006         0.0000000000        -0.0417532102        -0.2188065364
  3007         0.0000000000        -0.0374476862        -0.2212923319
  3008         0.0000000000        -0.0374476862        -0.2163207410
  3009         0.0000000000        -0.0031255163        -0.2113491501
  3010         0.0000000000        -0.0031791434        -0.2162912011
  3011         0.0000000000         0.0010958771        -0.2138054057
  3012         0.0000000000        -0.0074541639        -0.2187769966
  3013         0.0000000000        -0.0032327705        -0.2212332522
  3014         0.0000000000        -0.0116755574        -0.2163207410
  3015         0.0000000000        -0.0117291844        -0.2212627921
  3016         0.0000000000        -0.0032863975        -0.2261753033
  3017         0.0000000000         0.0009886230        -0.2236895078
  3018         0.0000000000        -0.0461504077         0.3502818397
  3019         0.0000000000        -0.0461504077         0.3552534306
  3020         0.0000000000        -0.0461504077         0.3453102487
  3021         0.0000000000        -0.0419365570         0.3476372612
  3022         0.0000000000        -0.0461504077         0.3403386578
  3023         0.0000000000        -0.0377227064         0.3449926827
  3024         0.0000000000        -0.0377227064         0.3499642737
  3025         0.0000000000        -0.0460587343         0.2311224408
  3026         0.0000000000        -0.0460587343         0.2360940317
  3027         0.0000000000        -0.0460587343         0.2261508499
  3028         0.0000000000        -0.0417532102         0.2286366454
  3029         0.0000000000        -0.0460587343         0.2211792590
  3030         0.0000000000        -0.0374476862         0.2261508499
  3031         0.0000000000        -0.0374476862         0.2311224408
  3032         0.0000000000        -0.0460587343         0.1913497136
  3033         0.0000000000        -0.0460587343         0.1963213045
  3034         0.0000000000        -0.0460587343         0.1863781226
  3035         0.0000000000        -0.0417532102         0.1888639181
  3036         0.0000000000        -0.0374476862         0.1913497136
  3037         0.0000000000        -0.0460587343         0.2510088045
  3038         0.0000000000        -0.0460587343         0.2559803954
  3039         0.0000000000        -0.0460587343         0.2460372136
  3040         0.0000000000        -0.0417532102         0.2485230090
  3041         0.0000000000        -0.0460587343         0.2410656226
  3042         0.0000000000        -0.0374476862         0.2460372136
  3043         0.0000000000        -0.0374476862         0.2510088045
  3044         0.0000000000        -0.0374476862         0.2659235772
  3045         0.0000000000        -0.0374476862         0.2609519863
  3046         0.0000000000        -0.0331421622         0.2634377817
  3047         0.0000000000        -0.0417532102         0.2584661908
  3048         0.0000000000        -0.0374476862         0.2559803954
  3049         0.0000000000        -0.0460587343         0.2609519863
  3050         0.0000000000        -0.0331421622         0.2534945999
  3051         0.0000000000        -0.0460587343         0.0720315317
  3052         0.0000000000        -0.0460587343         0.0670599408
  3053         0.0000000000        -0.0417532102         0.0695457363
  3054         0.0000000000        -0.0460587343         0.0620883499
  3055         0.0000000000        -0.0374476862         0.0670599408
  3056         0.0000000000         0.0453302177        -0.1715764228
  3057         0.0000000000         0.0453302177        -0.1765480137
  3058         0.0000000000         0.0453302177        -0.1666048319
  3059         0.0000000000         0.0410246937        -0.1690906274
  3060         0.0000000000         0.0367191696        -0.1715764228
  3061         0.0000000000        -0.0460900386         0.2907815317
  3062         0.0000000000        -0.0460900386         0.2957531226
  3063         0.0000000000        -0.0460900386         0.2858099408
  3064         0.0000000000        -0.0418158190         0.2882957363
  3065         0.0000000000        -0.0460900386         0.2808383499
  3066         0.0000000000        -0.0375415993         0.2858099408
  3067         0.0000000000        -0.0375415993         0.2907815317
  3068         0.0000000000        -0.0460587343         0.2758667590
  3069         0.0000000000        -0.0417845146         0.2783525545
  3070         0.0000000000        -0.0374789906         0.2758667590
  3071         0.0000000000        -0.0375102949         0.2808383499
  3072         0.0000000000        -0.0374476862         0.2708951681
  3073         0.0000000000        -0.0331734665         0.2733809636
  3074         0.0000000000        -0.0332360753         0.2833241454
  3075         0.0000000000        -0.0377944179         0.3007247136
  3076         0.0000000000        -0.0336466075         0.3032105090
  3077         0.0000000000        -0.0419422282         0.2982389181
  3078         0.0000000000        -0.0376680086         0.2957531226
  3079         0.0000000000        -0.0333937889         0.2932673272
  3080         0.0000000000         0.0454217311        -0.3503951897
  3081         0.0000000000         0.0454217311        -0.3553667806
  3082         0.0000000000         0.0454217311        -0.3454235988
  3083         0.0000000000         0.0412077204        -0.3477508885
  3084         0.0000000000         0.0454217311        -0.3404520079
  3085         0.0000000000         0.0369937097        -0.3451065872
  3086         0.0000000000         0.0369937097        -0.3500781781
  3087         0.0000000000         0.0452647262        -0.3109847979
  3088         0.0000000000         0.0452647262        -0.3060132070
  3089         0.0000000000         0.0408937106        -0.3087028322
  3090         0.0000000000        -0.0417532102         0.1988070999
  3091         0.0000000000        -0.0460587343         0.2012928954
  3092         0.0000000000        -0.0374476862         0.1963213045
  3093         0.0000000000        -0.0374476862         0.2012928954
  3094         0.0000000000        -0.0374476862         0.2062644863
  3095         0.0000000000        -0.0460587343         0.2708951681
  3096         0.0000000000        -0.0460587343         0.2659235772
  3097         0.0000000000        -0.0417532102         0.2684093726
  3098         0.0000000000        -0.0460587343         0.1515769863
  3099         0.0000000000        -0.0460587343         0.1466053954
  3100         0.0000000000        -0.0417532102         0.1490911908
  3101         0.0000000000        -0.0460587343         0.1416338045
  3102         0.0000000000        -0.0374476862         0.1466053954
  3103         0.0000000000         0.0453302177         0.1466053954
  3104         0.0000000000         0.0453302177         0.1515769863
  3105         0.0000000000         0.0410246937         0.1490911908
  3106         0.0000000000         0.0453302177         0.1565485772
  3107         0.0000000000         0.0367191696         0.1515769863
  3108         0.0000000000        -0.0460587343         0.1118042590
  3109         0.0000000000        -0.0460587343         0.1167758499
  3110         0.0000000000        -0.0460587343         0.1068326681
  3111         0.0000000000        -0.0417532102         0.1093184636
  3112         0.0000000000        -0.0374476862         0.1118042590
  3113         0.0000000000         0.0410246937         0.1590343726
  3114         0.0000000000         0.0367191696         0.1615201681
  3115         0.0000000000         0.0367191696         0.1565485772
  3116         0.0000000000         0.0324136456         0.1640059636
  3117         0.0000000000         0.0324136456         0.1540627817
  3118         0.0000000000        -0.0421051833         0.3180988179
  3119         0.0000000000        -0.0462529937         0.3205846134
  3120         0.0000000000        -0.0379573729         0.3156130225
  3121         0.0000000000        -0.0379939186         0.3205581495
  3122         0.0000000000        -0.0338095625         0.3131272270
  3123         0.0000000000        -0.0338826540         0.3230174811
  3124         0.0000000000        -0.0380304644         0.3255032766
  3125         0.0000000000        -0.0417532102         0.2385798272
  3126         0.0000000000        -0.0374476862         0.2360940317
  3127         0.0000000000        -0.0374476862         0.2410656226
  3128         0.0000000000        -0.0460587343         0.2112360772
  3129         0.0000000000        -0.0460587343         0.2162076681
  3130         0.0000000000        -0.0460587343         0.2062644863
  3131         0.0000000000        -0.0417532102         0.2087502817
  3132         0.0000000000        -0.0374476862         0.2112360772
  3133         0.0000000000        -0.0031255302        -0.1964343774
  3134         0.0000000000         0.0011494957        -0.1939485819
  3135         0.0000000000        -0.0074005562        -0.1989201728
  3136         0.0000000000        -0.0031255274        -0.2014059683
  3137         0.0000000000        -0.0116755822        -0.2014059683
  3138         0.0000000000        -0.0031255246        -0.2063775592
  3139         0.0000000000         0.0011495014        -0.2038917637
  3140         0.0000000000        -0.0074005451        -0.2088633546
  3141         0.0000000000        -0.0116755739        -0.2063775592
  3142         0.0000000000        -0.0116755656        -0.2113491501
  3143         0.0000000000        -0.0378252924         0.3401534110
  3144         0.0000000000        -0.0336114418         0.3424804235
  3145         0.0000000000        -0.0420391430         0.3378263985
  3146         0.0000000000        -0.0379278784         0.3353141393
  3147         0.0000000000        -0.0462529937         0.3354993861
  3148         0.0000000000        -0.0380304644         0.3304748675
  3149         0.0000000000        -0.0338166138         0.3328018800
  3150         0.0000000000        -0.0462529937         0.3305277952
  3151         0.0000000000        -0.0462529937         0.3255562043
  3152         0.0000000000        -0.0421417290         0.3280155359
  3153         0.0000000000        -0.0374476862         0.2211792590
  3154         0.0000000000        -0.0417532102         0.2186934636
  3155         0.0000000000        -0.0374476862         0.2162076681
  3156         0.0000000000        -0.0460587343        -0.1069457410
  3157         0.0000000000        -0.0460587343        -0.1119173319
  3158         0.0000000000        -0.0417532102        -0.1094315364
  3159         0.0000000000        -0.0460587343        -0.1864911955
  3160         0.0000000000        -0.0460587343        -0.1914627864
  3161         0.0000000000        -0.0417532102        -0.1889769910
  3162         0.0000000000        -0.0457224933        -0.3262633524
  3163         0.0000000000        -0.0457224933        -0.3212917615
  3164         0.0000000000        -0.0457224933        -0.3312349433
  3165         0.0000000000        -0.0410807283        -0.3293167592
  3166         0.0000000000        -0.0457224933        -0.3362065342
  3167         0.0000000000        -0.0364389633        -0.3323701661
  3168         0.0000000000        -0.0364389633        -0.3273985752
  3169         0.0000000000        -0.0459921155        -0.3654847108
  3170         0.0000000000        -0.0459921155        -0.3605131199
  3171         0.0000000000        -0.0459921155        -0.3704563017
  3172         0.0000000000        -0.0416199728        -0.3679867488
  3173         0.0000000000        -0.0459921155        -0.3754278926
  3174         0.0000000000        -0.0372478300        -0.3704887868
  3175         0.0000000000        -0.0372478300        -0.3655171959
  3176         0.0000000000        -0.0031256162        -0.1765480137
  3177         0.0000000000         0.0011494385        -0.1740622183
  3178         0.0000000000        -0.0074006710        -0.1790338092
  3179         0.0000000000        -0.0031255981        -0.1815196046
  3180         0.0000000000         0.0011494748        -0.1840054001
  3181         0.0000000000         0.0370529856        -0.3403215481
  3182         0.0000000000         0.0328389749        -0.3426488377
  3183         0.0000000000         0.0412669962        -0.3379942584
  3184         0.0000000000         0.0371122614        -0.3355365089
  3185         0.0000000000         0.0454810069        -0.3356669688
  3186         0.0000000000         0.0371715372        -0.3307514698
  3187         0.0000000000         0.0329575266        -0.3330787594
  3188         0.0000000000        -0.0460587343         0.1316906226
  3189         0.0000000000        -0.0460587343         0.1366622136
  3190         0.0000000000        -0.0460587343         0.1267190317
  3191         0.0000000000        -0.0417532102         0.1292048272
  3192         0.0000000000        -0.0460587343         0.1217474408
  3193         0.0000000000        -0.0374476862         0.1267190317
  3194         0.0000000000        -0.0374476862         0.1316906226
  3195         0.0000000000         0.0454125904        -0.2313090647
  3196         0.0000000000         0.0454125904        -0.2362806556
  3197         0.0000000000         0.0454125904        -0.2263374738
  3198         0.0000000000         0.0411894392        -0.2288968202
  3199         0.0000000000         0.0369662879        -0.2314561666
  3200         0.0000000000        -0.0374476862         0.1416338045
  3201         0.0000000000        -0.0417532102         0.1391480090
  3202         0.0000000000        -0.0374476862         0.1366622136
  3203         0.0000000000        -0.0417532102         0.1192616454
  3204         0.0000000000        -0.0374476862         0.1167758499
  3205         0.0000000000        -0.0374476862         0.1217474408
  3206         0.0000000000         0.0453302177        -0.1914627864
  3207         0.0000000000         0.0453302177        -0.1864911955
  3208         0.0000000000         0.0410246937        -0.1889769910
  3209         0.0000000000         0.0453302177        -0.1815196046
  3210         0.0000000000         0.0367191696        -0.1864911955
  3211         0.0000000000         0.0454810069        -0.3306953779
  3212         0.0000000000         0.0454810069        -0.3257237869
  3213         0.0000000000         0.0413262721        -0.3282376284
  3214         0.0000000000         0.0365183399        -0.2424879028
  3215         0.0000000000         0.0320712146        -0.2455915264
  3216         0.0000000000         0.0409654652        -0.2393842792
  3217         0.0000000000         0.0367423139        -0.2369720347
  3218         0.0000000000         0.0325191626        -0.2345597902
  3219         0.0000000000         0.0410246937        -0.1790338092
  3220         0.0000000000         0.0367191696        -0.1765480137
  3221         0.0000000000         0.0367191696        -0.1815196046
  3222         0.0000000000         0.0324136456        -0.1740622183
  3223         0.0000000000         0.0324136456        -0.1840054001
  3224         0.0000000000        -0.0202506932        -0.0920309683
  3225         0.0000000000        -0.0202391071        -0.0870593774
  3226         0.0000000000        -0.0245465622        -0.0895451728
  3227         0.0000000000         0.0404075064        -0.3579821624
  3228         0.0000000000         0.0446215170        -0.3606264637
  3229         0.0000000000         0.0361934957        -0.3553378612
  3230         0.0000000000         0.0353932817        -0.3605975442
  3231         0.0000000000         0.0319794851        -0.3526935599
  3232         0.0000000000         0.0303790570        -0.3632129260
  3233         0.0000000000         0.0345930677        -0.3658572273
  3234         0.0000000000        -0.0116145421        -0.0075139228
  3235         0.0000000000        -0.0116145421        -0.0025423319
  3236         0.0000000000        -0.0116145421        -0.0124855137
  3237         0.0000000000        -0.0073090180        -0.0099997183
  3238         0.0000000000        -0.0030034940        -0.0075139228
  3239         0.0000000000         0.0356800264        -0.3813545318
  3240         0.0000000000         0.0401507717        -0.3784478841
  3241         0.0000000000         0.0351365471        -0.3760916750
  3242         0.0000000000         0.0446215170        -0.3755412364
  3243         0.0000000000         0.0345930677        -0.3708288182
  3244         0.0000000000         0.0446215170        -0.3705696455
  3245         0.0000000000         0.0446215170        -0.3655980546
  3246         0.0000000000         0.0396072924        -0.3682134364
  3247         0.0000000000         0.0453302177        -0.0522582410
  3248         0.0000000000         0.0453302177        -0.0572298319
  3249         0.0000000000         0.0453302177        -0.0472866501
  3250         0.0000000000         0.0410246937        -0.0497724455
  3251         0.0000000000         0.0453302177        -0.0423150592
  3252         0.0000000000         0.0367191696        -0.0472866501
  3253         0.0000000000         0.0367191696        -0.0522582410
  3254         0.0000000000         0.0367191696        -0.0622014228
  3255         0.0000000000         0.0324136456        -0.0646872183
  3256         0.0000000000         0.0410246937        -0.0597156274
  3257         0.0000000000         0.0367191696        -0.0572298319
  3258         0.0000000000         0.0324136456        -0.0547440364
  3259         0.0000000000        -0.0460587343         0.0521451681
  3260         0.0000000000        -0.0460587343         0.0571167590
  3261         0.0000000000        -0.0460587343         0.0471735772
  3262         0.0000000000        -0.0417532102         0.0496593726
  3263         0.0000000000        -0.0460587343         0.0422019863
  3264         0.0000000000        -0.0374476862         0.0471735772
  3265         0.0000000000        -0.0374476862         0.0521451681
  3266         0.0000000000        -0.0374476862         0.0620883499
  3267         0.0000000000        -0.0417532102         0.0596025545
  3268         0.0000000000        -0.0374476862         0.0571167590
  3269         0.0000000000        -0.0073090180        -0.0000565364
  3270         0.0000000000        -0.0030034940        -0.0025423319
  3271         0.0000000000        -0.0030034940         0.0024292590
  3272         0.0000000000         0.0013020300        -0.0050281274
  3273         0.0000000000         0.0013020300         0.0049150545
  3274         0.0000000000         0.0453302177        -0.0323718774
  3275         0.0000000000         0.0453302177        -0.0373434683
  3276         0.0000000000         0.0453302177        -0.0274002864
  3277         0.0000000000         0.0410246937        -0.0298860819
  3278         0.0000000000         0.0367191696        -0.0323718774
  3279         0.0000000000        -0.0460587343         0.0322588045
  3280         0.0000000000        -0.0460587343         0.0372303954
  3281         0.0000000000        -0.0460587343         0.0272872136
  3282         0.0000000000        -0.0417532102         0.0297730090
  3283         0.0000000000        -0.0374476862         0.0322588045
  3284         0.0000000000         0.0410246937        -0.0398292637
  3285         0.0000000000         0.0367191696        -0.0373434683
  3286         0.0000000000         0.0367191696        -0.0423150592
  3287         0.0000000000         0.0324136456        -0.0348576728
  3288         0.0000000000         0.0324136456        -0.0448008546
  3289         0.0000000000        -0.0417532102         0.0397161908
  3290         0.0000000000        -0.0374476862         0.0372303954
  3291         0.0000000000        -0.0374476862         0.0422019863
  3292         0.0000000000        -0.0203900140        -0.2360186404
  3293         0.0000000000        -0.0246407301        -0.2385672573
  3294         0.0000000000        -0.0203900140        -0.2409902313
  3295         0.0000000000        -0.0288914461        -0.2361442832
  3296         0.0000000000        -0.0288914461        -0.2411158741
  3297         0.0000000000        -0.0288914461        -0.2311726923
  3298         0.0000000000        -0.0288914461        -0.2460874650
  3299         0.0000000000        -0.0202956540        -0.2262011014
  3300         0.0000000000        -0.0159977579        -0.2237153059
  3301         0.0000000000        -0.0245935501        -0.2286868969
  3302         0.0000000000        -0.0203428340        -0.2311098709
  3303         0.0000000000        -0.0160921180        -0.2335328449
  3304         0.0000000000        -0.0075549710        -0.2286278172
  3305         0.0000000000        -0.0033335776        -0.2310840728
  3306         0.0000000000        -0.0117763645        -0.2261715616
  3307         0.0000000000        -0.0118235445        -0.2310803311
  3308         0.0000000000        -0.0118707245        -0.2359891006
  3309         0.0000000000        -0.0074839127         0.2386205918
  3310         0.0000000000        -0.0117894368         0.2411063872
  3311         0.0000000000        -0.0031783887         0.2361347963
  3312         0.0000000000        -0.0033532834         0.2411471518
  3313         0.0000000000         0.0011271353         0.2336490009
  3314         0.0000000000         0.0007773459         0.2436737118
  3315         0.0000000000        -0.0035281781         0.2461595073
  3316         0.0000000000        -0.0246604942         0.2485015774
  3317         0.0000000000        -0.0289660182         0.2509873729
  3318         0.0000000000        -0.0203549702         0.2460157820
  3319         0.0000000000        -0.0204843502         0.2509659413
  3320         0.0000000000        -0.0160494462         0.2435299865
  3321         0.0000000000        -0.0163082063         0.2534303052
  3322         0.0000000000        -0.0206137303         0.2559161006
  3323         0.0000000000        -0.0289660182         0.2609305547
  3324         0.0000000000        -0.0289660182         0.2659021456
  3325         0.0000000000        -0.0289660182         0.2559589638
  3326         0.0000000000        -0.0247898743         0.2584233277
  3327         0.0000000000        -0.0206137303         0.2608876915
  3328         0.0000000000        -0.0119188168         0.2460565465
  3329         0.0000000000        -0.0077881875         0.2485831066
  3330         0.0000000000        -0.0120481969         0.2510067059
  3331         0.0000000000        -0.0036575582         0.2511096666
  3332         0.0000000000        -0.0121775770         0.2559568652
  3333         0.0000000000        -0.0290835356         0.2806689958
  3334         0.0000000000        -0.0291148399         0.2856405868
  3335         0.0000000000        -0.0290522312         0.2756974049
  3336         0.0000000000        -0.0249309959         0.2780138463
  3337         0.0000000000        -0.0290209269         0.2707258140
  3338         0.0000000000        -0.0207784562         0.2753586968
  3339         0.0000000000        -0.0208097606         0.2803302877
  3340         0.0000000000         0.0284904876         0.2766714235
  3341         0.0000000000         0.0283165106         0.2717627403
  3342         0.0000000000         0.0286644646         0.2815801067
  3343         0.0000000000         0.0240141102         0.2797555231
  3344         0.0000000000         0.0288384417         0.2864887899
  3345         0.0000000000         0.0195377327         0.2828396227
  3346         0.0000000000         0.0193637557         0.2779309395
  3347         0.0000000000        -0.0207235476         0.2705350284
  3348         0.0000000000        -0.0166023122         0.2728514698
  3349         0.0000000000        -0.0248447829         0.2682185870
  3350         0.0000000000        -0.0206686389         0.2657113600
  3351         0.0000000000        -0.0164924950         0.2632041329
  3352         0.0000000000         0.0281038783        -0.3399507300
  3353         0.0000000000         0.0280446025        -0.3447357692
  3354         0.0000000000         0.0281631542        -0.3351656909
  3355         0.0000000000         0.0233687817        -0.3372526223
  3356         0.0000000000         0.0282224300        -0.3303806517
  3357         0.0000000000         0.0186336852        -0.3345545146
  3358         0.0000000000         0.0185744093        -0.3393395538
  3359         0.0000000000        -0.0288832173         0.3397631913
  3360         0.0000000000        -0.0287806313         0.3446024630
  3361         0.0000000000        -0.0289858033         0.3349239195
  3362         0.0000000000        -0.0241549928         0.3370459591
  3363         0.0000000000        -0.0290883893         0.3300846478
  3364         0.0000000000        -0.0194267683         0.3343287269
  3365         0.0000000000        -0.0193241824         0.3391679987
  3366         0.0000000000        -0.0453499665         0.3704548989
  3367         0.0000000000        -0.0453499665         0.3754264898
  3368         0.0000000000        -0.0453499665         0.3654833080
  3369         0.0000000000        -0.0403356748         0.3680970161
  3370         0.0000000000        -0.0453499665         0.3605117171
  3371         0.0000000000        -0.0353213830         0.3657391332
  3372         0.0000000000        -0.0353213830         0.3707107241
  3373         0.0000000000        -0.0411361159         0.3578671386
  3374         0.0000000000        -0.0369222653         0.3552225602
  3375         0.0000000000        -0.0361218241         0.3604808467
  3376         0.0000000000        -0.0327084147         0.3525779817
  3377         0.0000000000        -0.0311075324         0.3630945548
  3378         0.0000000000        -0.0458935143         0.3906332698
  3379         0.0000000000        -0.0458935143         0.3956048607
  3380         0.0000000000        -0.0458935143         0.3856616789
  3381         0.0000000000        -0.0414227703         0.3885673943
  3382         0.0000000000        -0.0458935143         0.3806900880
  3383         0.0000000000        -0.0369520263         0.3865015187
  3384         0.0000000000        -0.0369520263         0.3914731096
  3385         0.0000000000        -0.0458374673        -0.4047734493
  3386         0.0000000000        -0.0458374673        -0.3998018584
  3387         0.0000000000        -0.0458374673        -0.4097450402
  3388         0.0000000000        -0.0413106763        -0.4067914985
  3389         0.0000000000        -0.0458374673        -0.4147166311
  3390         0.0000000000        -0.0367838853        -0.4088095477
  3391         0.0000000000        -0.0367838853        -0.4038379567
  3392         0.0000000000         0.0451095755         0.4046600250
  3393         0.0000000000         0.0451095755         0.3996884340
  3394         0.0000000000         0.0451095755         0.4096316159
  3395         0.0000000000         0.0405834093         0.4066777227
  3396         0.0000000000         0.0451095755         0.4146032068
  3397         0.0000000000         0.0360572431         0.4086954205
  3398         0.0000000000         0.0360572431         0.4037238296
  3399         0.0000000000        -0.0364084785         0.3812379205
  3400         0.0000000000        -0.0408792225         0.3783322052
  3401         0.0000000000        -0.0358649308         0.3759743223
  3402         0.0000000000        -0.0202694075        -0.2459192852
  3403         0.0000000000        -0.0160186914        -0.2433706683
  3404         0.0000000000        -0.0245201235        -0.2484679020
  3405         0.0000000000        -0.0201488009        -0.2508483390
  3406         0.0000000000        -0.0287708396        -0.2510165189
  3407         0.0000000000        -0.0200281944        -0.2557773929
  3408         0.0000000000        -0.0157774783        -0.2532287760
  3409         0.0000000000        -0.0244961231         0.2883507024
  3410         0.0000000000        -0.0286486628         0.2910058519
  3411         0.0000000000        -0.0203435834         0.2856955528
  3412         0.0000000000        -0.0198774063         0.2910608180
  3413         0.0000000000        -0.0161910437         0.2830404033
  3414         0.0000000000        -0.0152586895         0.2937709336
  3415         0.0000000000        -0.0194112291         0.2964260831
  3416         0.0000000000        -0.0286570430        -0.2559064483
  3417         0.0000000000        -0.0285432464        -0.2607963778
  3418         0.0000000000        -0.0242857204        -0.2582868853
  3419         0.0000000000        -0.0289014814         0.3009490337
  3420         0.0000000000        -0.0290278906         0.3059206246
  3421         0.0000000000        -0.0287750721         0.2959774428
  3422         0.0000000000        -0.0241563553         0.2986875584
  3423         0.0000000000        -0.0195376384         0.3013976740
  3424         0.0000000000         0.0279404537         0.3207475147
  3425         0.0000000000         0.0317148850         0.3246250238
  3426         0.0000000000         0.0241660225         0.3168700057
  3427         0.0000000000         0.0285541220         0.3152162341
  3428         0.0000000000         0.0203915913         0.3129924966
  3429         0.0000000000         0.0291677903         0.3096849534
  3430         0.0000000000         0.0329422215         0.3135624624
  3431         0.0000000000         0.0272425002        -0.3020331000
  3432         0.0000000000         0.0276834275        -0.3075028338
  3433         0.0000000000         0.0268015728        -0.2965633662
  3434         0.0000000000         0.0227742482        -0.3004254423
  3435         0.0000000000         0.0263606455        -0.2910936324
  3436         0.0000000000         0.0183059962        -0.2988177846
  3437         0.0000000000         0.0187469235        -0.3042875184
  3438         0.0000000000         0.0272788031        -0.2735385914
  3439         0.0000000000         0.0296342104        -0.2780792983
  3440         0.0000000000         0.0312358579        -0.2734677471
  3441         0.0000000000        -0.0076445660        -0.4162115707
  3442         0.0000000000        -0.0051136409        -0.4205617405
  3443         0.0000000000        -0.0101754910        -0.4118614009
  3444         0.0000000000        -0.0125670628        -0.4164285514
  3445         0.0000000000        -0.0149586346        -0.4209957019
  3446         0.0000000000         0.0069186913         0.4160963551
  3447         0.0000000000         0.0043862488         0.4204471184
  3448         0.0000000000         0.0094511338         0.4117455917
  3449         0.0000000000         0.0118413917         0.4163134566
  3450         0.0000000000         0.0142316496         0.4208813215
  3451         0.0000000000         0.0208894462        -0.2903911806
  3452         0.0000000000         0.0154182470        -0.2896887287
  3453         0.0000000000         0.0168621216        -0.2942532567
  3454         0.0000000000         0.0099470477        -0.2889862769
  3455         0.0000000000         0.0128347969        -0.2981153328
  3456         0.0000000000        -0.0227434766        -0.4334705730
  3457         0.0000000000        -0.0277434766        -0.4334705730
  3458         0.0000000000        -0.0177434766        -0.4334705730
  3459         0.0000000000        -0.0201226949        -0.4293846096
  3460         0.0000000000        -0.0127434766        -0.4334705730
  3461         0.0000000000        -0.0175019132        -0.4252986461
  3462         0.0000000000        -0.0225019132        -0.4252986461
  3463         0.0000000000         0.0220153938         0.4333572034
  3464         0.0000000000         0.0270153938         0.4333572034
  3465         0.0000000000         0.0170153938         0.4333572034
  3466         0.0000000000         0.0193950459         0.4292709433
  3467         0.0000000000         0.0120153938         0.4333572034
  3468         0.0000000000         0.0167746979         0.4251846832
  3469         0.0000000000         0.0217746979         0.4251846832
  3470         0.0000000000         0.0018502290        -0.3049030166
  3471         0.0000000000         0.0002169666        -0.3001662762
  3472         0.0000000000         0.0034834913        -0.3096397570
  3473         0.0000000000         0.0065374639        -0.3057408781
  3474         0.0000000000         0.0051167536        -0.3143764974
  3475         0.0000000000         0.0112246989        -0.3065787396
  3476         0.0000000000         0.0095914365        -0.3018419992
  3477         0.0000000000         0.0454836344        -0.4102570902
  3478         0.0000000000         0.0454836344        -0.4152286811
  3479         0.0000000000         0.0454836344        -0.4052854993
  3480         0.0000000000         0.0413315272        -0.4078155985
  3481         0.0000000000         0.0454836344        -0.4003139084
  3482         0.0000000000         0.0371794199        -0.4053741068
  3483         0.0000000000         0.0371794199        -0.4103456977
  3484         0.0000000000        -0.0462121779         0.4101436718
  3485         0.0000000000        -0.0462121779         0.4151152627
  3486         0.0000000000        -0.0462121779         0.4051720809
  3487         0.0000000000        -0.0420600975         0.4077018346
  3488         0.0000000000        -0.0462121779         0.4002004900
  3489         0.0000000000        -0.0379080172         0.4052599974
  3490         0.0000000000        -0.0379080172         0.4102315883
  3491         0.0000000000         0.0121373679         0.2570484272
  3492         0.0000000000         0.0123171476         0.2518083678
  3493         0.0000000000         0.0084721753         0.2490209145
  3494         0.0000000000         0.0124969272         0.2465683084
  3495         0.0000000000         0.0044474234         0.2514735206
  3496         0.0000000000         0.0046272031         0.2462334612
  3497         0.0000000000         0.0126767069         0.2413282491
  3498         0.0000000000        -0.0118589243        -0.2455718966
  3499         0.0000000000        -0.0119795309        -0.2406428427
  3500         0.0000000000        -0.0117383178        -0.2505009504
  3501         0.0000000000        -0.0076991573        -0.2477731248
  3502         0.0000000000        -0.0116177112        -0.2554300043
  3503         0.0000000000        -0.0035393902        -0.2499743531
  3504         0.0000000000        -0.0036599967        -0.2450452992
  3505         0.0000000000         0.0455279154        -0.1122597543
  3506         0.0000000000         0.0455279154        -0.1172313452
  3507         0.0000000000         0.0455279154        -0.1072881634
  3508         0.0000000000         0.0414200890        -0.1101163813
  3509         0.0000000000         0.0373122626        -0.1129445991
  3510         0.0000000000         0.0455279154        -0.0916885459
  3511         0.0000000000         0.0455279154        -0.0867169550
  3512         0.0000000000         0.0414200890        -0.0888603280
  3513         0.0000000000         0.0455279154        -0.0817453640
  3514         0.0000000000         0.0373122626        -0.0860321101
  3515         0.0000000000         0.0286053864         0.2565042756
  3516         0.0000000000         0.0285978187         0.2614861131
  3517         0.0000000000         0.0243951818         0.2592754231
  3518         0.0000000000         0.0285902510         0.2664679506
  3519         0.0000000000         0.0201849771         0.2620465705
  3520         0.0000000000        -0.0070932799        -0.2573052196
  3521         0.0000000000        -0.0025688485        -0.2591804349
  3522         0.0000000000        -0.0030541193        -0.2545773940
  3523         0.0000000000         0.0019555829        -0.2610556501
  3524         0.0000000000         0.0009850412        -0.2518495684
  3525         0.0000000000         0.0129659264        -0.1069457410
  3526         0.0000000000         0.0169782109        -0.1044599455
  3527         0.0000000000         0.0089536419        -0.1094315364
  3528         0.0000000000         0.0129251022        -0.1119173319
  3529         0.0000000000         0.0049413574        -0.1119173319
  3530         0.0000000000         0.0128842779        -0.1168889228
  3531         0.0000000000         0.0168965624        -0.1144031274
  3532         0.0000000000         0.0089806760        -0.0895451728
  3533         0.0000000000         0.0049819085        -0.0870593774
  3534         0.0000000000         0.0129794435        -0.0920309683
  3535         0.0000000000         0.0129386192        -0.0870593774
  3536         0.0000000000         0.0169782109        -0.0945167637
  3537         0.0000000000         0.0168965624        -0.0845735819
  3538         0.0000000000         0.0128977949        -0.0820877864
  3539         0.0000000000        -0.0081860754         0.2584377419
  3540         0.0000000000        -0.0124460848         0.2608613412
  3541         0.0000000000        -0.0039260660         0.2560141426
  3542         0.0000000000        -0.0041945739         0.2609186186
  3543         0.0000000000         0.0003339433         0.2535905433
  3544         0.0000000000        -0.0002030723         0.2633994953
  3545         0.0000000000        -0.0044630817         0.2658230946
  3546         0.0000000000         0.0409821475         0.3186095124
  3547         0.0000000000         0.0456157787         0.3156017567
  3548         0.0000000000         0.0363485162         0.3216172681
  3549         0.0000000000         0.0369621845         0.3160859874
  3550         0.0000000000         0.0375758527         0.3105547068
  3551         0.0000000000         0.0375423059         0.2957242117
  3552         0.0000000000         0.0335055695         0.2932428255
  3553         0.0000000000         0.0415790423         0.2982055979
  3554         0.0000000000         0.0375590793         0.3006536638
  3555         0.0000000000         0.0456157787         0.3006869840
  3556         0.0000000000         0.0375758527         0.3055831159
  3557         0.0000000000         0.0335391163         0.3031017297
  3558         0.0000000000        -0.0309243083        -0.3585426228
  3559         0.0000000000        -0.0340088362        -0.3630314005
  3560         0.0000000000        -0.0278397804        -0.3540538452
  3561         0.0000000000        -0.0320574572        -0.3535547894
  3562         0.0000000000        -0.0362751340        -0.3530557335
  3563         0.0000000000         0.0302035305         0.3584189638
  3564         0.0000000000         0.0332850500         0.3629169868
  3565         0.0000000000         0.0271220110         0.3539209408
  3566         0.0000000000         0.0313385287         0.3534315773
  3567         0.0000000000         0.0355550464         0.3529422137
  3568         0.0000000000         0.0067036873        -0.2927129433
  3569         0.0000000000         0.0034603270        -0.2964396098
  3570         0.0000000000         0.0081475619        -0.2972774713
  3571         0.0000000000        -0.0102001980        -0.4291676288
  3572         0.0000000000        -0.0076569195        -0.4248646846
  3573         0.0000000000        -0.0125794163        -0.4250816654
  3574         0.0000000000         0.0094723455         0.4290538418
  3575         0.0000000000         0.0069292971         0.4247504801
  3576         0.0000000000         0.0118519975         0.4249675816
  3577         0.0000000000         0.0410128891        -0.3982489652
  3578         0.0000000000         0.0365421438        -0.3961840220
  3579         0.0000000000         0.0368607819        -0.4007790644
  3580         0.0000000000        -0.0417414339         0.3981346144
  3581         0.0000000000        -0.0372706899         0.3960687389
  3582         0.0000000000        -0.0375893536         0.4006643681
  3583         0.0000000000        -0.0289166024        -0.3212361298
  3584         0.0000000000        -0.0325522792        -0.3252239249
  3585         0.0000000000        -0.0252809256        -0.3172483347
  3586         0.0000000000        -0.0296716832        -0.3160080726
  3587         0.0000000000        -0.0216452488        -0.3132605396
  3588         0.0000000000        -0.0304267640        -0.3107800154
  3589         0.0000000000        -0.0340624408        -0.3147678105
  3590         0.0000000000        -0.0207704111         0.3297102124
  3591         0.0000000000        -0.0256012216         0.3275881729
  3592         0.0000000000        -0.0221140538         0.3250916979
  3593         0.0000000000        -0.0304320320         0.3254661333
  3594         0.0000000000        -0.0234576966         0.3204731835
  3595         0.0000000000        -0.0383429973        -0.3752739371
  3596         0.0000000000        -0.0427151401        -0.3777434900
  3597         0.0000000000        -0.0394381646        -0.3800590874
  3598         0.0000000000        -0.0470872828        -0.3802130429
  3599         0.0000000000        -0.0405333319        -0.3848442376
  3600         0.0000000000         0.0376165554         0.3751594597
  3601         0.0000000000         0.0419879779         0.3776294595
  3602         0.0000000000         0.0387116365         0.3799445463
  3603         0.0000000000         0.0463594004         0.3800994594
  3604         0.0000000000         0.0398067176         0.3847296328
  3605         0.0000000000         0.0070943269        -0.3891435568
  3606         0.0000000000         0.0038097904        -0.3852146430
  3607         0.0000000000         0.0103788634        -0.3930724707
  3608         0.0000000000         0.0112366408        -0.3886633502
  3609         0.0000000000         0.0120944181        -0.3842542298
  3610         0.0000000000        -0.0078201088         0.3890186011
  3611         0.0000000000        -0.0045348772         0.3850879651
  3612         0.0000000000        -0.0111053405         0.3929492370
  3613         0.0000000000        -0.0119634265         0.3885374398
  3614         0.0000000000        -0.0128215125         0.3841256427
  3615         0.0000000000        -0.0425604919        -0.3971458648
  3616         0.0000000000        -0.0470872828        -0.3951278156
  3617         0.0000000000        -0.0380337009        -0.3991639140
  3618         0.0000000000        -0.0392835164        -0.3944898713
  3619         0.0000000000        -0.0405333319        -0.3898158285
  3620         0.0000000000         0.0418332342         0.3970319299
  3621         0.0000000000         0.0463594004         0.3950142321
  3622         0.0000000000         0.0373070680         0.3990496276
  3623         0.0000000000         0.0385568928         0.3943754257
  3624         0.0000000000         0.0398067176         0.3897012237
  3625         0.0000000000         0.0208983447         0.2871507574
  3626         0.0000000000         0.0255486992         0.2889753410
  3627         0.0000000000         0.0222589567         0.2914618921
  3628         0.0000000000         0.0301990536         0.2907999245
  3629         0.0000000000         0.0236195687         0.2957730268
  3630         0.0000000000        -0.0255772687         0.3083692768
  3631         0.0000000000        -0.0303223948         0.3106307521
  3632         0.0000000000        -0.0208321426         0.3061078015
  3633         0.0000000000        -0.0221266467         0.3108179289
  3634         0.0000000000        -0.0234211508         0.3155280564
  3635         0.0000000000        -0.0378417345        -0.3367741456
  3636         0.0000000000        -0.0424834994        -0.3386923297
  3637         0.0000000000        -0.0392445056        -0.3411781251
  3638         0.0000000000        -0.0471252644        -0.3406105137
  3639         0.0000000000        -0.0406472767        -0.3455821046
  3640         0.0000000000        -0.0427531217        -0.3580273244
  3641         0.0000000000        -0.0471252644        -0.3555252864
  3642         0.0000000000        -0.0383809789        -0.3605293625
  3643         0.0000000000        -0.0395141278        -0.3555415290
  3644         0.0000000000        -0.0406472767        -0.3505536955
  3645         0.0000000000         0.0371320549         0.3365697704
  3646         0.0000000000         0.0417656862         0.3385336056
  3647         0.0000000000         0.0385292619         0.3410194011
  3648         0.0000000000         0.0463993174         0.3404974408
  3649         0.0000000000         0.0399264688         0.3454690317
  3650         0.0000000000         0.0420278950         0.3579138046
  3651         0.0000000000         0.0463993174         0.3554122136
  3652         0.0000000000         0.0376564725         0.3604153957
  3653         0.0000000000         0.0387914707         0.3554280092
  3654         0.0000000000         0.0399264688         0.3504406226
  3655         0.0000000000         0.0273136782        -0.3596659296
  3656         0.0000000000         0.0281138922        -0.3544062465
  3657         0.0000000000         0.0242482994        -0.3561189331
  3658         0.0000000000         0.0289141062        -0.3491465634
  3659         0.0000000000         0.0211829205        -0.3525719366
  3660         0.0000000000         0.0359689631        -0.4338972951
  3661         0.0000000000         0.0309689631        -0.4338972951
  3662         0.0000000000         0.0409689631        -0.4338972951
  3663         0.0000000000         0.0373021845        -0.4302380537
  3664         0.0000000000         0.0459689631        -0.4338972951
  3665         0.0000000000         0.0386354059        -0.4265788123
  3666         0.0000000000         0.0336354059        -0.4265788123
  3667         0.0000000000        -0.0280430886         0.3595464193
  3668         0.0000000000        -0.0288435297         0.3542881327
  3669         0.0000000000        -0.0249786448         0.3559982838
  3670         0.0000000000        -0.0296439709         0.3490298462
  3671         0.0000000000        -0.0219142010         0.3524501482
  3672         0.0000000000        -0.0366976638         0.4337844073
  3673         0.0000000000        -0.0316976638         0.4337844073
  3674         0.0000000000        -0.0416976638         0.4337844073
  3675         0.0000000000        -0.0380310692         0.4301253511
  3676         0.0000000000        -0.0466976638         0.4337844073
  3677         0.0000000000        -0.0393644747         0.4264662949
  3678         0.0000000000        -0.0343644747         0.4264662949
  3679         0.0000000000         0.0459689631        -0.4289257042
  3680         0.0000000000         0.0459689631        -0.4239541132
  3681         0.0000000000         0.0423021845        -0.4252664628
  3682         0.0000000000         0.0459689631        -0.4189825223
  3683         0.0000000000         0.0386354059        -0.4216072214
  3684         0.0000000000        -0.0466976638         0.4288128164
  3685         0.0000000000        -0.0466976638         0.4238412255
  3686         0.0000000000        -0.0430310692         0.4251537602
  3687         0.0000000000        -0.0466976638         0.4188696346
  3688         0.0000000000        -0.0393644747         0.4214947040
  3689         0.0000000000        -0.0464285512        -0.2854595789
  3690         0.0000000000        -0.0464285512        -0.2804879880
  3691         0.0000000000        -0.0464285512        -0.2904311698
  3692         0.0000000000        -0.0424928441        -0.2874819396
  3693         0.0000000000        -0.0385571370        -0.2845327093
  3694         0.0000000000         0.0250709115        -0.1101163813
  3695         0.0000000000         0.0291172617        -0.1129445991
  3696         0.0000000000         0.0210245612        -0.1072881634
  3697         0.0000000000         0.0209837369        -0.1122597543
  3698         0.0000000000         0.0209429127        -0.1172313452
  3699         0.0000000000         0.0210245612        -0.0916885459
  3700         0.0000000000         0.0250709115        -0.0888603280
  3701         0.0000000000         0.0209837369        -0.0867169550
  3702         0.0000000000         0.0291172617        -0.0860321101
  3703         0.0000000000         0.0209429127        -0.0817453640
  3704         0.0000000000         0.0041789156         0.2563779966
  3705         0.0000000000         0.0080238879         0.2591654499
  3706         0.0000000000         0.0039104078         0.2612824726
  3707         0.0000000000         0.0118688601         0.2619529032
  3708         0.0000000000         0.0036419000         0.2661869486
  3709         0.0000000000         0.0369168673        -0.1222029361
  3710         0.0000000000         0.0326113433        -0.1246887316
  3711         0.0000000000         0.0412223913        -0.1197171407
  3712         0.0000000000         0.0371145650        -0.1175737676
  3713         0.0000000000         0.0330067386        -0.1154303946
  3714         0.0000000000         0.0412223913        -0.0792595686
  3715         0.0000000000         0.0369168673        -0.0767737731
  3716         0.0000000000         0.0371145650        -0.0814029416
  3717         0.0000000000         0.0326113433        -0.0742879777
  3718         0.0000000000         0.0330067386        -0.0835463147
  3719         0.0000000000         0.0241138736         0.2695520502
  3720         0.0000000000         0.0196374962         0.2726361498
  3721         0.0000000000         0.0199112367         0.2673413602
  3722         0.0000000000         0.0151611188         0.2757202494
  3723         0.0000000000         0.0157085997         0.2651306701
  3724         0.0000000000        -0.0034423839        -0.2357378149
  3725         0.0000000000         0.0008261895        -0.2332853010
  3726         0.0000000000        -0.0077109574        -0.2381903288
  3727         0.0000000000        -0.0035511903        -0.2403915571
  3728         0.0000000000         0.0006085768        -0.2425927853
  3729         0.0000000000        -0.0464775741        -0.3061205225
  3730         0.0000000000        -0.0464775741        -0.3110921134
  3731         0.0000000000        -0.0425908900        -0.3089174631
  3732         0.0000000000        -0.0464775741        -0.3160637043
  3733         0.0000000000        -0.0387042058        -0.3117144037
  3734         0.0000000000         0.0419783210        -0.2592628184
  3735         0.0000000000         0.0464254463        -0.2611307857
  3736         0.0000000000         0.0375311957        -0.2573948511
  3737         0.0000000000         0.0387680256        -0.2618143404
  3738         0.0000000000         0.0400048555        -0.2662338297
  3739         0.0000000000        -0.0118622722         0.2900446935
  3740         0.0000000000        -0.0113960950         0.2954099586
  3741         0.0000000000        -0.0123284493         0.2846794284
  3742         0.0000000000        -0.0084658549         0.2863184535
  3743         0.0000000000        -0.0127946264         0.2793141633
  3744         0.0000000000        -0.0050694376         0.2825922135
  3745         0.0000000000        -0.0046032604         0.2879574786
  3746         0.0000000000         0.0207467898        -0.1367752864
  3747         0.0000000000         0.0207462648        -0.1318036955
  3748         0.0000000000         0.0168573129        -0.1342894910
  3749         0.0000000000         0.0246352168        -0.1293179001
  3750         0.0000000000         0.0207457399        -0.1268321046
  3751         0.0000000000         0.0285246937        -0.1318036955
  3752         0.0000000000         0.0285241687        -0.1268321046
  3753         0.0000000000         0.0207452150        -0.1218605137
  3754         0.0000000000         0.0168562630        -0.1243463092
  3755         0.0000000000         0.0285246062        -0.0671730137
  3756         0.0000000000         0.0246351293        -0.0696588092
  3757         0.0000000000         0.0285241687        -0.0721446046
  3758         0.0000000000         0.0207460899        -0.0671730137
  3759         0.0000000000         0.0207456524        -0.0721446046
  3760         0.0000000000         0.0207465273        -0.0622014228
  3761         0.0000000000         0.0168570504        -0.0646872183
  3762         0.0000000000         0.0168561755        -0.0746304001
  3763         0.0000000000         0.0207452150        -0.0771161955
  3764         0.0000000000         0.0128535628        -0.2212847976
  3765         0.0000000000         0.0128618058        -0.2262490533
  3766         0.0000000000         0.0168346615        -0.2238001329
  3767         0.0000000000         0.0088889502        -0.2286979738
  3768         0.0000000000         0.0128700489        -0.2312133091
  3769         0.0000000000         0.0049078515        -0.2261826385
  3770         0.0000000000         0.0049160946        -0.2311468942
  3771         0.0000000000         0.0128782919        -0.2361775648
  3772         0.0000000000         0.0168511475        -0.2337286444
  3773         0.0000000000         0.0051909795        -0.0124855137
  3774         0.0000000000         0.0090799311        -0.0099997183
  3775         0.0000000000         0.0051909816        -0.0075139228
  3776         0.0000000000         0.0129688806        -0.0124855137
  3777         0.0000000000         0.0129688826        -0.0075139228
  3778         0.0000000000         0.0129688786        -0.0174571046
  3779         0.0000000000         0.0168578301        -0.0149713092
  3780         0.0000000000         0.0168578342        -0.0050281274
  3781         0.0000000000         0.0129688846        -0.0025423319
  3782         0.0000000000         0.0207467825        -0.0174571046
  3783         0.0000000000         0.0207467845        -0.0124855137
  3784         0.0000000000         0.0246357389        -0.0099997183
  3785         0.0000000000         0.0207467865        -0.0075139228
  3786         0.0000000000         0.0285246912        -0.0124855137
  3787         0.0000000000         0.0285246933        -0.0075139228
  3788         0.0000000000         0.0207467885        -0.0025423319
  3789         0.0000000000         0.0051909674        -0.0373434683
  3790         0.0000000000         0.0051909674        -0.0323718774
  3791         0.0000000000         0.0051909674        -0.0423150592
  3792         0.0000000000         0.0090799047        -0.0398292637
  3793         0.0000000000         0.0051909674        -0.0472866501
  3794         0.0000000000         0.0129688421        -0.0423150592
  3795         0.0000000000         0.0129688421        -0.0373434683
  3796         0.0000000000         0.0285246937         0.0173440317
  3797         0.0000000000         0.0285246937         0.0123724408
  3798         0.0000000000         0.0285246937         0.0223156226
  3799         0.0000000000         0.0246357417         0.0198298272
  3800         0.0000000000         0.0285246937         0.0272872136
  3801         0.0000000000         0.0207467898         0.0223156226
  3802         0.0000000000         0.0207467898         0.0173440317
  3803         0.0000000000         0.0051909795        -0.0174571046
  3804         0.0000000000         0.0051909795        -0.0224286955
  3805         0.0000000000         0.0090799290        -0.0199429001
  3806         0.0000000000         0.0051909795        -0.0274002864
  3807         0.0000000000         0.0129688786        -0.0224286955
  3808         0.0000000000         0.0051909820         0.1466053954
  3809         0.0000000000         0.0090799339         0.1490911908
  3810         0.0000000000         0.0051909820         0.1515769863
  3811         0.0000000000         0.0129688859         0.1466053954
  3812         0.0000000000         0.0129688859         0.1515769863
  3813         0.0000000000         0.0129688859         0.1416338045
  3814         0.0000000000         0.0168578378         0.1441195999
  3815         0.0000000000         0.0168578378         0.1540627817
  3816         0.0000000000         0.0129688859         0.1565485772
  3817         0.0000000000         0.0207467898         0.1416338045
  3818         0.0000000000         0.0207467898         0.1466053954
  3819         0.0000000000         0.0246357417         0.1490911908
  3820         0.0000000000         0.0207467898         0.1515769863
  3821         0.0000000000         0.0285246937         0.1466053954
  3822         0.0000000000         0.0285246937         0.1515769863
  3823         0.0000000000         0.0207467898         0.1565485772
  3824         0.0000000000         0.0051908945        -0.0572298319
  3825         0.0000000000         0.0051908945        -0.0522582410
  3826         0.0000000000         0.0051908945        -0.0622014228
  3827         0.0000000000         0.0090797589        -0.0597156274
  3828         0.0000000000         0.0051908945        -0.0671730137
  3829         0.0000000000         0.0129686234        -0.0622014228
  3830         0.0000000000         0.0129686234        -0.0572298319
  3831         0.0000000000         0.0129305785        -0.1417468774
  3832         0.0000000000         0.0129305785        -0.1467184683
  3833         0.0000000000         0.0168578378        -0.1442326728
  3834         0.0000000000         0.0090033191        -0.1492042637
  3835         0.0000000000         0.0129305785        -0.1516900592
  3836         0.0000000000         0.0050760598        -0.1467184683
  3837         0.0000000000         0.0050760598        -0.1516900592
  3838         0.0000000000         0.0129305785        -0.1566616501
  3839         0.0000000000         0.0168578378        -0.1541758546
  3840         0.0000000000         0.0050717645        -0.1367752864
  3841         0.0000000000         0.0050696169        -0.1318036955
  3842         0.0000000000         0.0050739122        -0.1417468774
  3843         0.0000000000         0.0090011715        -0.1392610819
  3844         0.0000000000         0.0129284308        -0.1367752864
  3845         0.0000000000         0.0050762148        -0.1566616501
  3846         0.0000000000         0.0050763697        -0.1616332410
  3847         0.0000000000         0.0090034741        -0.1591474455
  3848         0.0000000000         0.0050765247        -0.1666048319
  3849         0.0000000000         0.0129307334        -0.1616332410
  3850         0.0000000000         0.0129307334        -0.1666048319
  3851         0.0000000000         0.0168578378        -0.1641190364
  3852         0.0000000000         0.0090036291        -0.1690906274
  3853         0.0000000000         0.0129307334        -0.1715764228
  3854         0.0000000000         0.0050765247        -0.1715764228
  3855         0.0000000000         0.0129307334        -0.1765480137
  3856         0.0000000000         0.0168578378        -0.1740622183
  3857         0.0000000000         0.0050765429        -0.1765480137
  3858         0.0000000000         0.0050765610        -0.1815196046
  3859         0.0000000000         0.0090036472        -0.1790338092
  3860         0.0000000000         0.0050765791        -0.1864911955
  3861         0.0000000000         0.0129307516        -0.1815196046
  3862         0.0000000000         0.0129307516        -0.1864911955
  3863         0.0000000000         0.0168578378        -0.1840054001
  3864         0.0000000000         0.0090036654        -0.1889769910
  3865         0.0000000000         0.0129307516        -0.1914627864
  3866         0.0000000000         0.0050765791        -0.1914627864
  3867         0.0000000000         0.0129307516        -0.1964343774
  3868         0.0000000000         0.0168578378        -0.1939485819
  3869         0.0000000000         0.0051909820         0.1018610772
  3870         0.0000000000         0.0051909820         0.1068326681
  3871         0.0000000000         0.0051909820         0.0968894863
  3872         0.0000000000         0.0090799339         0.0993752817
  3873         0.0000000000         0.0051909820         0.0919178954
  3874         0.0000000000         0.0129688859         0.0968894863
  3875         0.0000000000         0.0129688859         0.1018610772
  3876         0.0000000000         0.0050765820        -0.1964343774
  3877         0.0000000000         0.0050765848        -0.2014059683
  3878         0.0000000000         0.0090036682        -0.1989201728
  3879         0.0000000000         0.0050765876        -0.2063775592
  3880         0.0000000000         0.0129307544        -0.2014059683
  3881         0.0000000000         0.0051909820         0.1217474408
  3882         0.0000000000         0.0051909820         0.1267190317
  3883         0.0000000000         0.0051909820         0.1167758499
  3884         0.0000000000         0.0090799339         0.1192616454
  3885         0.0000000000         0.0051909820         0.1118042590
  3886         0.0000000000         0.0129688859         0.1167758499
  3887         0.0000000000         0.0129688859         0.1217474408
  3888         0.0000000000         0.0090799339         0.1093184636
  3889         0.0000000000         0.0129688859         0.1068326681
  3890         0.0000000000         0.0129688859         0.1118042590
  3891         0.0000000000         0.0168578378         0.1043468726
  3892         0.0000000000         0.0168578378         0.1142900545
  3893         0.0000000000         0.0090799339         0.1292048272
  3894         0.0000000000         0.0051909820         0.1316906226
  3895         0.0000000000         0.0129688859         0.1267190317
  3896         0.0000000000         0.0129688859         0.1316906226
  3897         0.0000000000         0.0168578378         0.1242332363
  3898         0.0000000000         0.0168578378         0.1341764181
  3899         0.0000000000         0.0129688859         0.1366622136
  3900         0.0000000000         0.0051909820         0.1416338045
  3901         0.0000000000         0.0051909820         0.1366622136
  3902         0.0000000000         0.0090799339         0.1391480090
  3903         0.0000000000         0.0285246937         0.0770031226
  3904         0.0000000000         0.0285246937         0.0720315317
  3905         0.0000000000         0.0285246937         0.0819747136
  3906         0.0000000000         0.0246357417         0.0794889181
  3907         0.0000000000         0.0285246937         0.0869463045
  3908         0.0000000000         0.0207467898         0.0819747136
  3909         0.0000000000         0.0207467898         0.0770031226
  3910         0.0000000000         0.0285246937        -0.1417468774
  3911         0.0000000000         0.0285246937        -0.1467184683
  3912         0.0000000000         0.0285246937        -0.1367752864
  3913         0.0000000000         0.0246357417        -0.1392610819
  3914         0.0000000000         0.0207467898        -0.1417468774
  3915         0.0000000000         0.0286815843        -0.2214467690
  3916         0.0000000000         0.0287639571        -0.2264919109
  3917         0.0000000000         0.0285992116        -0.2164016271
  3918         0.0000000000         0.0247024048        -0.2188947578
  3919         0.0000000000         0.0285168388        -0.2113564853
  3920         0.0000000000         0.0207232252        -0.2163427466
  3921         0.0000000000         0.0208055980        -0.2213878884
  3922         0.0000000000         0.0246357417        -0.1492042637
  3923         0.0000000000         0.0285246937        -0.1516900592
  3924         0.0000000000         0.0207467898        -0.1467184683
  3925         0.0000000000         0.0207467898        -0.1516900592
  3926         0.0000000000         0.0207467898        -0.1566616501
  3927         0.0000000000         0.0285246937         0.1565485772
  3928         0.0000000000         0.0285246937         0.1615201681
  3929         0.0000000000         0.0246357417         0.1590343726
  3930         0.0000000000         0.0285246937         0.1664917590
  3931         0.0000000000         0.0207467898         0.1615201681
  3932         0.0000000000         0.0207467898         0.1664917590
  3933         0.0000000000         0.0168578378         0.1640059636
  3934         0.0000000000         0.0246357417         0.1689775545
  3935         0.0000000000         0.0207467898         0.1714633499
  3936         0.0000000000         0.0285246937         0.1714633499
  3937         0.0000000000         0.0207467898         0.1764349408
  3938         0.0000000000         0.0168578378         0.1739491454
  3939         0.0000000000         0.0285246937         0.1764349408
  3940         0.0000000000         0.0285246937         0.1814065317
  3941         0.0000000000         0.0246357417         0.1789207363
  3942         0.0000000000         0.0285246937         0.1863781226
  3943         0.0000000000         0.0207467898         0.1814065317
  3944         0.0000000000         0.0285246937        -0.1616332410
  3945         0.0000000000         0.0285246937        -0.1666048319
  3946         0.0000000000         0.0285246937        -0.1566616501
  3947         0.0000000000         0.0246357417        -0.1591474455
  3948         0.0000000000         0.0207467898        -0.1616332410
  3949         0.0000000000         0.0207467898         0.1863781226
  3950         0.0000000000         0.0168578378         0.1838923272
  3951         0.0000000000         0.0246357417         0.1888639181
  3952         0.0000000000         0.0207467898         0.1913497136
  3953         0.0000000000         0.0285246937         0.1913497136
  3954         0.0000000000         0.0207467898         0.1963213045
  3955         0.0000000000         0.0168578378         0.1938355090
  3956         0.0000000000         0.0285246937         0.1963213045
  3957         0.0000000000         0.0285246937         0.2012928954
  3958         0.0000000000         0.0246357417         0.1988070999
  3959         0.0000000000         0.0285246937         0.2062644863
  3960         0.0000000000         0.0207467898         0.2012928954
  3961         0.0000000000         0.0207467898         0.2062644863
  3962         0.0000000000         0.0168578378         0.2037786908
  3963         0.0000000000         0.0246357417         0.2087502817
  3964         0.0000000000         0.0207467898         0.2112360772
  3965         0.0000000000         0.0285246937         0.2112360772
  3966         0.0000000000         0.0207467898         0.2162076681
  3967         0.0000000000         0.0168578378         0.2137218726
  3968         0.0000000000         0.0246357417        -0.1690906274
  3969         0.0000000000         0.0285246937        -0.1715764228
  3970         0.0000000000         0.0207467898        -0.1666048319
  3971         0.0000000000         0.0207467898        -0.1715764228
  3972         0.0000000000         0.0207467898        -0.1765480137
  3973         0.0000000000         0.0285815160         0.2162111345
  3974         0.0000000000         0.0286383383         0.2211861918
  3975         0.0000000000         0.0246925640         0.2186969299
  3976         0.0000000000         0.0286951606         0.2261612490
  3977         0.0000000000         0.0208036121         0.2211827254
  3978         0.0000000000         0.0285246937        -0.1815196046
  3979         0.0000000000         0.0285246937        -0.1864911955
  3980         0.0000000000         0.0285246937        -0.1765480137
  3981         0.0000000000         0.0246357417        -0.1790338092
  3982         0.0000000000         0.0207467898        -0.1815196046
  3983         0.0000000000         0.0090798318        -0.0497724455
  3984         0.0000000000         0.0129686963        -0.0522582410
  3985         0.0000000000         0.0129687692        -0.0472866501
  3986         0.0000000000         0.0168575608        -0.0547440364
  3987         0.0000000000         0.0168577066        -0.0448008546
  3988         0.0000000000         0.0246357417        -0.1889769910
  3989         0.0000000000         0.0285246937        -0.1914627864
  3990         0.0000000000         0.0207467898        -0.1864911955
  3991         0.0000000000         0.0207467898        -0.1914627864
  3992         0.0000000000         0.0207467898        -0.1964343774
  3993         0.0000000000         0.0285246937        -0.2014059683
  3994         0.0000000000         0.0285246937        -0.2063775592
  3995         0.0000000000         0.0285246937        -0.1964343774
  3996         0.0000000000         0.0246357417        -0.1989201728
  3997         0.0000000000         0.0207467898        -0.2014059683
  3998         0.0000000000         0.0050151057        -0.2162985363
  3999         0.0000000000         0.0050687328        -0.2113564853
  4000         0.0000000000         0.0049614786        -0.2212405874
  4001         0.0000000000         0.0089343343        -0.2187916670
  4002         0.0000000000         0.0129071899        -0.2163427466
  4003         0.0000000000         0.0285246937         0.0968894863
  4004         0.0000000000         0.0285246937         0.0919178954
  4005         0.0000000000         0.0285246937         0.1018610772
  4006         0.0000000000         0.0246357417         0.0993752817
  4007         0.0000000000         0.0285246937         0.1068326681
  4008         0.0000000000         0.0207467898         0.1018610772
  4009         0.0000000000         0.0207467898         0.0968894863
  4010         0.0000000000         0.0207467898         0.1068326681
  4011         0.0000000000         0.0246357417         0.1093184636
  4012         0.0000000000         0.0207467898         0.1118042590
  4013         0.0000000000         0.0285246937         0.1118042590
  4014         0.0000000000         0.0207467898         0.1167758499
  4015         0.0000000000         0.0285246937         0.1167758499
  4016         0.0000000000         0.0285246937         0.1217474408
  4017         0.0000000000         0.0246357417         0.1192616454
  4018         0.0000000000         0.0285246937         0.1267190317
  4019         0.0000000000         0.0207467898         0.1217474408
  4020         0.0000000000         0.0285246062        -0.0622014228
  4021         0.0000000000         0.0285246062        -0.0572298319
  4022         0.0000000000         0.0246355667        -0.0597156274
  4023         0.0000000000         0.0285246062        -0.0522582410
  4024         0.0000000000         0.0207465273        -0.0572298319
  4025         0.0000000000         0.0207467898         0.1267190317
  4026         0.0000000000         0.0246357417         0.1292048272
  4027         0.0000000000         0.0207467898         0.1316906226
  4028         0.0000000000         0.0285246937         0.1316906226
  4029         0.0000000000         0.0207467898         0.1366622136
  4030         0.0000000000         0.0285246937         0.1366622136
  4031         0.0000000000         0.0285246937         0.1416338045
  4032         0.0000000000         0.0246357417         0.1391480090
  4033         0.0000000000         0.0285246937         0.0372303954
  4034         0.0000000000         0.0285246937         0.0322588045
  4035         0.0000000000         0.0285246937         0.0422019863
  4036         0.0000000000         0.0246357417         0.0397161908
  4037         0.0000000000         0.0285246937         0.0471735772
  4038         0.0000000000         0.0207467898         0.0422019863
  4039         0.0000000000         0.0207467898         0.0372303954
  4040         0.0000000000         0.0051909820         0.1615201681
  4041         0.0000000000         0.0051909820         0.1664917590
  4042         0.0000000000         0.0051909820         0.1565485772
  4043         0.0000000000         0.0090799339         0.1590343726
  4044         0.0000000000         0.0129688859         0.1615201681
  4045         0.0000000000         0.0090799339         0.1689775545
  4046         0.0000000000         0.0051909820         0.1714633499
  4047         0.0000000000         0.0129688859         0.1664917590
  4048         0.0000000000         0.0129688859         0.1714633499
  4049         0.0000000000         0.0129688859         0.1764349408
  4050         0.0000000000         0.0051909820         0.0819747136
  4051         0.0000000000         0.0051909820         0.0869463045
  4052         0.0000000000         0.0051909820         0.0770031226
  4053         0.0000000000         0.0090799339         0.0794889181
  4054         0.0000000000         0.0051909820         0.0720315317
  4055         0.0000000000         0.0129688859         0.0770031226
  4056         0.0000000000         0.0129688859         0.0819747136
  4057         0.0000000000         0.0051909820         0.1814065317
  4058         0.0000000000         0.0051909820         0.1863781226
  4059         0.0000000000         0.0051909820         0.1764349408
  4060         0.0000000000         0.0090799339         0.1789207363
  4061         0.0000000000         0.0129688859         0.1814065317
  4062         0.0000000000         0.0090799339         0.1888639181
  4063         0.0000000000         0.0051909820         0.1913497136
  4064         0.0000000000         0.0129688859         0.1863781226
  4065         0.0000000000         0.0129688859         0.1913497136
  4066         0.0000000000         0.0129688859         0.1963213045
  4067         0.0000000000         0.0051909820         0.2012928954
  4068         0.0000000000         0.0051909820         0.2062644863
  4069         0.0000000000         0.0051909820         0.1963213045
  4070         0.0000000000         0.0090799339         0.1988070999
  4071         0.0000000000         0.0129688859         0.2012928954
  4072         0.0000000000         0.0285246933        -0.0025423319
  4073         0.0000000000         0.0285246933         0.0024292590
  4074         0.0000000000         0.0246357409        -0.0000565364
  4075         0.0000000000         0.0285246933         0.0074008499
  4076         0.0000000000         0.0207467885         0.0024292590
  4077         0.0000000000         0.0090799339         0.2087502817
  4078         0.0000000000         0.0051909820         0.2112360772
  4079         0.0000000000         0.0129688859         0.2062644863
  4080         0.0000000000         0.0129688859         0.2112360772
  4081         0.0000000000         0.0129688859         0.2162076681
  4082         0.0000000000         0.0090799169        -0.0298860819
  4083         0.0000000000         0.0129688543        -0.0323718774
  4084         0.0000000000         0.0129688664        -0.0274002864
  4085         0.0000000000         0.0168577916        -0.0348576728
  4086         0.0000000000         0.0168578159        -0.0249144910
  4087         0.0000000000         0.0051909820         0.2211792590
  4088         0.0000000000         0.0051909820         0.2261508499
  4089         0.0000000000         0.0051909820         0.2162076681
  4090         0.0000000000         0.0090799339         0.2186934636
  4091         0.0000000000         0.0129688859         0.2211792590
  4092         0.0000000000         0.0285246937         0.0571167590
  4093         0.0000000000         0.0285246937         0.0521451681
  4094         0.0000000000         0.0285246937         0.0620883499
  4095         0.0000000000         0.0246357417         0.0596025545
  4096         0.0000000000         0.0285246937         0.0670599408
  4097         0.0000000000         0.0207467898         0.0620883499
  4098         0.0000000000         0.0207467898         0.0571167590
  4099         0.0000000000         0.0246278869        -0.2088706898
  4100         0.0000000000         0.0207389349        -0.2063848944
  4101         0.0000000000         0.0207310801        -0.2113638205
  4102         0.0000000000         0.0168499830        -0.2038990989
  4103         0.0000000000         0.0168342733        -0.2138569511
  4104         0.0000000000         0.0129228996        -0.2063848944
  4105         0.0000000000         0.0089958162        -0.2088706898
  4106         0.0000000000         0.0129150447        -0.2113638205
  4107         0.0000000000         0.0287016218         0.2362319888
  4108         0.0000000000         0.0286560658         0.2312067939
  4109         0.0000000000         0.0287471778         0.2412571838
  4110         0.0000000000         0.0247167528         0.2387882719
  4111         0.0000000000         0.0206863278         0.2363193600
  4112         0.0000000000         0.0246357413         0.0098866454
  4113         0.0000000000         0.0207467894         0.0123724408
  4114         0.0000000000         0.0207467890         0.0074008499
  4115         0.0000000000         0.0168578374         0.0148582363
  4116         0.0000000000         0.0168578366         0.0049150545
  4117         0.0000000000         0.0207466002        -0.0522582410
  4118         0.0000000000         0.0246356396        -0.0497724455
  4119         0.0000000000         0.0207466731        -0.0472866501
  4120         0.0000000000         0.0285246791        -0.0472866501
  4121         0.0000000000         0.0207467460        -0.0423150592
  4122         0.0000000000         0.0246357417         0.0894320999
  4123         0.0000000000         0.0207467898         0.0919178954
  4124         0.0000000000         0.0207467898         0.0869463045
  4125         0.0000000000         0.0168578378         0.0944036908
  4126         0.0000000000         0.0168578378         0.0844605090
  4127         0.0000000000         0.0129688859         0.0919178954
  4128         0.0000000000         0.0090799339         0.0894320999
  4129         0.0000000000         0.0129688859         0.0869463045
  4130         0.0000000000         0.0285246791        -0.0423150592
  4131         0.0000000000         0.0285246791        -0.0373434683
  4132         0.0000000000         0.0246357126        -0.0398292637
  4133         0.0000000000         0.0285246791        -0.0323718774
  4134         0.0000000000         0.0207467460        -0.0373434683
  4135         0.0000000000         0.0090408392         0.2287105993
  4136         0.0000000000         0.0051518872         0.2311963948
  4137         0.0000000000         0.0129297911         0.2262248039
  4138         0.0000000000         0.0128906964         0.2312703487
  4139         0.0000000000         0.0168187431         0.2237390084
  4140         0.0000000000         0.0167405536         0.2338300982
  4141         0.0000000000         0.0128516016         0.2363158936
  4142         0.0000000000         0.0207645173         0.2262282703
  4143         0.0000000000         0.0247102916         0.2287175321
  4144         0.0000000000         0.0207254226         0.2312738151
  4145         0.0000000000         0.0129688859         0.0720315317
  4146         0.0000000000         0.0168578378         0.0745173272
  4147         0.0000000000         0.0090799339         0.0695457363
  4148         0.0000000000         0.0129688859         0.0670599408
  4149         0.0000000000         0.0051909820         0.0670599408
  4150         0.0000000000         0.0129688859         0.0620883499
  4151         0.0000000000         0.0168578378         0.0645741454
  4152         0.0000000000         0.0246357417         0.0496593726
  4153         0.0000000000         0.0207467898         0.0521451681
  4154         0.0000000000         0.0207467898         0.0471735772
  4155         0.0000000000         0.0168578378         0.0546309636
  4156         0.0000000000         0.0168578378         0.0446877817
  4157         0.0000000000         0.0246357417         0.0695457363
  4158         0.0000000000         0.0207467898         0.0720315317
  4159         0.0000000000         0.0207467898         0.0670599408
  4160         0.0000000000         0.0246357417         0.0297730090
  4161         0.0000000000         0.0207467898         0.0322588045
  4162         0.0000000000         0.0207467898         0.0272872136
  4163         0.0000000000         0.0168578378         0.0347445999
  4164         0.0000000000         0.0168578378         0.0248014181
  4165         0.0000000000         0.0051909820         0.0620883499
  4166         0.0000000000         0.0051909820         0.0571167590
  4167         0.0000000000         0.0090799339         0.0596025545
  4168         0.0000000000         0.0051909820         0.0521451681
  4169         0.0000000000         0.0129688859         0.0571167590
  4170         0.0000000000         0.0129688859         0.0521451681
  4171         0.0000000000         0.0090799339         0.0496593726
  4172         0.0000000000         0.0129688859         0.0471735772
  4173         0.0000000000         0.0051909820         0.0471735772
  4174         0.0000000000         0.0129688859         0.0422019863
  4175         0.0000000000         0.0051909820         0.0422019863
  4176         0.0000000000         0.0051909820         0.0372303954
  4177         0.0000000000         0.0090799339         0.0397161908
  4178         0.0000000000         0.0051909820         0.0322588045
  4179         0.0000000000         0.0129688859         0.0372303954
  4180         0.0000000000         0.0207467582        -0.0323718774
  4181         0.0000000000         0.0246357247        -0.0298860819
  4182         0.0000000000         0.0207467703        -0.0274002864
  4183         0.0000000000         0.0285246912        -0.0274002864
  4184         0.0000000000         0.0207467825        -0.0224286955
  4185         0.0000000000         0.0129688859         0.0322588045
  4186         0.0000000000         0.0090799339         0.0297730090
  4187         0.0000000000         0.0129688859         0.0272872136
  4188         0.0000000000         0.0051909820         0.0272872136
  4189         0.0000000000         0.0129688859         0.0223156226
  4190         0.0000000000         0.0051909820         0.0223156226
  4191         0.0000000000         0.0051909820         0.0173440317
  4192         0.0000000000         0.0090799339         0.0198298272
  4193         0.0000000000         0.0051909820         0.0123724408
  4194         0.0000000000         0.0129688859         0.0173440317
  4195         0.0000000000         0.0285246912        -0.0224286955
  4196         0.0000000000         0.0285246912        -0.0174571046
  4197         0.0000000000         0.0246357369        -0.0199429001
  4198         0.0000000000         0.0129688855         0.0123724408
  4199         0.0000000000         0.0090799335         0.0098866454
  4200         0.0000000000         0.0129688851         0.0074008499
  4201         0.0000000000         0.0051909816         0.0074008499
  4202         0.0000000000         0.0129688846         0.0024292590
  4203         0.0000000000         0.0051909816         0.0024292590
  4204         0.0000000000         0.0051909816        -0.0025423319
  4205         0.0000000000         0.0090799331        -0.0000565364
  4206         0.0000000000         0.0048020978         0.2412211057
  4207         0.0000000000         0.0049769925         0.2362087503
  4208         0.0000000000         0.0088268497         0.2387684997
  4209         0.0000000000         0.0247930206        -0.2289041554
  4210         0.0000000000         0.0287722001        -0.2314561666
  4211         0.0000000000         0.0208138410        -0.2263521442
  4212         0.0000000000         0.0208220841        -0.2313163999
  4213         0.0000000000         0.0208303271        -0.2362806556
  4214         0.0000000000         0.0089984989        -0.1293179001
  4215         0.0000000000         0.0050690920        -0.1268321046
  4216         0.0000000000         0.0129279059        -0.1318036955
  4217         0.0000000000         0.0129273810        -0.1268321046
  4218         0.0000000000         0.0129268561        -0.1218605137
  4219         0.0000000000         0.0129681860        -0.0671730137
  4220         0.0000000000         0.0090793215        -0.0696588092
  4221         0.0000000000         0.0129677485        -0.0721446046
  4222         0.0000000000         0.0051904570        -0.0721446046
  4223         0.0000000000         0.0129673111        -0.0771161955
  4224         0.0000000000         0.0283242521        -0.2424879028
  4225         0.0000000000         0.0281002781        -0.2480037708
  4226         0.0000000000         0.0285482261        -0.2369720347
  4227         0.0000000000         0.0245772896        -0.2393842792
  4228         0.0000000000         0.0206063531        -0.2417965237
  4229         0.0000000000         0.0051209409        -0.0771161955
  4230         0.0000000000         0.0050514247        -0.0820877864
  4231         0.0000000000         0.0090093679        -0.0796019910
  4232         0.0000000000         0.0049839356        -0.1168889228
  4233         0.0000000000         0.0050265138        -0.1218605137
  4234         0.0000000000         0.0089553958        -0.1193747183
  4235         0.0000000000        -0.0125559021         0.2705086780
  4236         0.0000000000        -0.0126108107         0.2753323465
  4237         0.0000000000        -0.0125009934         0.2656850096
  4238         0.0000000000        -0.0085094919         0.2681658863
  4239         0.0000000000        -0.0045179903         0.2706467631
  4240         0.0000000000        -0.0417219911        -0.4339219465
  4241         0.0000000000        -0.0467219911        -0.4339219465
  4242         0.0000000000        -0.0367219911        -0.4339219465
  4243         0.0000000000        -0.0380797238        -0.4302873566
  4244         0.0000000000        -0.0317219911        -0.4339219465
  4245         0.0000000000        -0.0344374566        -0.4266527667
  4246         0.0000000000        -0.0394374566        -0.4266527667
  4247         0.0000000000         0.0409934745         0.4338088736
  4248         0.0000000000         0.0459934745         0.4338088736
  4249         0.0000000000         0.0359934745         0.4338088736
  4250         0.0000000000         0.0373512073         0.4301742837
  4251         0.0000000000         0.0309934745         0.4338088736
  4252         0.0000000000         0.0337089400         0.4265396938
  4253         0.0000000000         0.0387089400         0.4265396938
  4254         0.0000000000        -0.0467219911        -0.4239787647
  4255         0.0000000000        -0.0467219911        -0.4190071738
  4256         0.0000000000        -0.0467219911        -0.4289503556
  4257         0.0000000000        -0.0430797238        -0.4253157657
  4258         0.0000000000        -0.0394374566        -0.4216811758
  4259         0.0000000000         0.0459934745         0.4238656918
  4260         0.0000000000         0.0459934745         0.4188941009
  4261         0.0000000000         0.0459934745         0.4288372827
  4262         0.0000000000         0.0423512073         0.4252026928
  4263         0.0000000000         0.0387089400         0.4215681029
  4264         0.0000000000        -0.0021430513         0.2954878727
  4265         0.0000000000        -0.0067695732         0.2954489157
  4266         0.0000000000        -0.0033731559         0.2917226756
  4267         0.0000000000         0.0199413193        -0.3301441979
  4268         0.0000000000         0.0247356917        -0.3280572664
  4269         0.0000000000         0.0212489535        -0.3257338811
  4270         0.0000000000         0.0295300642        -0.3259703350
  4271         0.0000000000         0.0225565877        -0.3213235643
  4272         0.0000000000         0.0456157787         0.3056585749
  4273         0.0000000000         0.0456157787         0.3106301658
  4274         0.0000000000         0.0415958157         0.3081066408
  4275         0.0000000000        -0.0418358091        -0.3191171112
  4276         0.0000000000        -0.0371940442        -0.3221705180
  4277         0.0000000000        -0.0379491250        -0.3169424608
  4278         0.0000000000        -0.0224695163        -0.3090495157
  4279         0.0000000000        -0.0232937838        -0.3048384918
  4280         0.0000000000        -0.0268602739        -0.3078092536
  4281         0.0000000000         0.0287218664        -0.1222029361
  4282         0.0000000000         0.0289195641        -0.1175737676
  4283         0.0000000000         0.0248323895        -0.1197171407
  4284         0.0000000000         0.0289195641        -0.0814029416
  4285         0.0000000000         0.0287218664        -0.0767737731
  4286         0.0000000000         0.0248323895        -0.0792595686
  4287         0.0000000000         0.0115951196         0.2672476928
  4288         0.0000000000         0.0113213792         0.2725424825
  4289         0.0000000000         0.0074816396         0.2693647156
  4290         0.0000000000         0.0110476387         0.2778372722
  4291         0.0000000000         0.0033681595         0.2714817383
  4292         0.0000000000         0.0048072882        -0.2358006363
  4293         0.0000000000         0.0046984818        -0.2404543785
  4294         0.0000000000         0.0087883869        -0.2383159716
  4295         0.0000000000         0.0045896754        -0.2451081206
  4296         0.0000000000         0.0127694855        -0.2408313069
  4297         0.0000000000         0.0111897776        -0.3447713822
  4298         0.0000000000         0.0147088165        -0.3410522404
  4299         0.0000000000         0.0076707387        -0.3484905240
  4300         0.0000000000         0.0120592813        -0.3491821765
  4301         0.0000000000         0.0041516999        -0.3522096658
  4302         0.0000000000         0.0129287851        -0.3535929707
  4303         0.0000000000         0.0164478240        -0.3498738289
  4304         0.0000000000        -0.0119306170         0.3446123743
  4305         0.0000000000        -0.0154592974         0.3408781497
  4306         0.0000000000        -0.0084019366         0.3483465990
  4307         0.0000000000        -0.0127939566         0.3490397575
  4308         0.0000000000        -0.0048732562         0.3520808236
  4309         0.0000000000        -0.0136572961         0.3534671407
  4310         0.0000000000        -0.0171859766         0.3497329161
  4311         0.0000000000        -0.0073394286         0.3563161272
  4312         0.0000000000        -0.0098056010         0.3605514308
  4313         0.0000000000        -0.0117314486         0.3570092858
  4314         0.0000000000         0.0066167495        -0.3564453768
  4315         0.0000000000         0.0090817992        -0.3606810877
  4316         0.0000000000         0.0110052921        -0.3571370292
  4317         0.0000000000         0.0293137834        -0.3211745278
  4318         0.0000000000         0.0290975027        -0.3163787206
  4319         0.0000000000         0.0258270452        -0.3188511424
  4320         0.0000000000         0.0288812220        -0.3115829134
  4321         0.0000000000         0.0223403069        -0.3165277571
  4322         0.0000000000         0.0302158270         0.2957293766
  4323         0.0000000000         0.0302326005         0.3006588287
  4324         0.0000000000         0.0269260846         0.2982159277
  4325         0.0000000000         0.0302493739         0.3055882808
  4326         0.0000000000         0.0236363421         0.3007024788
  4327         0.0000000000        -0.0303954863         0.3205210062
  4328         0.0000000000        -0.0303589405         0.3155758791
  4329         0.0000000000        -0.0269083186         0.3180245313
  4330         0.0000000000        -0.0470872828        -0.3851846338
  4331         0.0000000000        -0.0470872828        -0.3901562247
  4332         0.0000000000        -0.0438103074        -0.3875002312
  4333         0.0000000000         0.0463594004         0.3850710503
  4334         0.0000000000         0.0463594004         0.3900426412
  4335         0.0000000000         0.0430830590         0.3873861370
  4336         0.0000000000         0.0087877301        -0.3765976467
  4337         0.0000000000         0.0062987602        -0.3809061448
  4338         0.0000000000         0.0104410741        -0.3804259383
  4339         0.0000000000        -0.0095120603         0.3764678417
  4340         0.0000000000        -0.0070234687         0.3807779034
  4341         0.0000000000        -0.0111667864         0.3802967422
  4342         0.0000000000         0.0124224933        -0.3106588192
  4343         0.0000000000         0.0154764660        -0.3067599403
  4344         0.0000000000         0.0093685207        -0.3145576981
  4345         0.0000000000         0.0136202878        -0.3147388987
  4346         0.0000000000         0.0178720549        -0.3149200994
  4347         0.0000000000         0.0237691478        -0.2488156343
  4348         0.0000000000         0.0200221853        -0.2457120107
  4349         0.0000000000         0.0194380174        -0.2496274978
  4350         0.0000000000         0.0162752228        -0.2426083872
  4351         0.0000000000         0.0151068871        -0.2504393613
  4352         0.0000000000         0.0100926920        -0.2636852398
  4353         0.0000000000         0.0054613201        -0.2628327304
  4354         0.0000000000         0.0147240638        -0.2645377493
  4355         0.0000000000         0.0131131584        -0.2608592792
  4356         0.0000000000         0.0115022529        -0.2571808090
  4357         0.0000000000        -0.0471252644        -0.3455821046
  4358         0.0000000000        -0.0471252644        -0.3505536955
  4359         0.0000000000        -0.0438862706        -0.3480679001
  4360         0.0000000000         0.0463993174         0.3454690317
  4361         0.0000000000         0.0463993174         0.3504406226
  4362         0.0000000000         0.0431628931         0.3479548272
  4363         0.0000000000         0.0241790097        -0.3464484558
  4364         0.0000000000         0.0194439131        -0.3437503481
  4365         0.0000000000         0.0203134168        -0.3481611423
  4366         0.0000000000        -0.0249157464         0.3463126140
  4367         0.0000000000        -0.0201875219         0.3435953819
  4368         0.0000000000        -0.0210508615         0.3480227651
  4369         0.0000000000         0.0140125962         0.3067110353
  4370         0.0000000000         0.0170850754         0.3105495956
  4371         0.0000000000         0.0109401170         0.3028724749
  4372         0.0000000000         0.0150941798         0.3026143627
  4373         0.0000000000         0.0192482426         0.3023562504
  4374         0.0000000000        -0.0291012093        -0.4298359831
  4375         0.0000000000        -0.0264804276        -0.4257500196
  4376         0.0000000000        -0.0304589421        -0.4262013932
  4377         0.0000000000        -0.0238596459        -0.4216640562
  4378         0.0000000000        -0.0318166749        -0.4225668032
  4379         0.0000000000         0.0283731266         0.4297226135
  4380         0.0000000000         0.0257527786         0.4256363534
  4381         0.0000000000         0.0297308593         0.4260880236
  4382         0.0000000000         0.0231324307         0.4215500933
  4383         0.0000000000         0.0310885921         0.4224534337
  4384         0.0000000000         0.0244129700        -0.3099752557
  4385         0.0000000000         0.0199447180        -0.3083675980
  4386         0.0000000000         0.0211425124        -0.3124476775
  4387         0.0000000000        -0.0375899100        -0.2753530741
  4388         0.0000000000        -0.0420092306        -0.2779205311
  4389         0.0000000000        -0.0380735235        -0.2799428917
  4390         0.0000000000         0.0418168558        -0.4165410306
  4391         0.0000000000         0.0376647486        -0.4140995389
  4392         0.0000000000         0.0381500772        -0.4178533802
  4393         0.0000000000         0.0335126413        -0.4116580472
  4394         0.0000000000         0.0344832986        -0.4191657297
  4395         0.0000000000        -0.0425455834         0.4164277974
  4396         0.0000000000        -0.0383935030         0.4139859602
  4397         0.0000000000        -0.0388789889         0.4177403321
  4398         0.0000000000        -0.0342414227         0.4115441229
  4399         0.0000000000        -0.0352123943         0.4190528667
  4400         0.0000000000         0.0464254463        -0.2710739675
  4401         0.0000000000         0.0464254463        -0.2661023766
  4402         0.0000000000         0.0432151509        -0.2686538986
  4403         0.0000000000         0.0259157968        -0.4255236872
  4404         0.0000000000         0.0233892136        -0.4213368833
  4405         0.0000000000         0.0284423799        -0.4297104912
  4406         0.0000000000         0.0297756013        -0.4260512498
  4407         0.0000000000         0.0311088227        -0.4223920084
  4408         0.0000000000        -0.0266448671         0.4254103019
  4409         0.0000000000        -0.0241184687         0.4212232492
  4410         0.0000000000        -0.0291712654         0.4295973546
  4411         0.0000000000        -0.0305046709         0.4259382984
  4412         0.0000000000        -0.0318380764         0.4222792422
  4413         0.0000000000        -0.0376684091        -0.4131000904
  4414         0.0000000000        -0.0331416181        -0.4101465486
  4415         0.0000000000        -0.0421952001        -0.4160536321
  4416         0.0000000000        -0.0385529328        -0.4173906331
  4417         0.0000000000        -0.0349106656        -0.4187276340
  4418         0.0000000000         0.0369411421         0.4129863146
  4419         0.0000000000         0.0324149759         0.4100324215
  4420         0.0000000000         0.0414673083         0.4159402078
  4421         0.0000000000         0.0378250411         0.4172772087
  4422         0.0000000000         0.0341827738         0.4186142097
  4423         0.0000000000         0.0258612744         0.3072420524
  4424         0.0000000000         0.0214731749         0.3088958240
  4425         0.0000000000         0.0225547585         0.3047991514
  4426         0.0000000000         0.0031843437         0.2754635551
  4427         0.0000000000        -0.0006553959         0.2722857881
  4428         0.0000000000         0.0070240833         0.2786413220
  4429         0.0000000000         0.0030005280         0.2794453719
  4430         0.0000000000        -0.0010230274         0.2802494218
  4431         0.0000000000        -0.0269536367        -0.4178248870
  4432         0.0000000000        -0.0300476274        -0.4139857178
  4433         0.0000000000        -0.0309321511        -0.4182762605
  4434         0.0000000000         0.0262266124         0.4177108694
  4435         0.0000000000         0.0293207942         0.4138716454
  4436         0.0000000000         0.0302046931         0.4181625395
  4437         0.0000000000         0.0044907784        -0.2536266486
  4438         0.0000000000         0.0040055076        -0.2490236077
  4439         0.0000000000         0.0049760493        -0.2582296895
  4440         0.0000000000         0.0079965157        -0.2554037288
  4441         0.0000000000         0.0110169821        -0.2525777681
  4442         0.0000000000         0.0121853177        -0.2447467940
  4443         0.0000000000         0.0080954127        -0.2468852008
  4444         0.0000000000         0.0116011499        -0.2486622811
  4445         0.0000000000         0.0301381654        -0.4148843259
  4446         0.0000000000         0.0267636895        -0.4181106046
  4447         0.0000000000         0.0306234940        -0.4186381672
  4448         0.0000000000        -0.0308671047         0.4147704984
  4449         0.0000000000        -0.0274927867         0.4179968738
  4450         0.0000000000        -0.0313525905         0.4185248703
  4451         0.0000000000        -0.0087482163         0.2769713716
  4452         0.0000000000        -0.0047018061         0.2746285799
  4453         0.0000000000        -0.0048856218         0.2786103967
$EndNodes
$Elements
  8512
     1 2 2       1      1   414  1360  1362
     2 2 2       1      1  1360  1361  1362
     3 2 2       1      1  1360   611  1361
     4 2 2       1      1  1362  1361   613
     5 2 2       1      1   611  1363  1361
     6 2 2       1      1  1363  1364  1361
     7 2 2       1      1  1363   612  1364
     8 2 2       1      1  1361  1364   613
     9 2 2       1      1   611  1365  1363
    10 2 2       1      1  1365  1366  1363
    11 2 2       1      1  1365   436  1366
    12 2 2       1      1  1363  1366   612
    13 2 2       1      1   613  1364  1368
    14 2 2       1      1  1364  1367  1368
    15 2 2       1      1  1364   612  1367
    16 2 2       1      1  1368  1367   559
    17 2 2       1      1   432  1369  1371
    18 2 2       1      1  1369  1370  1371
    19 2 2       1      1  1369   614  1370
    20 2 2       1      1  1371  1370   616
    21 2 2       1      1   614  1372  1370
    22 2 2       1      1  1372  1373  1370
    23 2 2       1      1  1372   615  1373
    24 2 2       1      1  1370  1373   616
    25 2 2       1      1   614  1374  1372
    26 2 2       1      1  1374  1375  1372
    27 2 2       1      1  1374   455  1375
    28 2 2       1      1  1372  1375   615
    29 2 2       1      1   616  1373  1377
    30 2 2       1      1  1373  1376  1377
    31 2 2       1      1  1373   615  1376
    32 2 2       1      1  1377  1376   560
    33 2 2       1      1   465  1378  1380
    34 2 2       1      1  1378  1379  1380
    35 2 2       1      1  1378   617  1379
    36 2 2       1      1  1380  1379   619
    37 2 2       1      1   617  1381  1379
    38 2 2       1      1  1381  1382  1379
    39 2 2       1      1  1381   618  1382
    40 2 2       1      1  1379  1382   619
    41 2 2       1      1   617  1383  1381
    42 2 2       1      1  1383  1384  1381
    43 2 2       1      1  1383   463  1384
    44 2 2       1      1  1381  1384   618
    45 2 2       1      1   619  1382  1386
    46 2 2       1      1  1382  1385  1386
    47 2 2       1      1  1382   618  1385
    48 2 2       1      1  1386  1385   545
    49 2 2       1      1   446  1387  1389
    50 2 2       1      1  1387  1388  1389
    51 2 2       1      1  1387   620  1388
    52 2 2       1      1  1389  1388   622
    53 2 2       1      1   620  1390  1388
    54 2 2       1      1  1390  1391  1388
    55 2 2       1      1  1390   621  1391
    56 2 2       1      1  1388  1391   622
    57 2 2       1      1   620  1392  1390
    58 2 2       1      1  1392  1393  1390
    59 2 2       1      1  1392   444  1393
    60 2 2       1      1  1390  1393   621
    61 2 2       1      1   622  1391  1395
    62 2 2       1      1  1391  1394  1395
    63 2 2       1      1  1391   621  1394
    64 2 2       1      1  1395  1394   526
    65 2 2       1      1   436  1365  1397
    66 2 2       1      1  1365  1396  1397
    67 2 2       1      1  1365   611  1396
    68 2 2       1      1  1397  1396   624
    69 2 2       1      1   611  1398  1396
    70 2 2       1      1  1398  1399  1396
    71 2 2       1      1  1398   623  1399
    72 2 2       1      1  1396  1399   624
    73 2 2       1      1   611  1360  1398
    74 2 2       1      1  1360  1400  1398
    75 2 2       1      1  1360   414  1400
    76 2 2       1      1  1398  1400   623
    77 2 2       1      1   624  1399  1402
    78 2 2       1      1  1399  1401  1402
    79 2 2       1      1  1399   623  1401
    80 2 2       1      1  1402  1401   595
    81 2 2       1      1   455  1374  1404
    82 2 2       1      1  1374  1403  1404
    83 2 2       1      1  1374   614  1403
    84 2 2       1      1  1404  1403   626
    85 2 2       1      1   614  1405  1403
    86 2 2       1      1  1405  1406  1403
    87 2 2       1      1  1405   625  1406
    88 2 2       1      1  1403  1406   626
    89 2 2       1      1   614  1369  1405
    90 2 2       1      1  1369  1407  1405
    91 2 2       1      1  1369   432  1407
    92 2 2       1      1  1405  1407   625
    93 2 2       1      1   626  1406  1409
    94 2 2       1      1  1406  1408  1409
    95 2 2       1      1  1406   625  1408
    96 2 2       1      1  1409  1408   596
    97 2 2       1      1   396  1410  1412
    98 2 2       1      1  1410  1411  1412
    99 2 2       1      1  1410   627  1411
   100 2 2       1      1  1412  1411   629
   101 2 2       1      1   627  1413  1411
   102 2 2       1      1  1413  1414  1411
   103 2 2       1      1  1413   628  1414
   104 2 2       1      1  1411  1414   629
   105 2 2       1      1   627  1415  1413
   106 2 2       1      1  1415  1416  1413
   107 2 2       1      1  1415   443  1416
   108 2 2       1      1  1413  1416   628
   109 2 2       1      1   629  1414  1418
   110 2 2       1      1  1414  1417  1418
   111 2 2       1      1  1414   628  1417
   112 2 2       1      1  1418  1417   444
   113 2 2       1      1   426  1419  1421
   114 2 2       1      1  1419  1420  1421
   115 2 2       1      1  1419   630  1420
   116 2 2       1      1  1421  1420   632
   117 2 2       1      1   630  1422  1420
   118 2 2       1      1  1422  1423  1420
   119 2 2       1      1  1422   631  1423
   120 2 2       1      1  1420  1423   632
   121 2 2       1      1   630  1424  1422
   122 2 2       1      1  1424  1425  1422
   123 2 2       1      1  1424   462  1425
   124 2 2       1      1  1422  1425   631
   125 2 2       1      1   632  1423  1427
   126 2 2       1      1  1423  1426  1427
   127 2 2       1      1  1423   631  1426
   128 2 2       1      1  1427  1426   463
   129 2 2       1      1   433  1428  1430
   130 2 2       1      1  1428  1429  1430
   131 2 2       1      1  1428   633  1429
   132 2 2       1      1  1430  1429   635
   133 2 2       1      1   633  1431  1429
   134 2 2       1      1  1431  1432  1429
   135 2 2       1      1  1431   634  1432
   136 2 2       1      1  1429  1432   635
   137 2 2       1      1   633  1433  1431
   138 2 2       1      1  1433  1434  1431
   139 2 2       1      1  1433   437  1434
   140 2 2       1      1  1431  1434   634
   141 2 2       1      1   635  1432  1436
   142 2 2       1      1  1432  1435  1436
   143 2 2       1      1  1432   634  1435
   144 2 2       1      1  1436  1435   439
   145 2 2       1      1   434  1437  1439
   146 2 2       1      1  1437  1438  1439
   147 2 2       1      1  1437   636  1438
   148 2 2       1      1  1439  1438   638
   149 2 2       1      1   636  1440  1438
   150 2 2       1      1  1440  1441  1438
   151 2 2       1      1  1440   637  1441
   152 2 2       1      1  1438  1441   638
   153 2 2       1      1   636  1442  1440
   154 2 2       1      1  1442  1443  1440
   155 2 2       1      1  1442   456  1443
   156 2 2       1      1  1440  1443   637
   157 2 2       1      1   638  1441  1445
   158 2 2       1      1  1441  1444  1445
   159 2 2       1      1  1441   637  1444
   160 2 2       1      1  1445  1444   458
   161 2 2       1      1   449  1446  1448
   162 2 2       1      1  1446  1447  1448
   163 2 2       1      1  1446   639  1447
   164 2 2       1      1  1448  1447   641
   165 2 2       1      1   639  1449  1447
   166 2 2       1      1  1449  1450  1447
   167 2 2       1      1  1449   640  1450
   168 2 2       1      1  1447  1450   641
   169 2 2       1      1   639  1451  1449
   170 2 2       1      1  1451  1452  1449
   171 2 2       1      1  1451   397  1452
   172 2 2       1      1  1449  1452   640
   173 2 2       1      1   641  1450  1454
   174 2 2       1      1  1450  1453  1454
   175 2 2       1      1  1450   640  1453
   176 2 2       1      1  1454  1453   604
   177 2 2       1      1   463  1455  1384
   178 2 2       1      1  1455  1456  1384
   179 2 2       1      1  1455   642  1456
   180 2 2       1      1  1384  1456   618
   181 2 2       1      1   642  1457  1456
   182 2 2       1      1  1457  1458  1456
   183 2 2       1      1  1457   643  1458
   184 2 2       1      1  1456  1458   618
   185 2 2       1      1   642  1459  1457
   186 2 2       1      1  1459  1460  1457
   187 2 2       1      1  1459   461  1460
   188 2 2       1      1  1457  1460   643
   189 2 2       1      1   618  1458  1385
   190 2 2       1      1  1458  1461  1385
   191 2 2       1      1  1458   643  1461
   192 2 2       1      1  1385  1461   545
   193 2 2       1      1   397  1451  1463
   194 2 2       1      1  1451  1462  1463
   195 2 2       1      1  1451   639  1462
   196 2 2       1      1  1463  1462   645
   197 2 2       1      1   639  1464  1462
   198 2 2       1      1  1464  1465  1462
   199 2 2       1      1  1464   644  1465
   200 2 2       1      1  1462  1465   645
   201 2 2       1      1   639  1446  1464
   202 2 2       1      1  1446  1466  1464
   203 2 2       1      1  1446   449  1466
   204 2 2       1      1  1464  1466   644
   205 2 2       1      1   645  1465  1468
   206 2 2       1      1  1465  1467  1468
   207 2 2       1      1  1465   644  1467
   208 2 2       1      1  1468  1467   554
   209 2 2       1      1   444  1469  1393
   210 2 2       1      1  1469  1470  1393
   211 2 2       1      1  1469   646  1470
   212 2 2       1      1  1393  1470   621
   213 2 2       1      1   646  1471  1470
   214 2 2       1      1  1471  1472  1470
   215 2 2       1      1  1471   647  1472
   216 2 2       1      1  1470  1472   621
   217 2 2       1      1   646  1473  1471
   218 2 2       1      1  1473  1474  1471
   219 2 2       1      1  1473   442  1474
   220 2 2       1      1  1471  1474   647
   221 2 2       1      1   621  1472  1394
   222 2 2       1      1  1472  1475  1394
   223 2 2       1      1  1472   647  1475
   224 2 2       1      1  1394  1475   526
   225 2 2       1      1   191    58  1477
   226 2 2       1      1    58  1476  1477
   227 2 2       1      1    58   147  1476
   228 2 2       1      1  1477  1476   649
   229 2 2       1      1   147  1478  1476
   230 2 2       1      1  1478  1479  1476
   231 2 2       1      1  1478   648  1479
   232 2 2       1      1  1476  1479   649
   233 2 2       1      1   147    59  1478
   234 2 2       1      1    59  1480  1478
   235 2 2       1      1    59   190  1480
   236 2 2       1      1  1478  1480   648
   237 2 2       1      1   649  1479  1482
   238 2 2       1      1  1479  1481  1482
   239 2 2       1      1  1479   648  1481
   240 2 2       1      1  1482  1481   453
   241 2 2       1      1   443  1415  1484
   242 2 2       1      1  1415  1483  1484
   243 2 2       1      1  1415   627  1483
   244 2 2       1      1  1484  1483   651
   245 2 2       1      1   627  1485  1483
   246 2 2       1      1  1485  1486  1483
   247 2 2       1      1  1485   650  1486
   248 2 2       1      1  1483  1486   651
   249 2 2       1      1   627  1410  1485
   250 2 2       1      1  1410  1487  1485
   251 2 2       1      1  1410   396  1487
   252 2 2       1      1  1485  1487   650
   253 2 2       1      1   651  1486  1489
   254 2 2       1      1  1486  1488  1489
   255 2 2       1      1  1486   650  1488
   256 2 2       1      1  1489  1488   598
   257 2 2       1      1   462  1424  1491
   258 2 2       1      1  1424  1490  1491
   259 2 2       1      1  1424   630  1490
   260 2 2       1      1  1491  1490   653
   261 2 2       1      1   630  1492  1490
   262 2 2       1      1  1492  1493  1490
   263 2 2       1      1  1492   652  1493
   264 2 2       1      1  1490  1493   653
   265 2 2       1      1   630  1419  1492
   266 2 2       1      1  1419  1494  1492
   267 2 2       1      1  1419   426  1494
   268 2 2       1      1  1492  1494   652
   269 2 2       1      1   653  1493  1496
   270 2 2       1      1  1493  1495  1496
   271 2 2       1      1  1493   652  1495
   272 2 2       1      1  1496  1495   599
   273 2 2       1      1   358  1497  1499
   274 2 2       1      1  1497  1498  1499
   275 2 2       1      1  1497   654  1498
   276 2 2       1      1  1499  1498   656
   277 2 2       1      1   654  1500  1498
   278 2 2       1      1  1500  1501  1498
   279 2 2       1      1  1500   655  1501
   280 2 2       1      1  1498  1501   656
   281 2 2       1      1   654  1502  1500
   282 2 2       1      1  1502  1503  1500
   283 2 2       1      1  1502   591  1503
   284 2 2       1      1  1500  1503   655
   285 2 2       1      1   656  1501  1505
   286 2 2       1      1  1501  1504  1505
   287 2 2       1      1  1501   655  1504
   288 2 2       1      1  1505  1504   604
   289 2 2       1      1   433  1430  1507
   290 2 2       1      1  1430  1506  1507
   291 2 2       1      1  1430   635  1506
   292 2 2       1      1  1507  1506   658
   293 2 2       1      1   635  1508  1506
   294 2 2       1      1  1508  1509  1506
   295 2 2       1      1  1508   657  1509
   296 2 2       1      1  1506  1509   658
   297 2 2       1      1   635  1436  1508
   298 2 2       1      1  1436  1510  1508
   299 2 2       1      1  1436   439  1510
   300 2 2       1      1  1508  1510   657
   301 2 2       1      1   658  1509  1512
   302 2 2       1      1  1509  1511  1512
   303 2 2       1      1  1509   657  1511
   304 2 2       1      1  1512  1511   593
   305 2 2       1      1   434  1439  1514
   306 2 2       1      1  1439  1513  1514
   307 2 2       1      1  1439   638  1513
   308 2 2       1      1  1514  1513   660
   309 2 2       1      1   638  1515  1513
   310 2 2       1      1  1515  1516  1513
   311 2 2       1      1  1515   659  1516
   312 2 2       1      1  1513  1516   660
   313 2 2       1      1   638  1445  1515
   314 2 2       1      1  1445  1517  1515
   315 2 2       1      1  1445   458  1517
   316 2 2       1      1  1515  1517   659
   317 2 2       1      1   660  1516  1519
   318 2 2       1      1  1516  1518  1519
   319 2 2       1      1  1516   659  1518
   320 2 2       1      1  1519  1518   594
   321 2 2       1      1   591  1520  1503
   322 2 2       1      1  1520  1521  1503
   323 2 2       1      1  1520   661  1521
   324 2 2       1      1  1503  1521   655
   325 2 2       1      1   661  1522  1521
   326 2 2       1      1  1522  1523  1521
   327 2 2       1      1  1522   662  1523
   328 2 2       1      1  1521  1523   655
   329 2 2       1      1   661  1524  1522
   330 2 2       1      1  1524  1525  1522
   331 2 2       1      1  1524   448  1525
   332 2 2       1      1  1522  1525   662
   333 2 2       1      1   655  1523  1504
   334 2 2       1      1  1523  1526  1504
   335 2 2       1      1  1523   662  1526
   336 2 2       1      1  1504  1526   604
   337 2 2       1      1   448  1527  1525
   338 2 2       1      1  1527  1528  1525
   339 2 2       1      1  1527   663  1528
   340 2 2       1      1  1525  1528   662
   341 2 2       1      1   663  1529  1528
   342 2 2       1      1  1529  1530  1528
   343 2 2       1      1  1529   641  1530
   344 2 2       1      1  1528  1530   662
   345 2 2       1      1   663  1531  1529
   346 2 2       1      1  1531  1448  1529
   347 2 2       1      1  1531   449  1448
   348 2 2       1      1  1529  1448   641
   349 2 2       1      1   662  1530  1526
   350 2 2       1      1  1530  1454  1526
   351 2 2       1      1  1530   641  1454
   352 2 2       1      1  1526  1454   604
   353 2 2       1      1   396  1412  1533
   354 2 2       1      1  1412  1532  1533
   355 2 2       1      1  1412   629  1532
   356 2 2       1      1  1533  1532   665
   357 2 2       1      1   629  1534  1532
   358 2 2       1      1  1534  1535  1532
   359 2 2       1      1  1534   664  1535
   360 2 2       1      1  1532  1535   665
   361 2 2       1      1   629  1418  1534
   362 2 2       1      1  1418  1536  1534
   363 2 2       1      1  1418   444  1536
   364 2 2       1      1  1534  1536   664
   365 2 2       1      1   665  1535  1538
   366 2 2       1      1  1535  1537  1538
   367 2 2       1      1  1535   664  1537
   368 2 2       1      1  1538  1537   445
   369 2 2       1      1   426  1421  1540
   370 2 2       1      1  1421  1539  1540
   371 2 2       1      1  1421   632  1539
   372 2 2       1      1  1540  1539   667
   373 2 2       1      1   632  1541  1539
   374 2 2       1      1  1541  1542  1539
   375 2 2       1      1  1541   666  1542
   376 2 2       1      1  1539  1542   667
   377 2 2       1      1   632  1427  1541
   378 2 2       1      1  1427  1543  1541
   379 2 2       1      1  1427   463  1543
   380 2 2       1      1  1541  1543   666
   381 2 2       1      1   667  1542  1545
   382 2 2       1      1  1542  1544  1545
   383 2 2       1      1  1542   666  1544
   384 2 2       1      1  1545  1544   464
   385 2 2       1      1   395  1546  1548
   386 2 2       1      1  1546  1547  1548
   387 2 2       1      1  1546   668  1547
   388 2 2       1      1  1548  1547   670
   389 2 2       1      1   668  1549  1547
   390 2 2       1      1  1549  1550  1547
   391 2 2       1      1  1549   669  1550
   392 2 2       1      1  1547  1550   670
   393 2 2       1      1   668  1551  1549
   394 2 2       1      1  1551  1552  1549
   395 2 2       1      1  1551   439  1552
   396 2 2       1      1  1549  1552   669
   397 2 2       1      1   670  1550  1554
   398 2 2       1      1  1550  1553  1554
   399 2 2       1      1  1550   669  1553
   400 2 2       1      1  1554  1553   440
   401 2 2       1      1   412  1555  1557
   402 2 2       1      1  1555  1556  1557
   403 2 2       1      1  1555   671  1556
   404 2 2       1      1  1557  1556   673
   405 2 2       1      1   671  1558  1556
   406 2 2       1      1  1558  1559  1556
   407 2 2       1      1  1558   672  1559
   408 2 2       1      1  1556  1559   673
   409 2 2       1      1   671  1560  1558
   410 2 2       1      1  1560  1561  1558
   411 2 2       1      1  1560   458  1561
   412 2 2       1      1  1558  1561   672
   413 2 2       1      1   673  1559  1563
   414 2 2       1      1  1559  1562  1563
   415 2 2       1      1  1559   672  1562
   416 2 2       1      1  1563  1562   459
   417 2 2       1      1   466  1564  1566
   418 2 2       1      1  1564  1565  1566
   419 2 2       1      1  1564   674  1565
   420 2 2       1      1  1566  1565   676
   421 2 2       1      1   674  1567  1565
   422 2 2       1      1  1567  1568  1565
   423 2 2       1      1  1567   675  1568
   424 2 2       1      1  1565  1568   676
   425 2 2       1      1   674  1569  1567
   426 2 2       1      1  1569  1570  1567
   427 2 2       1      1  1569   465  1570
   428 2 2       1      1  1567  1570   675
   429 2 2       1      1   676  1568  1572
   430 2 2       1      1  1568  1571  1572
   431 2 2       1      1  1568   675  1571
   432 2 2       1      1  1572  1571   555
   433 2 2       1      1   395  1548  1574
   434 2 2       1      1  1548  1573  1574
   435 2 2       1      1  1548   670  1573
   436 2 2       1      1  1574  1573   678
   437 2 2       1      1   670  1575  1573
   438 2 2       1      1  1575  1576  1573
   439 2 2       1      1  1575   677  1576
   440 2 2       1      1  1573  1576   678
   441 2 2       1      1   670  1554  1575
   442 2 2       1      1  1554  1577  1575
   443 2 2       1      1  1554   440  1577
   444 2 2       1      1  1575  1577   677
   445 2 2       1      1   678  1576  1579
   446 2 2       1      1  1576  1578  1579
   447 2 2       1      1  1576   677  1578
   448 2 2       1      1  1579  1578   443
   449 2 2       1      1   412  1557  1581
   450 2 2       1      1  1557  1580  1581
   451 2 2       1      1  1557   673  1580
   452 2 2       1      1  1581  1580   680
   453 2 2       1      1   673  1582  1580
   454 2 2       1      1  1582  1583  1580
   455 2 2       1      1  1582   679  1583
   456 2 2       1      1  1580  1583   680
   457 2 2       1      1   673  1563  1582
   458 2 2       1      1  1563  1584  1582
   459 2 2       1      1  1563   459  1584
   460 2 2       1      1  1582  1584   679
   461 2 2       1      1   680  1583  1586
   462 2 2       1      1  1583  1585  1586
   463 2 2       1      1  1583   679  1585
   464 2 2       1      1  1586  1585   462
   465 2 2       1      1   413  1587  1589
   466 2 2       1      1  1587  1588  1589
   467 2 2       1      1  1587   681  1588
   468 2 2       1      1  1589  1588   682
   469 2 2       1      1   681  1590  1588
   470 2 2       1      1  1590  1591  1588
   471 2 2       1      1  1590   649  1591
   472 2 2       1      1  1588  1591   682
   473 2 2       1      1   681  1592  1590
   474 2 2       1      1  1592  1477  1590
   475 2 2       1      1  1592   191  1477
   476 2 2       1      1  1590  1477   649
   477 2 2       1      1   682  1591  1593
   478 2 2       1      1  1591  1482  1593
   479 2 2       1      1  1591   649  1482
   480 2 2       1      1  1593  1482   453
   481 2 2       1      1   436  1594  1366
   482 2 2       1      1  1594  1595  1366
   483 2 2       1      1  1594   683  1595
   484 2 2       1      1  1366  1595   612
   485 2 2       1      1   683  1596  1595
   486 2 2       1      1  1596  1597  1595
   487 2 2       1      1  1596   684  1597
   488 2 2       1      1  1595  1597   612
   489 2 2       1      1   683  1598  1596
   490 2 2       1      1  1598  1599  1596
   491 2 2       1      1  1598   435  1599
   492 2 2       1      1  1596  1599   684
   493 2 2       1      1   612  1597  1367
   494 2 2       1      1  1597  1600  1367
   495 2 2       1      1  1597   684  1600
   496 2 2       1      1  1367  1600   559
   497 2 2       1      1   455  1601  1375
   498 2 2       1      1  1601  1602  1375
   499 2 2       1      1  1601   685  1602
   500 2 2       1      1  1375  1602   615
   501 2 2       1      1   685  1603  1602
   502 2 2       1      1  1603  1604  1602
   503 2 2       1      1  1603   686  1604
   504 2 2       1      1  1602  1604   615
   505 2 2       1      1   685  1605  1603
   506 2 2       1      1  1605  1606  1603
   507 2 2       1      1  1605   454  1606
   508 2 2       1      1  1603  1606   686
   509 2 2       1      1   615  1604  1376
   510 2 2       1      1  1604  1607  1376
   511 2 2       1      1  1604   686  1607
   512 2 2       1      1  1376  1607   560
   513 2 2       1      1   551  1608  1610
   514 2 2       1      1  1608  1609  1610
   515 2 2       1      1  1608   687  1609
   516 2 2       1      1  1610  1609   689
   517 2 2       1      1   687  1611  1609
   518 2 2       1      1  1611  1612  1609
   519 2 2       1      1  1611   688  1612
   520 2 2       1      1  1609  1612   689
   521 2 2       1      1   687  1613  1611
   522 2 2       1      1  1613  1614  1611
   523 2 2       1      1  1613   441  1614
   524 2 2       1      1  1611  1614   688
   525 2 2       1      1   689  1612  1616
   526 2 2       1      1  1612  1615  1616
   527 2 2       1      1  1612   688  1615
   528 2 2       1      1  1616  1615   595
   529 2 2       1      1   524  1617  1619
   530 2 2       1      1  1617  1618  1619
   531 2 2       1      1  1617   690  1618
   532 2 2       1      1  1619  1618   692
   533 2 2       1      1   690  1620  1618
   534 2 2       1      1  1620  1621  1618
   535 2 2       1      1  1620   691  1621
   536 2 2       1      1  1618  1621   692
   537 2 2       1      1   690  1622  1620
   538 2 2       1      1  1622  1623  1620
   539 2 2       1      1  1622   460  1623
   540 2 2       1      1  1620  1623   691
   541 2 2       1      1   692  1621  1625
   542 2 2       1      1  1621  1624  1625
   543 2 2       1      1  1621   691  1624
   544 2 2       1      1  1625  1624   596
   545 2 2       1      1   453  1481  1627
   546 2 2       1      1  1481  1626  1627
   547 2 2       1      1  1481   648  1626
   548 2 2       1      1  1627  1626   694
   549 2 2       1      1   648  1628  1626
   550 2 2       1      1  1628  1629  1626
   551 2 2       1      1  1628   693  1629
   552 2 2       1      1  1626  1629   694
   553 2 2       1      1   648  1480  1628
   554 2 2       1      1  1480  1630  1628
   555 2 2       1      1  1480   190  1630
   556 2 2       1      1  1628  1630   693
   557 2 2       1      1   694  1629  1632
   558 2 2       1      1  1629  1631  1632
   559 2 2       1      1  1629   693  1631
   560 2 2       1      1  1632  1631   606
   561 2 2       1      1   555  1571  1634
   562 2 2       1      1  1571  1633  1634
   563 2 2       1      1  1571   675  1633
   564 2 2       1      1  1634  1633   696
   565 2 2       1      1   675  1635  1633
   566 2 2       1      1  1635  1636  1633
   567 2 2       1      1  1635   695  1636
   568 2 2       1      1  1633  1636   696
   569 2 2       1      1   675  1570  1635
   570 2 2       1      1  1570  1637  1635
   571 2 2       1      1  1570   465  1637
   572 2 2       1      1  1635  1637   695
   573 2 2       1      1   696  1636  1639
   574 2 2       1      1  1636  1638  1639
   575 2 2       1      1  1636   695  1638
   576 2 2       1      1  1639  1638   592
   577 2 2       1      1   437  1433  1641
   578 2 2       1      1  1433  1640  1641
   579 2 2       1      1  1433   633  1640
   580 2 2       1      1  1641  1640   698
   581 2 2       1      1   633  1642  1640
   582 2 2       1      1  1642  1643  1640
   583 2 2       1      1  1642   697  1643
   584 2 2       1      1  1640  1643   698
   585 2 2       1      1   633  1428  1642
   586 2 2       1      1  1428  1644  1642
   587 2 2       1      1  1428   433  1644
   588 2 2       1      1  1642  1644   697
   589 2 2       1      1   698  1643  1646
   590 2 2       1      1  1643  1645  1646
   591 2 2       1      1  1643   697  1645
   592 2 2       1      1  1646  1645   557
   593 2 2       1      1   456  1442  1648
   594 2 2       1      1  1442  1647  1648
   595 2 2       1      1  1442   636  1647
   596 2 2       1      1  1648  1647   700
   597 2 2       1      1   636  1649  1647
   598 2 2       1      1  1649  1650  1647
   599 2 2       1      1  1649   699  1650
   600 2 2       1      1  1647  1650   700
   601 2 2       1      1   636  1437  1649
   602 2 2       1      1  1437  1651  1649
   603 2 2       1      1  1437   434  1651
   604 2 2       1      1  1649  1651   699
   605 2 2       1      1   700  1650  1653
   606 2 2       1      1  1650  1652  1653
   607 2 2       1      1  1650   699  1652
   608 2 2       1      1  1653  1652   558
   609 2 2       1      1   465  1380  1637
   610 2 2       1      1  1380  1654  1637
   611 2 2       1      1  1380   619  1654
   612 2 2       1      1  1637  1654   695
   613 2 2       1      1   619  1655  1654
   614 2 2       1      1  1655  1656  1654
   615 2 2       1      1  1655   701  1656
   616 2 2       1      1  1654  1656   695
   617 2 2       1      1   619  1386  1655
   618 2 2       1      1  1386  1657  1655
   619 2 2       1      1  1386   545  1657
   620 2 2       1      1  1655  1657   701
   621 2 2       1      1   695  1656  1638
   622 2 2       1      1  1656  1658  1638
   623 2 2       1      1  1656   701  1658
   624 2 2       1      1  1638  1658   592
   625 2 2       1      1   561  1659  1661
   626 2 2       1      1  1659  1660  1661
   627 2 2       1      1  1659   702  1660
   628 2 2       1      1  1661  1660   704
   629 2 2       1      1   702  1662  1660
   630 2 2       1      1  1662  1663  1660
   631 2 2       1      1  1662   703  1663
   632 2 2       1      1  1660  1663   704
   633 2 2       1      1   702  1664  1662
   634 2 2       1      1  1664  1665  1662
   635 2 2       1      1  1664   181  1665
   636 2 2       1      1  1662  1665   703
   637 2 2       1      1   704  1663  1667
   638 2 2       1      1  1663  1666  1667
   639 2 2       1      1  1663   703  1666
   640 2 2       1      1  1667  1666   562
   641 2 2       1      1   466  1668  1670
   642 2 2       1      1  1668  1669  1670
   643 2 2       1      1  1668   705  1669
   644 2 2       1      1  1670  1669   707
   645 2 2       1      1   705  1671  1669
   646 2 2       1      1  1671  1672  1669
   647 2 2       1      1  1671   706  1672
   648 2 2       1      1  1669  1672   707
   649 2 2       1      1   705  1673  1671
   650 2 2       1      1  1673  1674  1671
   651 2 2       1      1  1673   532  1674
   652 2 2       1      1  1671  1674   706
   653 2 2       1      1   707  1672  1676
   654 2 2       1      1  1672  1675  1676
   655 2 2       1      1  1672   706  1675
   656 2 2       1      1  1676  1675   603
   657 2 2       1      1   449  1677  1466
   658 2 2       1      1  1677  1678  1466
   659 2 2       1      1  1677   708  1678
   660 2 2       1      1  1466  1678   644
   661 2 2       1      1   708  1679  1678
   662 2 2       1      1  1679  1680  1678
   663 2 2       1      1  1679   709  1680
   664 2 2       1      1  1678  1680   644
   665 2 2       1      1   708  1681  1679
   666 2 2       1      1  1681  1682  1679
   667 2 2       1      1  1681   451  1682
   668 2 2       1      1  1679  1682   709
   669 2 2       1      1   644  1680  1467
   670 2 2       1      1  1680  1683  1467
   671 2 2       1      1  1680   709  1683
   672 2 2       1      1  1467  1683   554
   673 2 2       1      1   446  1389  1685
   674 2 2       1      1  1389  1684  1685
   675 2 2       1      1  1389   622  1684
   676 2 2       1      1  1685  1684   711
   677 2 2       1      1   622  1686  1684
   678 2 2       1      1  1686  1687  1684
   679 2 2       1      1  1686   710  1687
   680 2 2       1      1  1684  1687   711
   681 2 2       1      1   622  1395  1686
   682 2 2       1      1  1395  1688  1686
   683 2 2       1      1  1395   526  1688
   684 2 2       1      1  1686  1688   710
   685 2 2       1      1   711  1687  1690
   686 2 2       1      1  1687  1689  1690
   687 2 2       1      1  1687   710  1689
   688 2 2       1      1  1690  1689   597
   689 2 2       1      1   532  1673  1692
   690 2 2       1      1  1673  1691  1692
   691 2 2       1      1  1673   705  1691
   692 2 2       1      1  1692  1691   713
   693 2 2       1      1   705  1693  1691
   694 2 2       1      1  1693  1694  1691
   695 2 2       1      1  1693   712  1694
   696 2 2       1      1  1691  1694   713
   697 2 2       1      1   705  1668  1693
   698 2 2       1      1  1668  1695  1693
   699 2 2       1      1  1668   466  1695
   700 2 2       1      1  1693  1695   712
   701 2 2       1      1   713  1694  1697
   702 2 2       1      1  1694  1696  1697
   703 2 2       1      1  1694   712  1696
   704 2 2       1      1  1697  1696   605
   705 2 2       1      1   416  1698  1700
   706 2 2       1      1  1698  1699  1700
   707 2 2       1      1  1698   714  1699
   708 2 2       1      1  1700  1699   716
   709 2 2       1      1   714  1701  1699
   710 2 2       1      1  1701  1702  1699
   711 2 2       1      1  1701   715  1702
   712 2 2       1      1  1699  1702   716
   713 2 2       1      1   714  1703  1701
   714 2 2       1      1  1703  1704  1701
   715 2 2       1      1  1703   452  1704
   716 2 2       1      1  1701  1704   715
   717 2 2       1      1   716  1702  1706
   718 2 2       1      1  1702  1705  1706
   719 2 2       1      1  1702   715  1705
   720 2 2       1      1  1706  1705   606
   721 2 2       1      1   459  1707  1584
   722 2 2       1      1  1707  1708  1584
   723 2 2       1      1  1707   717  1708
   724 2 2       1      1  1584  1708   679
   725 2 2       1      1   717  1709  1708
   726 2 2       1      1  1709  1710  1708
   727 2 2       1      1  1709   718  1710
   728 2 2       1      1  1708  1710   679
   729 2 2       1      1   717  1711  1709
   730 2 2       1      1  1711  1712  1709
   731 2 2       1      1  1711   461  1712
   732 2 2       1      1  1709  1712   718
   733 2 2       1      1   679  1710  1585
   734 2 2       1      1  1710  1713  1585
   735 2 2       1      1  1710   718  1713
   736 2 2       1      1  1585  1713   462
   737 2 2       1      1   440  1714  1577
   738 2 2       1      1  1714  1715  1577
   739 2 2       1      1  1714   719  1715
   740 2 2       1      1  1577  1715   677
   741 2 2       1      1   719  1716  1715
   742 2 2       1      1  1716  1717  1715
   743 2 2       1      1  1716   720  1717
   744 2 2       1      1  1715  1717   677
   745 2 2       1      1   719  1718  1716
   746 2 2       1      1  1718  1719  1716
   747 2 2       1      1  1718   442  1719
   748 2 2       1      1  1716  1719   720
   749 2 2       1      1   677  1717  1578
   750 2 2       1      1  1717  1720  1578
   751 2 2       1      1  1717   720  1720
   752 2 2       1      1  1578  1720   443
   753 2 2       1      1   462  1713  1425
   754 2 2       1      1  1713  1721  1425
   755 2 2       1      1  1713   718  1721
   756 2 2       1      1  1425  1721   631
   757 2 2       1      1   718  1722  1721
   758 2 2       1      1  1722  1723  1721
   759 2 2       1      1  1722   642  1723
   760 2 2       1      1  1721  1723   631
   761 2 2       1      1   718  1712  1722
   762 2 2       1      1  1712  1459  1722
   763 2 2       1      1  1712   461  1459
   764 2 2       1      1  1722  1459   642
   765 2 2       1      1   631  1723  1426
   766 2 2       1      1  1723  1455  1426
   767 2 2       1      1  1723   642  1455
   768 2 2       1      1  1426  1455   463
   769 2 2       1      1   443  1720  1416
   770 2 2       1      1  1720  1724  1416
   771 2 2       1      1  1720   720  1724
   772 2 2       1      1  1416  1724   628
   773 2 2       1      1   720  1725  1724
   774 2 2       1      1  1725  1726  1724
   775 2 2       1      1  1725   646  1726
   776 2 2       1      1  1724  1726   628
   777 2 2       1      1   720  1719  1725
   778 2 2       1      1  1719  1473  1725
   779 2 2       1      1  1719   442  1473
   780 2 2       1      1  1725  1473   646
   781 2 2       1      1   628  1726  1417
   782 2 2       1      1  1726  1469  1417
   783 2 2       1      1  1726   646  1469
   784 2 2       1      1  1417  1469   444
   785 2 2       1      1   452  1703  1728
   786 2 2       1      1  1703  1727  1728
   787 2 2       1      1  1703   714  1727
   788 2 2       1      1  1728  1727   722
   789 2 2       1      1   714  1729  1727
   790 2 2       1      1  1729  1730  1727
   791 2 2       1      1  1729   721  1730
   792 2 2       1      1  1727  1730   722
   793 2 2       1      1   714  1698  1729
   794 2 2       1      1  1698  1731  1729
   795 2 2       1      1  1698   416  1731
   796 2 2       1      1  1729  1731   721
   797 2 2       1      1   722  1730  1733
   798 2 2       1      1  1730  1732  1733
   799 2 2       1      1  1730   721  1732
   800 2 2       1      1  1733  1732   600
   801 2 2       1      1   445  1537  1735
   802 2 2       1      1  1537  1734  1735
   803 2 2       1      1  1537   664  1734
   804 2 2       1      1  1735  1734   723
   805 2 2       1      1   664  1736  1734
   806 2 2       1      1  1736  1737  1734
   807 2 2       1      1  1736   620  1737
   808 2 2       1      1  1734  1737   723
   809 2 2       1      1   664  1536  1736
   810 2 2       1      1  1536  1392  1736
   811 2 2       1      1  1536   444  1392
   812 2 2       1      1  1736  1392   620
   813 2 2       1      1   723  1737  1738
   814 2 2       1      1  1737  1387  1738
   815 2 2       1      1  1737   620  1387
   816 2 2       1      1  1738  1387   446
   817 2 2       1      1   464  1544  1740
   818 2 2       1      1  1544  1739  1740
   819 2 2       1      1  1544   666  1739
   820 2 2       1      1  1740  1739   724
   821 2 2       1      1   666  1741  1739
   822 2 2       1      1  1741  1742  1739
   823 2 2       1      1  1741   617  1742
   824 2 2       1      1  1739  1742   724
   825 2 2       1      1   666  1543  1741
   826 2 2       1      1  1543  1383  1741
   827 2 2       1      1  1543   463  1383
   828 2 2       1      1  1741  1383   617
   829 2 2       1      1   724  1742  1743
   830 2 2       1      1  1742  1378  1743
   831 2 2       1      1  1742   617  1378
   832 2 2       1      1  1743  1378   465
   833 2 2       1      1   441  1613  1745
   834 2 2       1      1  1613  1744  1745
   835 2 2       1      1  1613   687  1744
   836 2 2       1      1  1745  1744   726
   837 2 2       1      1   687  1746  1744
   838 2 2       1      1  1746  1747  1744
   839 2 2       1      1  1746   725  1747
   840 2 2       1      1  1744  1747   726
   841 2 2       1      1   687  1608  1746
   842 2 2       1      1  1608  1748  1746
   843 2 2       1      1  1608   551  1748
   844 2 2       1      1  1746  1748   725
   845 2 2       1      1   726  1747  1750
   846 2 2       1      1  1747  1749  1750
   847 2 2       1      1  1747   725  1749
   848 2 2       1      1  1750  1749   601
   849 2 2       1      1   460  1622  1752
   850 2 2       1      1  1622  1751  1752
   851 2 2       1      1  1622   690  1751
   852 2 2       1      1  1752  1751   728
   853 2 2       1      1   690  1753  1751
   854 2 2       1      1  1753  1754  1751
   855 2 2       1      1  1753   727  1754
   856 2 2       1      1  1751  1754   728
   857 2 2       1      1   690  1617  1753
   858 2 2       1      1  1617  1755  1753
   859 2 2       1      1  1617   524  1755
   860 2 2       1      1  1753  1755   727
   861 2 2       1      1   728  1754  1757
   862 2 2       1      1  1754  1756  1757
   863 2 2       1      1  1754   727  1756
   864 2 2       1      1  1757  1756   602
   865 2 2       1      1   481  1758  1760
   866 2 2       1      1  1758  1759  1760
   867 2 2       1      1  1758   729  1759
   868 2 2       1      1  1760  1759   730
   869 2 2       1      1   729  1761  1759
   870 2 2       1      1  1761  1762  1759
   871 2 2       1      1  1761   704  1762
   872 2 2       1      1  1759  1762   730
   873 2 2       1      1   729  1763  1761
   874 2 2       1      1  1763  1661  1761
   875 2 2       1      1  1763   561  1661
   876 2 2       1      1  1761  1661   704
   877 2 2       1      1   730  1762  1764
   878 2 2       1      1  1762  1667  1764
   879 2 2       1      1  1762   704  1667
   880 2 2       1      1  1764  1667   562
   881 2 2       1      1   414  1765  1400
   882 2 2       1      1  1765  1766  1400
   883 2 2       1      1  1765   731  1766
   884 2 2       1      1  1400  1766   623
   885 2 2       1      1   731  1767  1766
   886 2 2       1      1  1767  1768  1766
   887 2 2       1      1  1767   689  1768
   888 2 2       1      1  1766  1768   623
   889 2 2       1      1   731  1769  1767
   890 2 2       1      1  1769  1610  1767
   891 2 2       1      1  1769   551  1610
   892 2 2       1      1  1767  1610   689
   893 2 2       1      1   623  1768  1401
   894 2 2       1      1  1768  1616  1401
   895 2 2       1      1  1768   689  1616
   896 2 2       1      1  1401  1616   595
   897 2 2       1      1   432  1770  1407
   898 2 2       1      1  1770  1771  1407
   899 2 2       1      1  1770   732  1771
   900 2 2       1      1  1407  1771   625
   901 2 2       1      1   732  1772  1771
   902 2 2       1      1  1772  1773  1771
   903 2 2       1      1  1772   692  1773
   904 2 2       1      1  1771  1773   625
   905 2 2       1      1   732  1774  1772
   906 2 2       1      1  1774  1619  1772
   907 2 2       1      1  1774   524  1619
   908 2 2       1      1  1772  1619   692
   909 2 2       1      1   625  1773  1408
   910 2 2       1      1  1773  1625  1408
   911 2 2       1      1  1773   692  1625
   912 2 2       1      1  1408  1625   596
   913 2 2       1      1   445  1735  1776
   914 2 2       1      1  1735  1775  1776
   915 2 2       1      1  1735   723  1775
   916 2 2       1      1  1776  1775   734
   917 2 2       1      1   723  1777  1775
   918 2 2       1      1  1777  1778  1775
   919 2 2       1      1  1777   733  1778
   920 2 2       1      1  1775  1778   734
   921 2 2       1      1   723  1738  1777
   922 2 2       1      1  1738  1779  1777
   923 2 2       1      1  1738   446  1779
   924 2 2       1      1  1777  1779   733
   925 2 2       1      1   734  1778  1781
   926 2 2       1      1  1778  1780  1781
   927 2 2       1      1  1778   733  1780
   928 2 2       1      1  1781  1780   447
   929 2 2       1      1   464  1740  1783
   930 2 2       1      1  1740  1782  1783
   931 2 2       1      1  1740   724  1782
   932 2 2       1      1  1783  1782   735
   933 2 2       1      1   724  1784  1782
   934 2 2       1      1  1784  1785  1782
   935 2 2       1      1  1784   674  1785
   936 2 2       1      1  1782  1785   735
   937 2 2       1      1   724  1743  1784
   938 2 2       1      1  1743  1569  1784
   939 2 2       1      1  1743   465  1569
   940 2 2       1      1  1784  1569   674
   941 2 2       1      1   735  1785  1786
   942 2 2       1      1  1785  1564  1786
   943 2 2       1      1  1785   674  1564
   944 2 2       1      1  1786  1564   466
   945 2 2       1      1   424  1787  1789
   946 2 2       1      1  1787  1788  1789
   947 2 2       1      1  1787   736  1788
   948 2 2       1      1  1789  1788   738
   949 2 2       1      1   736  1790  1788
   950 2 2       1      1  1790  1791  1788
   951 2 2       1      1  1790   737  1791
   952 2 2       1      1  1788  1791   738
   953 2 2       1      1   736  1792  1790
   954 2 2       1      1  1792  1793  1790
   955 2 2       1      1  1792   563  1793
   956 2 2       1      1  1790  1793   737
   957 2 2       1      1   738  1791  1795
   958 2 2       1      1  1791  1794  1795
   959 2 2       1      1  1791   737  1794
   960 2 2       1      1  1795  1794   579
   961 2 2       1      1   439  1551  1510
   962 2 2       1      1  1551  1796  1510
   963 2 2       1      1  1551   668  1796
   964 2 2       1      1  1510  1796   657
   965 2 2       1      1   668  1797  1796
   966 2 2       1      1  1797  1798  1796
   967 2 2       1      1  1797   739  1798
   968 2 2       1      1  1796  1798   657
   969 2 2       1      1   668  1546  1797
   970 2 2       1      1  1546  1799  1797
   971 2 2       1      1  1546   395  1799
   972 2 2       1      1  1797  1799   739
   973 2 2       1      1   657  1798  1511
   974 2 2       1      1  1798  1800  1511
   975 2 2       1      1  1798   739  1800
   976 2 2       1      1  1511  1800   593
   977 2 2       1      1   458  1560  1517
   978 2 2       1      1  1560  1801  1517
   979 2 2       1      1  1560   671  1801
   980 2 2       1      1  1517  1801   659
   981 2 2       1      1   671  1802  1801
   982 2 2       1      1  1802  1803  1801
   983 2 2       1      1  1802   740  1803
   984 2 2       1      1  1801  1803   659
   985 2 2       1      1   671  1555  1802
   986 2 2       1      1  1555  1804  1802
   987 2 2       1      1  1555   412  1804
   988 2 2       1      1  1802  1804   740
   989 2 2       1      1   659  1803  1518
   990 2 2       1      1  1803  1805  1518
   991 2 2       1      1  1803   740  1805
   992 2 2       1      1  1518  1805   594
   993 2 2       1      1   445  1776  1807
   994 2 2       1      1  1776  1806  1807
   995 2 2       1      1  1776   734  1806
   996 2 2       1      1  1807  1806   742
   997 2 2       1      1   734  1808  1806
   998 2 2       1      1  1808  1809  1806
   999 2 2       1      1  1808   741  1809
  1000 2 2       1      1  1806  1809   742
  1001 2 2       1      1   734  1781  1808
  1002 2 2       1      1  1781  1810  1808
  1003 2 2       1      1  1781   447  1810
  1004 2 2       1      1  1808  1810   741
  1005 2 2       1      1   742  1809  1812
  1006 2 2       1      1  1809  1811  1812
  1007 2 2       1      1  1809   741  1811
  1008 2 2       1      1  1812  1811   448
  1009 2 2       1      1   431  1813  1815
  1010 2 2       1      1  1813  1814  1815
  1011 2 2       1      1  1813   743  1814
  1012 2 2       1      1  1815  1814   744
  1013 2 2       1      1   743  1816  1814
  1014 2 2       1      1  1816  1817  1814
  1015 2 2       1      1  1816   683  1817
  1016 2 2       1      1  1814  1817   744
  1017 2 2       1      1   743  1818  1816
  1018 2 2       1      1  1818  1598  1816
  1019 2 2       1      1  1818   435  1598
  1020 2 2       1      1  1816  1598   683
  1021 2 2       1      1   744  1817  1819
  1022 2 2       1      1  1817  1594  1819
  1023 2 2       1      1  1817   683  1594
  1024 2 2       1      1  1819  1594   436
  1025 2 2       1      1   431  1815  1821
  1026 2 2       1      1  1815  1820  1821
  1027 2 2       1      1  1815   744  1820
  1028 2 2       1      1  1821  1820   746
  1029 2 2       1      1   744  1822  1820
  1030 2 2       1      1  1822  1823  1820
  1031 2 2       1      1  1822   745  1823
  1032 2 2       1      1  1820  1823   746
  1033 2 2       1      1   744  1819  1822
  1034 2 2       1      1  1819  1824  1822
  1035 2 2       1      1  1819   436  1824
  1036 2 2       1      1  1822  1824   745
  1037 2 2       1      1   746  1823  1826
  1038 2 2       1      1  1823  1825  1826
  1039 2 2       1      1  1823   745  1825
  1040 2 2       1      1  1826  1825   437
  1041 2 2       1      1   411  1827  1829
  1042 2 2       1      1  1827  1828  1829
  1043 2 2       1      1  1827   747  1828
  1044 2 2       1      1  1829  1828   748
  1045 2 2       1      1   747  1830  1828
  1046 2 2       1      1  1830  1831  1828
  1047 2 2       1      1  1830   685  1831
  1048 2 2       1      1  1828  1831   748
  1049 2 2       1      1   747  1832  1830
  1050 2 2       1      1  1832  1605  1830
  1051 2 2       1      1  1832   454  1605
  1052 2 2       1      1  1830  1605   685
  1053 2 2       1      1   748  1831  1833
  1054 2 2       1      1  1831  1601  1833
  1055 2 2       1      1  1831   685  1601
  1056 2 2       1      1  1833  1601   455
  1057 2 2       1      1   411  1829  1835
  1058 2 2       1      1  1829  1834  1835
  1059 2 2       1      1  1829   748  1834
  1060 2 2       1      1  1835  1834   750
  1061 2 2       1      1   748  1836  1834
  1062 2 2       1      1  1836  1837  1834
  1063 2 2       1      1  1836   749  1837
  1064 2 2       1      1  1834  1837   750
  1065 2 2       1      1   748  1833  1836
  1066 2 2       1      1  1833  1838  1836
  1067 2 2       1      1  1833   455  1838
  1068 2 2       1      1  1836  1838   749
  1069 2 2       1      1   750  1837  1840
  1070 2 2       1      1  1837  1839  1840
  1071 2 2       1      1  1837   749  1839
  1072 2 2       1      1  1840  1839   456
  1073 2 2       1      1   437  1825  1842
  1074 2 2       1      1  1825  1841  1842
  1075 2 2       1      1  1825   745  1841
  1076 2 2       1      1  1842  1841   752
  1077 2 2       1      1   745  1843  1841
  1078 2 2       1      1  1843  1844  1841
  1079 2 2       1      1  1843   751  1844
  1080 2 2       1      1  1841  1844   752
  1081 2 2       1      1   745  1824  1843
  1082 2 2       1      1  1824  1845  1843
  1083 2 2       1      1  1824   436  1845
  1084 2 2       1      1  1843  1845   751
  1085 2 2       1      1   752  1844  1847
  1086 2 2       1      1  1844  1846  1847
  1087 2 2       1      1  1844   751  1846
  1088 2 2       1      1  1847  1846   438
  1089 2 2       1      1   456  1839  1849
  1090 2 2       1      1  1839  1848  1849
  1091 2 2       1      1  1839   749  1848
  1092 2 2       1      1  1849  1848   754
  1093 2 2       1      1   749  1850  1848
  1094 2 2       1      1  1850  1851  1848
  1095 2 2       1      1  1850   753  1851
  1096 2 2       1      1  1848  1851   754
  1097 2 2       1      1   749  1838  1850
  1098 2 2       1      1  1838  1852  1850
  1099 2 2       1      1  1838   455  1852
  1100 2 2       1      1  1850  1852   753
  1101 2 2       1      1   754  1851  1854
  1102 2 2       1      1  1851  1853  1854
  1103 2 2       1      1  1851   753  1853
  1104 2 2       1      1  1854  1853   457
  1105 2 2       1      1   431  1855  1813
  1106 2 2       1      1  1855  1856  1813
  1107 2 2       1      1  1855   755  1856
  1108 2 2       1      1  1813  1856   743
  1109 2 2       1      1   755  1857  1856
  1110 2 2       1      1  1857  1858  1856
  1111 2 2       1      1  1857   756  1858
  1112 2 2       1      1  1856  1858   743
  1113 2 2       1      1   755  1859  1857
  1114 2 2       1      1  1859  1860  1857
  1115 2 2       1      1  1859    18  1860
  1116 2 2       1      1  1857  1860   756
  1117 2 2       1      1   743  1858  1818
  1118 2 2       1      1  1858  1861  1818
  1119 2 2       1      1  1858   756  1861
  1120 2 2       1      1  1818  1861   435
  1121 2 2       1      1   456  1849  1443
  1122 2 2       1      1  1849  1862  1443
  1123 2 2       1      1  1849   754  1862
  1124 2 2       1      1  1443  1862   637
  1125 2 2       1      1   754  1863  1862
  1126 2 2       1      1  1863  1864  1862
  1127 2 2       1      1  1863   757  1864
  1128 2 2       1      1  1862  1864   637
  1129 2 2       1      1   754  1854  1863
  1130 2 2       1      1  1854  1865  1863
  1131 2 2       1      1  1854   457  1865
  1132 2 2       1      1  1863  1865   757
  1133 2 2       1      1   637  1864  1444
  1134 2 2       1      1  1864  1866  1444
  1135 2 2       1      1  1864   757  1866
  1136 2 2       1      1  1444  1866   458
  1137 2 2       1      1   411  1867  1827
  1138 2 2       1      1  1867  1868  1827
  1139 2 2       1      1  1867   758  1868
  1140 2 2       1      1  1827  1868   747
  1141 2 2       1      1   758  1869  1868
  1142 2 2       1      1  1869  1870  1868
  1143 2 2       1      1  1869   759  1870
  1144 2 2       1      1  1868  1870   747
  1145 2 2       1      1   758  1871  1869
  1146 2 2       1      1  1871  1872  1869
  1147 2 2       1      1  1871   215  1872
  1148 2 2       1      1  1869  1872   759
  1149 2 2       1      1   747  1870  1832
  1150 2 2       1      1  1870  1873  1832
  1151 2 2       1      1  1870   759  1873
  1152 2 2       1      1  1832  1873   454
  1153 2 2       1      1   458  1866  1561
  1154 2 2       1      1  1866  1874  1561
  1155 2 2       1      1  1866   757  1874
  1156 2 2       1      1  1561  1874   672
  1157 2 2       1      1   757  1875  1874
  1158 2 2       1      1  1875  1876  1874
  1159 2 2       1      1  1875   760  1876
  1160 2 2       1      1  1874  1876   672
  1161 2 2       1      1   757  1865  1875
  1162 2 2       1      1  1865  1877  1875
  1163 2 2       1      1  1865   457  1877
  1164 2 2       1      1  1875  1877   760
  1165 2 2       1      1   672  1876  1562
  1166 2 2       1      1  1876  1878  1562
  1167 2 2       1      1  1876   760  1878
  1168 2 2       1      1  1562  1878   459
  1169 2 2       1      1    19     7  1880
  1170 2 2       1      1     7  1879  1880
  1171 2 2       1      1     7    14  1879
  1172 2 2       1      1  1880  1879   761
  1173 2 2       1      1    14  1881  1879
  1174 2 2       1      1  1881  1882  1879
  1175 2 2       1      1  1881   755  1882
  1176 2 2       1      1  1879  1882   761
  1177 2 2       1      1    14     6  1881
  1178 2 2       1      1     6  1859  1881
  1179 2 2       1      1     6    18  1859
  1180 2 2       1      1  1881  1859   755
  1181 2 2       1      1   761  1882  1883
  1182 2 2       1      1  1882  1855  1883
  1183 2 2       1      1  1882   755  1855
  1184 2 2       1      1  1883  1855   431
  1185 2 2       1      1   437  1842  1434
  1186 2 2       1      1  1842  1884  1434
  1187 2 2       1      1  1842   752  1884
  1188 2 2       1      1  1434  1884   634
  1189 2 2       1      1   752  1885  1884
  1190 2 2       1      1  1885  1886  1884
  1191 2 2       1      1  1885   762  1886
  1192 2 2       1      1  1884  1886   634
  1193 2 2       1      1   752  1847  1885
  1194 2 2       1      1  1847  1887  1885
  1195 2 2       1      1  1847   438  1887
  1196 2 2       1      1  1885  1887   762
  1197 2 2       1      1   634  1886  1435
  1198 2 2       1      1  1886  1888  1435
  1199 2 2       1      1  1886   762  1888
  1200 2 2       1      1  1435  1888   439
  1201 2 2       1      1   216   204  1890
  1202 2 2       1      1   204  1889  1890
  1203 2 2       1      1   204   211  1889
  1204 2 2       1      1  1890  1889   763
  1205 2 2       1      1   211  1891  1889
  1206 2 2       1      1  1891  1892  1889
  1207 2 2       1      1  1891   758  1892
  1208 2 2       1      1  1889  1892   763
  1209 2 2       1      1   211   203  1891
  1210 2 2       1      1   203  1871  1891
  1211 2 2       1      1   203   215  1871
  1212 2 2       1      1  1891  1871   758
  1213 2 2       1      1   763  1892  1893
  1214 2 2       1      1  1892  1867  1893
  1215 2 2       1      1  1892   758  1867
  1216 2 2       1      1  1893  1867   411
  1217 2 2       1      1   439  1888  1552
  1218 2 2       1      1  1888  1894  1552
  1219 2 2       1      1  1888   762  1894
  1220 2 2       1      1  1552  1894   669
  1221 2 2       1      1   762  1895  1894
  1222 2 2       1      1  1895  1896  1894
  1223 2 2       1      1  1895   764  1896
  1224 2 2       1      1  1894  1896   669
  1225 2 2       1      1   762  1887  1895
  1226 2 2       1      1  1887  1897  1895
  1227 2 2       1      1  1887   438  1897
  1228 2 2       1      1  1895  1897   764
  1229 2 2       1      1   669  1896  1553
  1230 2 2       1      1  1896  1898  1553
  1231 2 2       1      1  1896   764  1898
  1232 2 2       1      1  1553  1898   440
  1233 2 2       1      1    18     5  1860
  1234 2 2       1      1     5  1899  1860
  1235 2 2       1      1     5    13  1899
  1236 2 2       1      1  1860  1899   756
  1237 2 2       1      1    13  1900  1899
  1238 2 2       1      1  1900  1901  1899
  1239 2 2       1      1  1900   765  1901
  1240 2 2       1      1  1899  1901   756
  1241 2 2       1      1    13     4  1900
  1242 2 2       1      1     4  1902  1900
  1243 2 2       1      1     4    17  1902
  1244 2 2       1      1  1900  1902   765
  1245 2 2       1      1   756  1901  1861
  1246 2 2       1      1  1901  1903  1861
  1247 2 2       1      1  1901   765  1903
  1248 2 2       1      1  1861  1903   435
  1249 2 2       1      1   448  1811  1527
  1250 2 2       1      1  1811  1904  1527
  1251 2 2       1      1  1811   741  1904
  1252 2 2       1      1  1527  1904   663
  1253 2 2       1      1   741  1905  1904
  1254 2 2       1      1  1905  1906  1904
  1255 2 2       1      1  1905   766  1906
  1256 2 2       1      1  1904  1906   663
  1257 2 2       1      1   741  1810  1905
  1258 2 2       1      1  1810  1907  1905
  1259 2 2       1      1  1810   447  1907
  1260 2 2       1      1  1905  1907   766
  1261 2 2       1      1   663  1906  1531
  1262 2 2       1      1  1906  1908  1531
  1263 2 2       1      1  1906   766  1908
  1264 2 2       1      1  1531  1908   449
  1265 2 2       1      1   459  1909  1707
  1266 2 2       1      1  1909  1910  1707
  1267 2 2       1      1  1909   767  1910
  1268 2 2       1      1  1707  1910   717
  1269 2 2       1      1   767  1911  1910
  1270 2 2       1      1  1911  1912  1910
  1271 2 2       1      1  1911   768  1912
  1272 2 2       1      1  1910  1912   717
  1273 2 2       1      1   767  1913  1911
  1274 2 2       1      1  1913  1914  1911
  1275 2 2       1      1  1913   460  1914
  1276 2 2       1      1  1911  1914   768
  1277 2 2       1      1   717  1912  1711
  1278 2 2       1      1  1912  1915  1711
  1279 2 2       1      1  1912   768  1915
  1280 2 2       1      1  1711  1915   461
  1281 2 2       1      1   215   202  1872
  1282 2 2       1      1   202  1916  1872
  1283 2 2       1      1   202   210  1916
  1284 2 2       1      1  1872  1916   759
  1285 2 2       1      1   210  1917  1916
  1286 2 2       1      1  1917  1918  1916
  1287 2 2       1      1  1917   769  1918
  1288 2 2       1      1  1916  1918   759
  1289 2 2       1      1   210   201  1917
  1290 2 2       1      1   201  1919  1917
  1291 2 2       1      1   201   214  1919
  1292 2 2       1      1  1917  1919   769
  1293 2 2       1      1   759  1918  1873
  1294 2 2       1      1  1918  1920  1873
  1295 2 2       1      1  1918   769  1920
  1296 2 2       1      1  1873  1920   454
  1297 2 2       1      1   459  1878  1909
  1298 2 2       1      1  1878  1921  1909
  1299 2 2       1      1  1878   760  1921
  1300 2 2       1      1  1909  1921   767
  1301 2 2       1      1   760  1922  1921
  1302 2 2       1      1  1922  1923  1921
  1303 2 2       1      1  1922   770  1923
  1304 2 2       1      1  1921  1923   767
  1305 2 2       1      1   760  1877  1922
  1306 2 2       1      1  1877  1924  1922
  1307 2 2       1      1  1877   457  1924
  1308 2 2       1      1  1922  1924   770
  1309 2 2       1      1   767  1923  1913
  1310 2 2       1      1  1923  1925  1913
  1311 2 2       1      1  1923   770  1925
  1312 2 2       1      1  1913  1925   460
  1313 2 2       1      1   440  1898  1927
  1314 2 2       1      1  1898  1926  1927
  1315 2 2       1      1  1898   764  1926
  1316 2 2       1      1  1927  1926   772
  1317 2 2       1      1   764  1928  1926
  1318 2 2       1      1  1928  1929  1926
  1319 2 2       1      1  1928   771  1929
  1320 2 2       1      1  1926  1929   772
  1321 2 2       1      1   764  1897  1928
  1322 2 2       1      1  1897  1930  1928
  1323 2 2       1      1  1897   438  1930
  1324 2 2       1      1  1928  1930   771
  1325 2 2       1      1   772  1929  1932
  1326 2 2       1      1  1929  1931  1932
  1327 2 2       1      1  1929   771  1931
  1328 2 2       1      1  1932  1931   441
  1329 2 2       1      1   440  1927  1714
  1330 2 2       1      1  1927  1933  1714
  1331 2 2       1      1  1927   772  1933
  1332 2 2       1      1  1714  1933   719
  1333 2 2       1      1   772  1934  1933
  1334 2 2       1      1  1934  1935  1933
  1335 2 2       1      1  1934   773  1935
  1336 2 2       1      1  1933  1935   719
  1337 2 2       1      1   772  1932  1934
  1338 2 2       1      1  1932  1936  1934
  1339 2 2       1      1  1932   441  1936
  1340 2 2       1      1  1934  1936   773
  1341 2 2       1      1   719  1935  1718
  1342 2 2       1      1  1935  1937  1718
  1343 2 2       1      1  1935   773  1937
  1344 2 2       1      1  1718  1937   442
  1345 2 2       1      1   449  1908  1939
  1346 2 2       1      1  1908  1938  1939
  1347 2 2       1      1  1908   766  1938
  1348 2 2       1      1  1939  1938   775
  1349 2 2       1      1   766  1940  1938
  1350 2 2       1      1  1940  1941  1938
  1351 2 2       1      1  1940   774  1941
  1352 2 2       1      1  1938  1941   775
  1353 2 2       1      1   766  1907  1940
  1354 2 2       1      1  1907  1942  1940
  1355 2 2       1      1  1907   447  1942
  1356 2 2       1      1  1940  1942   774
  1357 2 2       1      1   775  1941  1944
  1358 2 2       1      1  1941  1943  1944
  1359 2 2       1      1  1941   774  1943
  1360 2 2       1      1  1944  1943   450
  1361 2 2       1      1   449  1939  1677
  1362 2 2       1      1  1939  1945  1677
  1363 2 2       1      1  1939   775  1945
  1364 2 2       1      1  1677  1945   708
  1365 2 2       1      1   775  1946  1945
  1366 2 2       1      1  1946  1947  1945
  1367 2 2       1      1  1946   776  1947
  1368 2 2       1      1  1945  1947   708
  1369 2 2       1      1   775  1944  1946
  1370 2 2       1      1  1944  1948  1946
  1371 2 2       1      1  1944   450  1948
  1372 2 2       1      1  1946  1948   776
  1373 2 2       1      1   708  1947  1681
  1374 2 2       1      1  1947  1949  1681
  1375 2 2       1      1  1947   776  1949
  1376 2 2       1      1  1681  1949   451
  1377 2 2       1      1   451  1949  1951
  1378 2 2       1      1  1949  1950  1951
  1379 2 2       1      1  1949   776  1950
  1380 2 2       1      1  1951  1950   778
  1381 2 2       1      1   776  1952  1950
  1382 2 2       1      1  1952  1953  1950
  1383 2 2       1      1  1952   777  1953
  1384 2 2       1      1  1950  1953   778
  1385 2 2       1      1   776  1948  1952
  1386 2 2       1      1  1948  1954  1952
  1387 2 2       1      1  1948   450  1954
  1388 2 2       1      1  1952  1954   777
  1389 2 2       1      1   778  1953  1956
  1390 2 2       1      1  1953  1955  1956
  1391 2 2       1      1  1953   777  1955
  1392 2 2       1      1  1956  1955   452
  1393 2 2       1      1   452  1955  1958
  1394 2 2       1      1  1955  1957  1958
  1395 2 2       1      1  1955   777  1957
  1396 2 2       1      1  1958  1957   780
  1397 2 2       1      1   777  1959  1957
  1398 2 2       1      1  1959  1960  1957
  1399 2 2       1      1  1959   779  1960
  1400 2 2       1      1  1957  1960   780
  1401 2 2       1      1   777  1954  1959
  1402 2 2       1      1  1954  1961  1959
  1403 2 2       1      1  1954   450  1961
  1404 2 2       1      1  1959  1961   779
  1405 2 2       1      1   780  1960  1963
  1406 2 2       1      1  1960  1962  1963
  1407 2 2       1      1  1960   779  1962
  1408 2 2       1      1  1963  1962   453
  1409 2 2       1      1   405  1964  1966
  1410 2 2       1      1  1964  1965  1966
  1411 2 2       1      1  1964   781  1965
  1412 2 2       1      1  1966  1965   783
  1413 2 2       1      1   781  1967  1965
  1414 2 2       1      1  1967  1968  1965
  1415 2 2       1      1  1967   782  1968
  1416 2 2       1      1  1965  1968   783
  1417 2 2       1      1   781  1969  1967
  1418 2 2       1      1  1969  1970  1967
  1419 2 2       1      1  1969   517  1970
  1420 2 2       1      1  1967  1970   782
  1421 2 2       1      1   783  1968  1972
  1422 2 2       1      1  1968  1971  1972
  1423 2 2       1      1  1968   782  1971
  1424 2 2       1      1  1972  1971   540
  1425 2 2       1      1   405  1973  1964
  1426 2 2       1      1  1973  1974  1964
  1427 2 2       1      1  1973   784  1974
  1428 2 2       1      1  1964  1974   781
  1429 2 2       1      1   784  1975  1974
  1430 2 2       1      1  1975  1976  1974
  1431 2 2       1      1  1975   785  1976
  1432 2 2       1      1  1974  1976   781
  1433 2 2       1      1   784  1977  1975
  1434 2 2       1      1  1977  1978  1975
  1435 2 2       1      1  1977   515  1978
  1436 2 2       1      1  1975  1978   785
  1437 2 2       1      1   781  1976  1969
  1438 2 2       1      1  1976  1979  1969
  1439 2 2       1      1  1976   785  1979
  1440 2 2       1      1  1969  1979   517
  1441 2 2       1      1   515  1977  1981
  1442 2 2       1      1  1977  1980  1981
  1443 2 2       1      1  1977   784  1980
  1444 2 2       1      1  1981  1980   787
  1445 2 2       1      1   784  1982  1980
  1446 2 2       1      1  1982  1983  1980
  1447 2 2       1      1  1982   786  1983
  1448 2 2       1      1  1980  1983   787
  1449 2 2       1      1   784  1973  1982
  1450 2 2       1      1  1973  1984  1982
  1451 2 2       1      1  1973   405  1984
  1452 2 2       1      1  1982  1984   786
  1453 2 2       1      1   787  1983  1986
  1454 2 2       1      1  1983  1985  1986
  1455 2 2       1      1  1983   786  1985
  1456 2 2       1      1  1986  1985   546
  1457 2 2       1      1   513  1987  1989
  1458 2 2       1      1  1987  1988  1989
  1459 2 2       1      1  1987   788  1988
  1460 2 2       1      1  1989  1988   789
  1461 2 2       1      1   788  1990  1988
  1462 2 2       1      1  1990  1991  1988
  1463 2 2       1      1  1990   787  1991
  1464 2 2       1      1  1988  1991   789
  1465 2 2       1      1   788  1992  1990
  1466 2 2       1      1  1992  1981  1990
  1467 2 2       1      1  1992   515  1981
  1468 2 2       1      1  1990  1981   787
  1469 2 2       1      1   789  1991  1993
  1470 2 2       1      1  1991  1986  1993
  1471 2 2       1      1  1991   787  1986
  1472 2 2       1      1  1993  1986   546
  1473 2 2       1      1   404  1994  1996
  1474 2 2       1      1  1994  1995  1996
  1475 2 2       1      1  1994   790  1995
  1476 2 2       1      1  1996  1995   791
  1477 2 2       1      1   790  1997  1995
  1478 2 2       1      1  1997  1998  1995
  1479 2 2       1      1  1997   789  1998
  1480 2 2       1      1  1995  1998   791
  1481 2 2       1      1   790  1999  1997
  1482 2 2       1      1  1999  1989  1997
  1483 2 2       1      1  1999   513  1989
  1484 2 2       1      1  1997  1989   789
  1485 2 2       1      1   791  1998  2000
  1486 2 2       1      1  1998  1993  2000
  1487 2 2       1      1  1998   789  1993
  1488 2 2       1      1  2000  1993   546
  1489 2 2       1      1   404  2001  1994
  1490 2 2       1      1  2001  2002  1994
  1491 2 2       1      1  2001   792  2002
  1492 2 2       1      1  1994  2002   790
  1493 2 2       1      1   792  2003  2002
  1494 2 2       1      1  2003  2004  2002
  1495 2 2       1      1  2003   793  2004
  1496 2 2       1      1  2002  2004   790
  1497 2 2       1      1   792  2005  2003
  1498 2 2       1      1  2005  2006  2003
  1499 2 2       1      1  2005   511  2006
  1500 2 2       1      1  2003  2006   793
  1501 2 2       1      1   790  2004  1999
  1502 2 2       1      1  2004  2007  1999
  1503 2 2       1      1  2004   793  2007
  1504 2 2       1      1  1999  2007   513
  1505 2 2       1      1   511  2005  2009
  1506 2 2       1      1  2005  2008  2009
  1507 2 2       1      1  2005   792  2008
  1508 2 2       1      1  2009  2008   795
  1509 2 2       1      1   792  2010  2008
  1510 2 2       1      1  2010  2011  2008
  1511 2 2       1      1  2010   794  2011
  1512 2 2       1      1  2008  2011   795
  1513 2 2       1      1   792  2001  2010
  1514 2 2       1      1  2001  2012  2010
  1515 2 2       1      1  2001   404  2012
  1516 2 2       1      1  2010  2012   794
  1517 2 2       1      1   795  2011  2014
  1518 2 2       1      1  2011  2013  2014
  1519 2 2       1      1  2011   794  2013
  1520 2 2       1      1  2014  2013   538
  1521 2 2       1      1   509  2015  2017
  1522 2 2       1      1  2015  2016  2017
  1523 2 2       1      1  2015   796  2016
  1524 2 2       1      1  2017  2016   797
  1525 2 2       1      1   796  2018  2016
  1526 2 2       1      1  2018  2019  2016
  1527 2 2       1      1  2018   795  2019
  1528 2 2       1      1  2016  2019   797
  1529 2 2       1      1   796  2020  2018
  1530 2 2       1      1  2020  2009  2018
  1531 2 2       1      1  2020   511  2009
  1532 2 2       1      1  2018  2009   795
  1533 2 2       1      1   797  2019  2021
  1534 2 2       1      1  2019  2014  2021
  1535 2 2       1      1  2019   795  2014
  1536 2 2       1      1  2021  2014   538
  1537 2 2       1      1   403  2022  2024
  1538 2 2       1      1  2022  2023  2024
  1539 2 2       1      1  2022   798  2023
  1540 2 2       1      1  2024  2023   799
  1541 2 2       1      1   798  2025  2023
  1542 2 2       1      1  2025  2026  2023
  1543 2 2       1      1  2025   797  2026
  1544 2 2       1      1  2023  2026   799
  1545 2 2       1      1   798  2027  2025
  1546 2 2       1      1  2027  2017  2025
  1547 2 2       1      1  2027   509  2017
  1548 2 2       1      1  2025  2017   797
  1549 2 2       1      1   799  2026  2028
  1550 2 2       1      1  2026  2021  2028
  1551 2 2       1      1  2026   797  2021
  1552 2 2       1      1  2028  2021   538
  1553 2 2       1      1   403  2029  2022
  1554 2 2       1      1  2029  2030  2022
  1555 2 2       1      1  2029   800  2030
  1556 2 2       1      1  2022  2030   798
  1557 2 2       1      1   800  2031  2030
  1558 2 2       1      1  2031  2032  2030
  1559 2 2       1      1  2031   801  2032
  1560 2 2       1      1  2030  2032   798
  1561 2 2       1      1   800  2033  2031
  1562 2 2       1      1  2033  2034  2031
  1563 2 2       1      1  2033   507  2034
  1564 2 2       1      1  2031  2034   801
  1565 2 2       1      1   798  2032  2027
  1566 2 2       1      1  2032  2035  2027
  1567 2 2       1      1  2032   801  2035
  1568 2 2       1      1  2027  2035   509
  1569 2 2       1      1   478  2036  2038
  1570 2 2       1      1  2036  2037  2038
  1571 2 2       1      1  2036   802  2037
  1572 2 2       1      1  2038  2037   804
  1573 2 2       1      1   802  2039  2037
  1574 2 2       1      1  2039  2040  2037
  1575 2 2       1      1  2039   803  2040
  1576 2 2       1      1  2037  2040   804
  1577 2 2       1      1   802  2041  2039
  1578 2 2       1      1  2041  2042  2039
  1579 2 2       1      1  2041   472  2042
  1580 2 2       1      1  2039  2042   803
  1581 2 2       1      1   804  2040  2044
  1582 2 2       1      1  2040  2043  2044
  1583 2 2       1      1  2040   803  2043
  1584 2 2       1      1  2044  2043   523
  1585 2 2       1      1   507  2033  2046
  1586 2 2       1      1  2033  2045  2046
  1587 2 2       1      1  2033   800  2045
  1588 2 2       1      1  2046  2045   806
  1589 2 2       1      1   800  2047  2045
  1590 2 2       1      1  2047  2048  2045
  1591 2 2       1      1  2047   805  2048
  1592 2 2       1      1  2045  2048   806
  1593 2 2       1      1   800  2029  2047
  1594 2 2       1      1  2029  2049  2047
  1595 2 2       1      1  2029   403  2049
  1596 2 2       1      1  2047  2049   805
  1597 2 2       1      1   806  2048  2051
  1598 2 2       1      1  2048  2050  2051
  1599 2 2       1      1  2048   805  2050
  1600 2 2       1      1  2051  2050   548
  1601 2 2       1      1   505  2052  2054
  1602 2 2       1      1  2052  2053  2054
  1603 2 2       1      1  2052   807  2053
  1604 2 2       1      1  2054  2053   808
  1605 2 2       1      1   807  2055  2053
  1606 2 2       1      1  2055  2056  2053
  1607 2 2       1      1  2055   806  2056
  1608 2 2       1      1  2053  2056   808
  1609 2 2       1      1   807  2057  2055
  1610 2 2       1      1  2057  2046  2055
  1611 2 2       1      1  2057   507  2046
  1612 2 2       1      1  2055  2046   806
  1613 2 2       1      1   808  2056  2058
  1614 2 2       1      1  2056  2051  2058
  1615 2 2       1      1  2056   806  2051
  1616 2 2       1      1  2058  2051   548
  1617 2 2       1      1   398  2059  2061
  1618 2 2       1      1  2059  2060  2061
  1619 2 2       1      1  2059   809  2060
  1620 2 2       1      1  2061  2060   811
  1621 2 2       1      1   809  2062  2060
  1622 2 2       1      1  2062  2063  2060
  1623 2 2       1      1  2062   810  2063
  1624 2 2       1      1  2060  2063   811
  1625 2 2       1      1   809  2064  2062
  1626 2 2       1      1  2064  2065  2062
  1627 2 2       1      1  2064   492  2065
  1628 2 2       1      1  2062  2065   810
  1629 2 2       1      1   811  2063  2067
  1630 2 2       1      1  2063  2066  2067
  1631 2 2       1      1  2063   810  2066
  1632 2 2       1      1  2067  2066   549
  1633 2 2       1      1   402  2068  2070
  1634 2 2       1      1  2068  2069  2070
  1635 2 2       1      1  2068   812  2069
  1636 2 2       1      1  2070  2069   813
  1637 2 2       1      1   812  2071  2069
  1638 2 2       1      1  2071  2072  2069
  1639 2 2       1      1  2071   808  2072
  1640 2 2       1      1  2069  2072   813
  1641 2 2       1      1   812  2073  2071
  1642 2 2       1      1  2073  2054  2071
  1643 2 2       1      1  2073   505  2054
  1644 2 2       1      1  2071  2054   808
  1645 2 2       1      1   813  2072  2074
  1646 2 2       1      1  2072  2058  2074
  1647 2 2       1      1  2072   808  2058
  1648 2 2       1      1  2074  2058   548
  1649 2 2       1      1   402  2075  2068
  1650 2 2       1      1  2075  2076  2068
  1651 2 2       1      1  2075   814  2076
  1652 2 2       1      1  2068  2076   812
  1653 2 2       1      1   814  2077  2076
  1654 2 2       1      1  2077  2078  2076
  1655 2 2       1      1  2077   815  2078
  1656 2 2       1      1  2076  2078   812
  1657 2 2       1      1   814  2079  2077
  1658 2 2       1      1  2079  2080  2077
  1659 2 2       1      1  2079   503  2080
  1660 2 2       1      1  2077  2080   815
  1661 2 2       1      1   812  2078  2073
  1662 2 2       1      1  2078  2081  2073
  1663 2 2       1      1  2078   815  2081
  1664 2 2       1      1  2073  2081   505
  1665 2 2       1      1   492  2082  2065
  1666 2 2       1      1  2082  2083  2065
  1667 2 2       1      1  2082   816  2083
  1668 2 2       1      1  2065  2083   810
  1669 2 2       1      1   816  2084  2083
  1670 2 2       1      1  2084  2085  2083
  1671 2 2       1      1  2084   817  2085
  1672 2 2       1      1  2083  2085   810
  1673 2 2       1      1   816  2086  2084
  1674 2 2       1      1  2086  2087  2084
  1675 2 2       1      1  2086   490  2087
  1676 2 2       1      1  2084  2087   817
  1677 2 2       1      1   810  2085  2066
  1678 2 2       1      1  2085  2088  2066
  1679 2 2       1      1  2085   817  2088
  1680 2 2       1      1  2066  2088   549
  1681 2 2       1      1   490  2089  2087
  1682 2 2       1      1  2089  2090  2087
  1683 2 2       1      1  2089   818  2090
  1684 2 2       1      1  2087  2090   817
  1685 2 2       1      1   818  2091  2090
  1686 2 2       1      1  2091  2092  2090
  1687 2 2       1      1  2091   819  2092
  1688 2 2       1      1  2090  2092   817
  1689 2 2       1      1   818  2093  2091
  1690 2 2       1      1  2093  2094  2091
  1691 2 2       1      1  2093   399  2094
  1692 2 2       1      1  2091  2094   819
  1693 2 2       1      1   817  2092  2088
  1694 2 2       1      1  2092  2095  2088
  1695 2 2       1      1  2092   819  2095
  1696 2 2       1      1  2088  2095   549
  1697 2 2       1      1   503  2079  2097
  1698 2 2       1      1  2079  2096  2097
  1699 2 2       1      1  2079   814  2096
  1700 2 2       1      1  2097  2096   821
  1701 2 2       1      1   814  2098  2096
  1702 2 2       1      1  2098  2099  2096
  1703 2 2       1      1  2098   820  2099
  1704 2 2       1      1  2096  2099   821
  1705 2 2       1      1   814  2075  2098
  1706 2 2       1      1  2075  2100  2098
  1707 2 2       1      1  2075   402  2100
  1708 2 2       1      1  2098  2100   820
  1709 2 2       1      1   821  2099  2102
  1710 2 2       1      1  2099  2101  2102
  1711 2 2       1      1  2099   820  2101
  1712 2 2       1      1  2102  2101   543
  1713 2 2       1      1   501  2103  2105
  1714 2 2       1      1  2103  2104  2105
  1715 2 2       1      1  2103   822  2104
  1716 2 2       1      1  2105  2104   823
  1717 2 2       1      1   822  2106  2104
  1718 2 2       1      1  2106  2107  2104
  1719 2 2       1      1  2106   821  2107
  1720 2 2       1      1  2104  2107   823
  1721 2 2       1      1   822  2108  2106
  1722 2 2       1      1  2108  2097  2106
  1723 2 2       1      1  2108   503  2097
  1724 2 2       1      1  2106  2097   821
  1725 2 2       1      1   823  2107  2109
  1726 2 2       1      1  2107  2102  2109
  1727 2 2       1      1  2107   821  2102
  1728 2 2       1      1  2109  2102   543
  1729 2 2       1      1   488  2110  2112
  1730 2 2       1      1  2110  2111  2112
  1731 2 2       1      1  2110   824  2111
  1732 2 2       1      1  2112  2111   825
  1733 2 2       1      1   824  2113  2111
  1734 2 2       1      1  2113  2114  2111
  1735 2 2       1      1  2113   818  2114
  1736 2 2       1      1  2111  2114   825
  1737 2 2       1      1   824  2115  2113
  1738 2 2       1      1  2115  2093  2113
  1739 2 2       1      1  2115   399  2093
  1740 2 2       1      1  2113  2093   818
  1741 2 2       1      1   825  2114  2116
  1742 2 2       1      1  2114  2089  2116
  1743 2 2       1      1  2114   818  2089
  1744 2 2       1      1  2116  2089   490
  1745 2 2       1      1   399  2115  2118
  1746 2 2       1      1  2115  2117  2118
  1747 2 2       1      1  2115   824  2117
  1748 2 2       1      1  2118  2117   827
  1749 2 2       1      1   824  2119  2117
  1750 2 2       1      1  2119  2120  2117
  1751 2 2       1      1  2119   826  2120
  1752 2 2       1      1  2117  2120   827
  1753 2 2       1      1   824  2110  2119
  1754 2 2       1      1  2110  2121  2119
  1755 2 2       1      1  2110   488  2121
  1756 2 2       1      1  2119  2121   826
  1757 2 2       1      1   827  2120  2123
  1758 2 2       1      1  2120  2122  2123
  1759 2 2       1      1  2120   826  2122
  1760 2 2       1      1  2123  2122   547
  1761 2 2       1      1   393  2124  2126
  1762 2 2       1      1  2124  2125  2126
  1763 2 2       1      1  2124   828  2125
  1764 2 2       1      1  2126  2125   829
  1765 2 2       1      1   828  2127  2125
  1766 2 2       1      1  2127  2128  2125
  1767 2 2       1      1  2127   823  2128
  1768 2 2       1      1  2125  2128   829
  1769 2 2       1      1   828  2129  2127
  1770 2 2       1      1  2129  2105  2127
  1771 2 2       1      1  2129   501  2105
  1772 2 2       1      1  2127  2105   823
  1773 2 2       1      1   829  2128  2130
  1774 2 2       1      1  2128  2109  2130
  1775 2 2       1      1  2128   823  2109
  1776 2 2       1      1  2130  2109   543
  1777 2 2       1      1   393  2131  2124
  1778 2 2       1      1  2131  2132  2124
  1779 2 2       1      1  2131   830  2132
  1780 2 2       1      1  2124  2132   828
  1781 2 2       1      1   830  2133  2132
  1782 2 2       1      1  2133  2134  2132
  1783 2 2       1      1  2133   831  2134
  1784 2 2       1      1  2132  2134   828
  1785 2 2       1      1   830  2135  2133
  1786 2 2       1      1  2135  2136  2133
  1787 2 2       1      1  2135   499  2136
  1788 2 2       1      1  2133  2136   831
  1789 2 2       1      1   828  2134  2129
  1790 2 2       1      1  2134  2137  2129
  1791 2 2       1      1  2134   831  2137
  1792 2 2       1      1  2129  2137   501
  1793 2 2       1      1   488  2138  2121
  1794 2 2       1      1  2138  2139  2121
  1795 2 2       1      1  2138   832  2139
  1796 2 2       1      1  2121  2139   826
  1797 2 2       1      1   832  2140  2139
  1798 2 2       1      1  2140  2141  2139
  1799 2 2       1      1  2140   833  2141
  1800 2 2       1      1  2139  2141   826
  1801 2 2       1      1   832  2142  2140
  1802 2 2       1      1  2142  2143  2140
  1803 2 2       1      1  2142   486  2143
  1804 2 2       1      1  2140  2143   833
  1805 2 2       1      1   826  2141  2122
  1806 2 2       1      1  2141  2144  2122
  1807 2 2       1      1  2141   833  2144
  1808 2 2       1      1  2122  2144   547
  1809 2 2       1      1   486  2145  2143
  1810 2 2       1      1  2145  2146  2143
  1811 2 2       1      1  2145   834  2146
  1812 2 2       1      1  2143  2146   833
  1813 2 2       1      1   834  2147  2146
  1814 2 2       1      1  2147  2148  2146
  1815 2 2       1      1  2147   835  2148
  1816 2 2       1      1  2146  2148   833
  1817 2 2       1      1   834  2149  2147
  1818 2 2       1      1  2149  2150  2147
  1819 2 2       1      1  2149   401  2150
  1820 2 2       1      1  2147  2150   835
  1821 2 2       1      1   833  2148  2144
  1822 2 2       1      1  2148  2151  2144
  1823 2 2       1      1  2148   835  2151
  1824 2 2       1      1  2144  2151   547
  1825 2 2       1      1   484  2152  2154
  1826 2 2       1      1  2152  2153  2154
  1827 2 2       1      1  2152   836  2153
  1828 2 2       1      1  2154  2153   837
  1829 2 2       1      1   836  2155  2153
  1830 2 2       1      1  2155  2156  2153
  1831 2 2       1      1  2155   834  2156
  1832 2 2       1      1  2153  2156   837
  1833 2 2       1      1   836  2157  2155
  1834 2 2       1      1  2157  2149  2155
  1835 2 2       1      1  2157   401  2149
  1836 2 2       1      1  2155  2149   834
  1837 2 2       1      1   837  2156  2158
  1838 2 2       1      1  2156  2145  2158
  1839 2 2       1      1  2156   834  2145
  1840 2 2       1      1  2158  2145   486
  1841 2 2       1      1   472  2159  2042
  1842 2 2       1      1  2159  2160  2042
  1843 2 2       1      1  2159   838  2160
  1844 2 2       1      1  2042  2160   803
  1845 2 2       1      1   838  2161  2160
  1846 2 2       1      1  2161  2162  2160
  1847 2 2       1      1  2161   839  2162
  1848 2 2       1      1  2160  2162   803
  1849 2 2       1      1   838  2163  2161
  1850 2 2       1      1  2163  2164  2161
  1851 2 2       1      1  2163   468  2164
  1852 2 2       1      1  2161  2164   839
  1853 2 2       1      1   803  2162  2043
  1854 2 2       1      1  2162  2165  2043
  1855 2 2       1      1  2162   839  2165
  1856 2 2       1      1  2043  2165   523
  1857 2 2       1      1   401  2157  2167
  1858 2 2       1      1  2157  2166  2167
  1859 2 2       1      1  2157   836  2166
  1860 2 2       1      1  2167  2166   841
  1861 2 2       1      1   836  2168  2166
  1862 2 2       1      1  2168  2169  2166
  1863 2 2       1      1  2168   840  2169
  1864 2 2       1      1  2166  2169   841
  1865 2 2       1      1   836  2152  2168
  1866 2 2       1      1  2152  2170  2168
  1867 2 2       1      1  2152   484  2170
  1868 2 2       1      1  2168  2170   840
  1869 2 2       1      1   841  2169  2172
  1870 2 2       1      1  2169  2171  2172
  1871 2 2       1      1  2169   840  2171
  1872 2 2       1      1  2172  2171   528
  1873 2 2       1      1   484  2173  2170
  1874 2 2       1      1  2173  2174  2170
  1875 2 2       1      1  2173   842  2174
  1876 2 2       1      1  2170  2174   840
  1877 2 2       1      1   842  2175  2174
  1878 2 2       1      1  2175  2176  2174
  1879 2 2       1      1  2175   843  2176
  1880 2 2       1      1  2174  2176   840
  1881 2 2       1      1   842  2177  2175
  1882 2 2       1      1  2177  2178  2175
  1883 2 2       1      1  2177   482  2178
  1884 2 2       1      1  2175  2178   843
  1885 2 2       1      1   840  2176  2171
  1886 2 2       1      1  2176  2179  2171
  1887 2 2       1      1  2176   843  2179
  1888 2 2       1      1  2171  2179   528
  1889 2 2       1      1   497  2180  2182
  1890 2 2       1      1  2180  2181  2182
  1891 2 2       1      1  2180   844  2181
  1892 2 2       1      1  2182  2181   846
  1893 2 2       1      1   844  2183  2181
  1894 2 2       1      1  2183  2184  2181
  1895 2 2       1      1  2183   845  2184
  1896 2 2       1      1  2181  2184   846
  1897 2 2       1      1   844  2185  2183
  1898 2 2       1      1  2185  2186  2183
  1899 2 2       1      1  2185   499  2186
  1900 2 2       1      1  2183  2186   845
  1901 2 2       1      1   846  2184  2188
  1902 2 2       1      1  2184  2187  2188
  1903 2 2       1      1  2184   845  2187
  1904 2 2       1      1  2188  2187   533
  1905 2 2       1      1   482  2189  2178
  1906 2 2       1      1  2189  2190  2178
  1907 2 2       1      1  2189   847  2190
  1908 2 2       1      1  2178  2190   843
  1909 2 2       1      1   847  2191  2190
  1910 2 2       1      1  2191  2192  2190
  1911 2 2       1      1  2191   848  2192
  1912 2 2       1      1  2190  2192   843
  1913 2 2       1      1   847  2193  2191
  1914 2 2       1      1  2193  2194  2191
  1915 2 2       1      1  2193   400  2194
  1916 2 2       1      1  2191  2194   848
  1917 2 2       1      1   843  2192  2179
  1918 2 2       1      1  2192  2195  2179
  1919 2 2       1      1  2192   848  2195
  1920 2 2       1      1  2179  2195   528
  1921 2 2       1      1   499  2135  2186
  1922 2 2       1      1  2135  2196  2186
  1923 2 2       1      1  2135   830  2196
  1924 2 2       1      1  2186  2196   845
  1925 2 2       1      1   830  2197  2196
  1926 2 2       1      1  2197  2198  2196
  1927 2 2       1      1  2197   849  2198
  1928 2 2       1      1  2196  2198   845
  1929 2 2       1      1   830  2131  2197
  1930 2 2       1      1  2131  2199  2197
  1931 2 2       1      1  2131   393  2199
  1932 2 2       1      1  2197  2199   849
  1933 2 2       1      1   845  2198  2187
  1934 2 2       1      1  2198  2200  2187
  1935 2 2       1      1  2198   849  2200
  1936 2 2       1      1  2187  2200   533
  1937 2 2       1      1   479  2201  2203
  1938 2 2       1      1  2201  2202  2203
  1939 2 2       1      1  2201   850  2202
  1940 2 2       1      1  2203  2202   851
  1941 2 2       1      1   850  2204  2202
  1942 2 2       1      1  2204  2205  2202
  1943 2 2       1      1  2204   847  2205
  1944 2 2       1      1  2202  2205   851
  1945 2 2       1      1   850  2206  2204
  1946 2 2       1      1  2206  2193  2204
  1947 2 2       1      1  2206   400  2193
  1948 2 2       1      1  2204  2193   847
  1949 2 2       1      1   851  2205  2207
  1950 2 2       1      1  2205  2189  2207
  1951 2 2       1      1  2205   847  2189
  1952 2 2       1      1  2207  2189   482
  1953 2 2       1      1   427  2208  2210
  1954 2 2       1      1  2208  2209  2210
  1955 2 2       1      1  2208   852  2209
  1956 2 2       1      1  2210  2209   854
  1957 2 2       1      1   852  2211  2209
  1958 2 2       1      1  2211  2212  2209
  1959 2 2       1      1  2211   853  2212
  1960 2 2       1      1  2209  2212   854
  1961 2 2       1      1   852  2213  2211
  1962 2 2       1      1  2213  2214  2211
  1963 2 2       1      1  2213   467  2214
  1964 2 2       1      1  2211  2214   853
  1965 2 2       1      1   854  2212  2216
  1966 2 2       1      1  2212  2215  2216
  1967 2 2       1      1  2212   853  2215
  1968 2 2       1      1  2216  2215   468
  1969 2 2       1      1   468  2215  2164
  1970 2 2       1      1  2215  2217  2164
  1971 2 2       1      1  2215   853  2217
  1972 2 2       1      1  2164  2217   839
  1973 2 2       1      1   853  2218  2217
  1974 2 2       1      1  2218  2219  2217
  1975 2 2       1      1  2218   855  2219
  1976 2 2       1      1  2217  2219   839
  1977 2 2       1      1   853  2214  2218
  1978 2 2       1      1  2214  2220  2218
  1979 2 2       1      1  2214   467  2220
  1980 2 2       1      1  2218  2220   855
  1981 2 2       1      1   839  2219  2165
  1982 2 2       1      1  2219  2221  2165
  1983 2 2       1      1  2219   855  2221
  1984 2 2       1      1  2165  2221   523
  1985 2 2       1      1   409  2222  2224
  1986 2 2       1      1  2222  2223  2224
  1987 2 2       1      1  2222   856  2223
  1988 2 2       1      1  2224  2223   858
  1989 2 2       1      1   856  2225  2223
  1990 2 2       1      1  2225  2226  2223
  1991 2 2       1      1  2225   857  2226
  1992 2 2       1      1  2223  2226   858
  1993 2 2       1      1   856  2227  2225
  1994 2 2       1      1  2227  2228  2225
  1995 2 2       1      1  2227   495  2228
  1996 2 2       1      1  2225  2228   857
  1997 2 2       1      1   858  2226  2230
  1998 2 2       1      1  2226  2229  2230
  1999 2 2       1      1  2226   857  2229
  2000 2 2       1      1  2230  2229   497
  2001 2 2       1      1   427  2231  2208
  2002 2 2       1      1  2231  2232  2208
  2003 2 2       1      1  2231   859  2232
  2004 2 2       1      1  2208  2232   852
  2005 2 2       1      1   859  2233  2232
  2006 2 2       1      1  2233  2234  2232
  2007 2 2       1      1  2233   860  2234
  2008 2 2       1      1  2232  2234   852
  2009 2 2       1      1   859  2235  2233
  2010 2 2       1      1  2235  2236  2233
  2011 2 2       1      1  2235   372  2236
  2012 2 2       1      1  2233  2236   860
  2013 2 2       1      1   852  2234  2213
  2014 2 2       1      1  2234  2237  2213
  2015 2 2       1      1  2234   860  2237
  2016 2 2       1      1  2213  2237   467
  2017 2 2       1      1   369   292  2239
  2018 2 2       1      1   292  2238  2239
  2019 2 2       1      1   292   324  2238
  2020 2 2       1      1  2239  2238   862
  2021 2 2       1      1   324  2240  2238
  2022 2 2       1      1  2240  2241  2238
  2023 2 2       1      1  2240   861  2241
  2024 2 2       1      1  2238  2241   862
  2025 2 2       1      1   324   293  2240
  2026 2 2       1      1   293  2242  2240
  2027 2 2       1      1   293   368  2242
  2028 2 2       1      1  2240  2242   861
  2029 2 2       1      1   862  2241  2244
  2030 2 2       1      1  2241  2243  2244
  2031 2 2       1      1  2241   861  2243
  2032 2 2       1      1  2244  2243   521
  2033 2 2       1      1   409  2224  2246
  2034 2 2       1      1  2224  2245  2246
  2035 2 2       1      1  2224   858  2245
  2036 2 2       1      1  2246  2245   863
  2037 2 2       1      1   858  2247  2245
  2038 2 2       1      1  2247  2248  2245
  2039 2 2       1      1  2247   846  2248
  2040 2 2       1      1  2245  2248   863
  2041 2 2       1      1   858  2230  2247
  2042 2 2       1      1  2230  2182  2247
  2043 2 2       1      1  2230   497  2182
  2044 2 2       1      1  2247  2182   846
  2045 2 2       1      1   863  2248  2249
  2046 2 2       1      1  2248  2188  2249
  2047 2 2       1      1  2248   846  2188
  2048 2 2       1      1  2249  2188   533
  2049 2 2       1      1   473  2250  2252
  2050 2 2       1      1  2250  2251  2252
  2051 2 2       1      1  2250   864  2251
  2052 2 2       1      1  2252  2251   865
  2053 2 2       1      1   864  2253  2251
  2054 2 2       1      1  2253  2254  2251
  2055 2 2       1      1  2253   862  2254
  2056 2 2       1      1  2251  2254   865
  2057 2 2       1      1   864  2255  2253
  2058 2 2       1      1  2255  2239  2253
  2059 2 2       1      1  2255   369  2239
  2060 2 2       1      1  2253  2239   862
  2061 2 2       1      1   865  2254  2256
  2062 2 2       1      1  2254  2244  2256
  2063 2 2       1      1  2254   862  2244
  2064 2 2       1      1  2256  2244   521
  2065 2 2       1      1   495  2227  2258
  2066 2 2       1      1  2227  2257  2258
  2067 2 2       1      1  2227   856  2257
  2068 2 2       1      1  2258  2257   867
  2069 2 2       1      1   856  2259  2257
  2070 2 2       1      1  2259  2260  2257
  2071 2 2       1      1  2259   866  2260
  2072 2 2       1      1  2257  2260   867
  2073 2 2       1      1   856  2222  2259
  2074 2 2       1      1  2222  2261  2259
  2075 2 2       1      1  2222   409  2261
  2076 2 2       1      1  2259  2261   866
  2077 2 2       1      1   867  2260  2263
  2078 2 2       1      1  2260  2262  2263
  2079 2 2       1      1  2260   866  2262
  2080 2 2       1      1  2263  2262   522
  2081 2 2       1      1   400  2206  2265
  2082 2 2       1      1  2206  2264  2265
  2083 2 2       1      1  2206   850  2264
  2084 2 2       1      1  2265  2264   869
  2085 2 2       1      1   850  2266  2264
  2086 2 2       1      1  2266  2267  2264
  2087 2 2       1      1  2266   868  2267
  2088 2 2       1      1  2264  2267   869
  2089 2 2       1      1   850  2201  2266
  2090 2 2       1      1  2201  2268  2266
  2091 2 2       1      1  2201   479  2268
  2092 2 2       1      1  2266  2268   868
  2093 2 2       1      1   869  2267  2270
  2094 2 2       1      1  2267  2269  2270
  2095 2 2       1      1  2267   868  2269
  2096 2 2       1      1  2270  2269   521
  2097 2 2       1      1   373   251  2272
  2098 2 2       1      1   251  2271  2272
  2099 2 2       1      1   251   328  2271
  2100 2 2       1      1  2272  2271   870
  2101 2 2       1      1   328  2273  2271
  2102 2 2       1      1  2273  2274  2271
  2103 2 2       1      1  2273   859  2274
  2104 2 2       1      1  2271  2274   870
  2105 2 2       1      1   328   285  2273
  2106 2 2       1      1   285  2235  2273
  2107 2 2       1      1   285   372  2235
  2108 2 2       1      1  2273  2235   859
  2109 2 2       1      1   870  2274  2275
  2110 2 2       1      1  2274  2231  2275
  2111 2 2       1      1  2274   859  2231
  2112 2 2       1      1  2275  2231   427
  2113 2 2       1      1   173    94  2277
  2114 2 2       1      1    94  2276  2277
  2115 2 2       1      1    94   129  2276
  2116 2 2       1      1  2277  2276   872
  2117 2 2       1      1   129  2278  2276
  2118 2 2       1      1  2278  2279  2276
  2119 2 2       1      1  2278   871  2279
  2120 2 2       1      1  2276  2279   872
  2121 2 2       1      1   129    95  2278
  2122 2 2       1      1    95  2280  2278
  2123 2 2       1      1    95   172  2280
  2124 2 2       1      1  2278  2280   871
  2125 2 2       1      1   872  2279  2282
  2126 2 2       1      1  2279  2281  2282
  2127 2 2       1      1  2279   871  2281
  2128 2 2       1      1  2282  2281   520
  2129 2 2       1      1   172  2283  2280
  2130 2 2       1      1  2283  2284  2280
  2131 2 2       1      1  2283   873  2284
  2132 2 2       1      1  2280  2284   871
  2133 2 2       1      1   873  2285  2284
  2134 2 2       1      1  2285  2286  2284
  2135 2 2       1      1  2285   874  2286
  2136 2 2       1      1  2284  2286   871
  2137 2 2       1      1   873  2287  2285
  2138 2 2       1      1  2287  2288  2285
  2139 2 2       1      1  2287   420  2288
  2140 2 2       1      1  2285  2288   874
  2141 2 2       1      1   871  2286  2281
  2142 2 2       1      1  2286  2289  2281
  2143 2 2       1      1  2286   874  2289
  2144 2 2       1      1  2281  2289   520
  2145 2 2       1      1   430  2290  2292
  2146 2 2       1      1  2290  2291  2292
  2147 2 2       1      1  2290   875  2291
  2148 2 2       1      1  2292  2291   877
  2149 2 2       1      1   875  2293  2291
  2150 2 2       1      1  2293  2294  2291
  2151 2 2       1      1  2293   876  2294
  2152 2 2       1      1  2291  2294   877
  2153 2 2       1      1   875  2295  2293
  2154 2 2       1      1  2295  2296  2293
  2155 2 2       1      1  2295   175  2296
  2156 2 2       1      1  2293  2296   876
  2157 2 2       1      1   877  2294  2298
  2158 2 2       1      1  2294  2297  2298
  2159 2 2       1      1  2294   876  2297
  2160 2 2       1      1  2298  2297   519
  2161 2 2       1      1   174    92  2300
  2162 2 2       1      1    92  2299  2300
  2163 2 2       1      1    92   130  2299
  2164 2 2       1      1  2300  2299   879
  2165 2 2       1      1   130  2301  2299
  2166 2 2       1      1  2301  2302  2299
  2167 2 2       1      1  2301   878  2302
  2168 2 2       1      1  2299  2302   879
  2169 2 2       1      1   130    93  2301
  2170 2 2       1      1    93  2303  2301
  2171 2 2       1      1    93   173  2303
  2172 2 2       1      1  2301  2303   878
  2173 2 2       1      1   879  2302  2305
  2174 2 2       1      1  2302  2304  2305
  2175 2 2       1      1  2302   878  2304
  2176 2 2       1      1  2305  2304   428
  2177 2 2       1      1   371   288  2307
  2178 2 2       1      1   288  2306  2307
  2179 2 2       1      1   288   326  2306
  2180 2 2       1      1  2307  2306   881
  2181 2 2       1      1   326  2308  2306
  2182 2 2       1      1  2308  2309  2306
  2183 2 2       1      1  2308   880  2309
  2184 2 2       1      1  2306  2309   881
  2185 2 2       1      1   326   289  2308
  2186 2 2       1      1   289  2310  2308
  2187 2 2       1      1   289   370  2310
  2188 2 2       1      1  2308  2310   880
  2189 2 2       1      1   881  2309  2312
  2190 2 2       1      1  2309  2311  2312
  2191 2 2       1      1  2309   880  2311
  2192 2 2       1      1  2312  2311   429
  2193 2 2       1      1   370   290  2314
  2194 2 2       1      1   290  2313  2314
  2195 2 2       1      1   290   325  2313
  2196 2 2       1      1  2314  2313   882
  2197 2 2       1      1   325  2315  2313
  2198 2 2       1      1  2315  2316  2313
  2199 2 2       1      1  2315   864  2316
  2200 2 2       1      1  2313  2316   882
  2201 2 2       1      1   325   291  2315
  2202 2 2       1      1   291  2255  2315
  2203 2 2       1      1   291   369  2255
  2204 2 2       1      1  2315  2255   864
  2205 2 2       1      1   882  2316  2317
  2206 2 2       1      1  2316  2250  2317
  2207 2 2       1      1  2316   864  2250
  2208 2 2       1      1  2317  2250   473
  2209 2 2       1      1   368  2318  2242
  2210 2 2       1      1  2318  2319  2242
  2211 2 2       1      1  2318   883  2319
  2212 2 2       1      1  2242  2319   861
  2213 2 2       1      1   883  2320  2319
  2214 2 2       1      1  2320  2321  2319
  2215 2 2       1      1  2320   869  2321
  2216 2 2       1      1  2319  2321   861
  2217 2 2       1      1   883  2322  2320
  2218 2 2       1      1  2322  2265  2320
  2219 2 2       1      1  2322   400  2265
  2220 2 2       1      1  2320  2265   869
  2221 2 2       1      1   861  2321  2243
  2222 2 2       1      1  2321  2270  2243
  2223 2 2       1      1  2321   869  2270
  2224 2 2       1      1  2243  2270   521
  2225 2 2       1      1   429  2311  2324
  2226 2 2       1      1  2311  2323  2324
  2227 2 2       1      1  2311   880  2323
  2228 2 2       1      1  2324  2323   884
  2229 2 2       1      1   880  2325  2323
  2230 2 2       1      1  2325  2326  2323
  2231 2 2       1      1  2325   882  2326
  2232 2 2       1      1  2323  2326   884
  2233 2 2       1      1   880  2310  2325
  2234 2 2       1      1  2310  2314  2325
  2235 2 2       1      1  2310   370  2314
  2236 2 2       1      1  2325  2314   882
  2237 2 2       1      1   884  2326  2327
  2238 2 2       1      1  2326  2317  2327
  2239 2 2       1      1  2326   882  2317
  2240 2 2       1      1  2327  2317   473
  2241 2 2       1      1   428  2304  2329
  2242 2 2       1      1  2304  2328  2329
  2243 2 2       1      1  2304   878  2328
  2244 2 2       1      1  2329  2328   885
  2245 2 2       1      1   878  2330  2328
  2246 2 2       1      1  2330  2331  2328
  2247 2 2       1      1  2330   872  2331
  2248 2 2       1      1  2328  2331   885
  2249 2 2       1      1   878  2303  2330
  2250 2 2       1      1  2303  2277  2330
  2251 2 2       1      1  2303   173  2277
  2252 2 2       1      1  2330  2277   872
  2253 2 2       1      1   885  2331  2332
  2254 2 2       1      1  2331  2282  2332
  2255 2 2       1      1  2331   872  2282
  2256 2 2       1      1  2332  2282   520
  2257 2 2       1      1   373  2272  2334
  2258 2 2       1      1  2272  2333  2334
  2259 2 2       1      1  2272   870  2333
  2260 2 2       1      1  2334  2333   887
  2261 2 2       1      1   870  2335  2333
  2262 2 2       1      1  2335  2336  2333
  2263 2 2       1      1  2335   886  2336
  2264 2 2       1      1  2333  2336   887
  2265 2 2       1      1   870  2275  2335
  2266 2 2       1      1  2275  2337  2335
  2267 2 2       1      1  2275   427  2337
  2268 2 2       1      1  2335  2337   886
  2269 2 2       1      1   887  2336  2339
  2270 2 2       1      1  2336  2338  2339
  2271 2 2       1      1  2336   886  2338
  2272 2 2       1      1  2339  2338   522
  2273 2 2       1      1   374   238  2341
  2274 2 2       1      1   238  2340  2341
  2275 2 2       1      1   238   329  2340
  2276 2 2       1      1  2341  2340   888
  2277 2 2       1      1   329  2342  2340
  2278 2 2       1      1  2342  2343  2340
  2279 2 2       1      1  2342   887  2343
  2280 2 2       1      1  2340  2343   888
  2281 2 2       1      1   329   239  2342
  2282 2 2       1      1   239  2334  2342
  2283 2 2       1      1   239   373  2334
  2284 2 2       1      1  2342  2334   887
  2285 2 2       1      1   888  2343  2344
  2286 2 2       1      1  2343  2339  2344
  2287 2 2       1      1  2343   887  2339
  2288 2 2       1      1  2344  2339   522
  2289 2 2       1      1   176    55  2346
  2290 2 2       1      1    55  2345  2346
  2291 2 2       1      1    55   132  2345
  2292 2 2       1      1  2346  2345   889
  2293 2 2       1      1   132  2347  2345
  2294 2 2       1      1  2347  2348  2345
  2295 2 2       1      1  2347   875  2348
  2296 2 2       1      1  2345  2348   889
  2297 2 2       1      1   132    89  2347
  2298 2 2       1      1    89  2295  2347
  2299 2 2       1      1    89   175  2295
  2300 2 2       1      1  2347  2295   875
  2301 2 2       1      1   889  2348  2349
  2302 2 2       1      1  2348  2290  2349
  2303 2 2       1      1  2348   875  2290
  2304 2 2       1      1  2349  2290   430
  2305 2 2       1      1   469  2350  2352
  2306 2 2       1      1  2350  2351  2352
  2307 2 2       1      1  2350   890  2351
  2308 2 2       1      1  2352  2351   891
  2309 2 2       1      1   890  2353  2351
  2310 2 2       1      1  2353  2354  2351
  2311 2 2       1      1  2353   867  2354
  2312 2 2       1      1  2351  2354   891
  2313 2 2       1      1   890  2355  2353
  2314 2 2       1      1  2355  2258  2353
  2315 2 2       1      1  2355   495  2258
  2316 2 2       1      1  2353  2258   867
  2317 2 2       1      1   891  2354  2356
  2318 2 2       1      1  2354  2263  2356
  2319 2 2       1      1  2354   867  2263
  2320 2 2       1      1  2356  2263   522
  2321 2 2       1      1   467  2357  2220
  2322 2 2       1      1  2357  2358  2220
  2323 2 2       1      1  2357   892  2358
  2324 2 2       1      1  2220  2358   855
  2325 2 2       1      1   892  2359  2358
  2326 2 2       1      1  2359  2360  2358
  2327 2 2       1      1  2359   893  2360
  2328 2 2       1      1  2358  2360   855
  2329 2 2       1      1   892  2361  2359
  2330 2 2       1      1  2361  2362  2359
  2331 2 2       1      1  2361   429  2362
  2332 2 2       1      1  2359  2362   893
  2333 2 2       1      1   855  2360  2221
  2334 2 2       1      1  2360  2363  2221
  2335 2 2       1      1  2360   893  2363
  2336 2 2       1      1  2221  2363   523
  2337 2 2       1      1   372   286  2236
  2338 2 2       1      1   286  2364  2236
  2339 2 2       1      1   286   327  2364
  2340 2 2       1      1  2236  2364   860
  2341 2 2       1      1   327  2365  2364
  2342 2 2       1      1  2365  2366  2364
  2343 2 2       1      1  2365   894  2366
  2344 2 2       1      1  2364  2366   860
  2345 2 2       1      1   327   287  2365
  2346 2 2       1      1   287  2367  2365
  2347 2 2       1      1   287   371  2367
  2348 2 2       1      1  2365  2367   894
  2349 2 2       1      1   860  2366  2237
  2350 2 2       1      1  2366  2368  2237
  2351 2 2       1      1  2366   894  2368
  2352 2 2       1      1  2237  2368   467
  2353 2 2       1      1   371  2307  2367
  2354 2 2       1      1  2307  2369  2367
  2355 2 2       1      1  2307   881  2369
  2356 2 2       1      1  2367  2369   894
  2357 2 2       1      1   881  2370  2369
  2358 2 2       1      1  2370  2371  2369
  2359 2 2       1      1  2370   892  2371
  2360 2 2       1      1  2369  2371   894
  2361 2 2       1      1   881  2312  2370
  2362 2 2       1      1  2312  2361  2370
  2363 2 2       1      1  2312   429  2361
  2364 2 2       1      1  2370  2361   892
  2365 2 2       1      1   894  2371  2368
  2366 2 2       1      1  2371  2357  2368
  2367 2 2       1      1  2371   892  2357
  2368 2 2       1      1  2368  2357   467
  2369 2 2       1      1   427  2210  2373
  2370 2 2       1      1  2210  2372  2373
  2371 2 2       1      1  2210   854  2372
  2372 2 2       1      1  2373  2372   896
  2373 2 2       1      1   854  2374  2372
  2374 2 2       1      1  2374  2375  2372
  2375 2 2       1      1  2374   895  2375
  2376 2 2       1      1  2372  2375   896
  2377 2 2       1      1   854  2216  2374
  2378 2 2       1      1  2216  2376  2374
  2379 2 2       1      1  2216   468  2376
  2380 2 2       1      1  2374  2376   895
  2381 2 2       1      1   896  2375  2378
  2382 2 2       1      1  2375  2377  2378
  2383 2 2       1      1  2375   895  2377
  2384 2 2       1      1  2378  2377   469
  2385 2 2       1      1   427  2373  2337
  2386 2 2       1      1  2373  2379  2337
  2387 2 2       1      1  2373   896  2379
  2388 2 2       1      1  2337  2379   886
  2389 2 2       1      1   896  2380  2379
  2390 2 2       1      1  2380  2381  2379
  2391 2 2       1      1  2380   891  2381
  2392 2 2       1      1  2379  2381   886
  2393 2 2       1      1   896  2378  2380
  2394 2 2       1      1  2378  2352  2380
  2395 2 2       1      1  2378   469  2352
  2396 2 2       1      1  2380  2352   891
  2397 2 2       1      1   886  2381  2338
  2398 2 2       1      1  2381  2356  2338
  2399 2 2       1      1  2381   891  2356
  2400 2 2       1      1  2338  2356   522
  2401 2 2       1      1   474  2382  2384
  2402 2 2       1      1  2382  2383  2384
  2403 2 2       1      1  2382   897  2383
  2404 2 2       1      1  2384  2383   898
  2405 2 2       1      1   897  2385  2383
  2406 2 2       1      1  2385  2386  2383
  2407 2 2       1      1  2385   804  2386
  2408 2 2       1      1  2383  2386   898
  2409 2 2       1      1   897  2387  2385
  2410 2 2       1      1  2387  2038  2385
  2411 2 2       1      1  2387   478  2038
  2412 2 2       1      1  2385  2038   804
  2413 2 2       1      1   898  2386  2388
  2414 2 2       1      1  2386  2044  2388
  2415 2 2       1      1  2386   804  2044
  2416 2 2       1      1  2388  2044   523
  2417 2 2       1      1   409  2389  2261
  2418 2 2       1      1  2389  2390  2261
  2419 2 2       1      1  2389   899  2390
  2420 2 2       1      1  2261  2390   866
  2421 2 2       1      1   899  2391  2390
  2422 2 2       1      1  2391  2392  2390
  2423 2 2       1      1  2391   888  2392
  2424 2 2       1      1  2390  2392   866
  2425 2 2       1      1   899  2393  2391
  2426 2 2       1      1  2393  2341  2391
  2427 2 2       1      1  2393   374  2341
  2428 2 2       1      1  2391  2341   888
  2429 2 2       1      1   866  2392  2262
  2430 2 2       1      1  2392  2344  2262
  2431 2 2       1      1  2392   888  2344
  2432 2 2       1      1  2262  2344   522
  2433 2 2       1      1   177    42  2395
  2434 2 2       1      1    42  2394  2395
  2435 2 2       1      1    42   133  2394
  2436 2 2       1      1  2395  2394   901
  2437 2 2       1      1   133  2396  2394
  2438 2 2       1      1  2396  2397  2394
  2439 2 2       1      1  2396   900  2397
  2440 2 2       1      1  2394  2397   901
  2441 2 2       1      1   133    43  2396
  2442 2 2       1      1    43  2398  2396
  2443 2 2       1      1    43   176  2398
  2444 2 2       1      1  2396  2398   900
  2445 2 2       1      1   901  2397  2400
  2446 2 2       1      1  2397  2399  2400
  2447 2 2       1      1  2397   900  2399
  2448 2 2       1      1  2400  2399   552
  2449 2 2       1      1   429  2401  2362
  2450 2 2       1      1  2401  2402  2362
  2451 2 2       1      1  2401   902  2402
  2452 2 2       1      1  2362  2402   893
  2453 2 2       1      1   902  2403  2402
  2454 2 2       1      1  2403  2404  2402
  2455 2 2       1      1  2403   898  2404
  2456 2 2       1      1  2402  2404   893
  2457 2 2       1      1   902  2405  2403
  2458 2 2       1      1  2405  2384  2403
  2459 2 2       1      1  2405   474  2384
  2460 2 2       1      1  2403  2384   898
  2461 2 2       1      1   893  2404  2363
  2462 2 2       1      1  2404  2388  2363
  2463 2 2       1      1  2404   898  2388
  2464 2 2       1      1  2363  2388   523
  2465 2 2       1      1   474  2406  2408
  2466 2 2       1      1  2406  2407  2408
  2467 2 2       1      1  2406   903  2407
  2468 2 2       1      1  2408  2407   905
  2469 2 2       1      1   903  2409  2407
  2470 2 2       1      1  2409  2410  2407
  2471 2 2       1      1  2409   904  2410
  2472 2 2       1      1  2407  2410   905
  2473 2 2       1      1   903  2411  2409
  2474 2 2       1      1  2411  2412  2409
  2475 2 2       1      1  2411   473  2412
  2476 2 2       1      1  2409  2412   904
  2477 2 2       1      1   905  2410  2414
  2478 2 2       1      1  2410  2413  2414
  2479 2 2       1      1  2410   904  2413
  2480 2 2       1      1  2414  2413   475
  2481 2 2       1      1   175    90  2296
  2482 2 2       1      1    90  2415  2296
  2483 2 2       1      1    90   131  2415
  2484 2 2       1      1  2296  2415   876
  2485 2 2       1      1   131  2416  2415
  2486 2 2       1      1  2416  2417  2415
  2487 2 2       1      1  2416   906  2417
  2488 2 2       1      1  2415  2417   876
  2489 2 2       1      1   131    91  2416
  2490 2 2       1      1    91  2418  2416
  2491 2 2       1      1    91   174  2418
  2492 2 2       1      1  2416  2418   906
  2493 2 2       1      1   876  2417  2297
  2494 2 2       1      1  2417  2419  2297
  2495 2 2       1      1  2417   906  2419
  2496 2 2       1      1  2297  2419   519
  2497 2 2       1      1   429  2324  2401
  2498 2 2       1      1  2324  2420  2401
  2499 2 2       1      1  2324   884  2420
  2500 2 2       1      1  2401  2420   902
  2501 2 2       1      1   884  2421  2420
  2502 2 2       1      1  2421  2422  2420
  2503 2 2       1      1  2421   903  2422
  2504 2 2       1      1  2420  2422   902
  2505 2 2       1      1   884  2327  2421
  2506 2 2       1      1  2327  2411  2421
  2507 2 2       1      1  2327   473  2411
  2508 2 2       1      1  2421  2411   903
  2509 2 2       1      1   902  2422  2405
  2510 2 2       1      1  2422  2406  2405
  2511 2 2       1      1  2422   903  2406
  2512 2 2       1      1  2405  2406   474
  2513 2 2       1      1   174  2300  2418
  2514 2 2       1      1  2300  2423  2418
  2515 2 2       1      1  2300   879  2423
  2516 2 2       1      1  2418  2423   906
  2517 2 2       1      1   879  2424  2423
  2518 2 2       1      1  2424  2425  2423
  2519 2 2       1      1  2424   907  2425
  2520 2 2       1      1  2423  2425   906
  2521 2 2       1      1   879  2305  2424
  2522 2 2       1      1  2305  2426  2424
  2523 2 2       1      1  2305   428  2426
  2524 2 2       1      1  2424  2426   907
  2525 2 2       1      1   906  2425  2419
  2526 2 2       1      1  2425  2427  2419
  2527 2 2       1      1  2425   907  2427
  2528 2 2       1      1  2419  2427   519
  2529 2 2       1      1   474  2408  2429
  2530 2 2       1      1  2408  2428  2429
  2531 2 2       1      1  2408   905  2428
  2532 2 2       1      1  2429  2428   909
  2533 2 2       1      1   905  2430  2428
  2534 2 2       1      1  2430  2431  2428
  2535 2 2       1      1  2430   908  2431
  2536 2 2       1      1  2428  2431   909
  2537 2 2       1      1   905  2414  2430
  2538 2 2       1      1  2414  2432  2430
  2539 2 2       1      1  2414   475  2432
  2540 2 2       1      1  2430  2432   908
  2541 2 2       1      1   909  2431  2434
  2542 2 2       1      1  2431  2433  2434
  2543 2 2       1      1  2431   908  2433
  2544 2 2       1      1  2434  2433   476
  2545 2 2       1      1   410  2435  2437
  2546 2 2       1      1  2435  2436  2437
  2547 2 2       1      1  2435   910  2436
  2548 2 2       1      1  2437  2436   911
  2549 2 2       1      1   910  2438  2436
  2550 2 2       1      1  2438  2439  2436
  2551 2 2       1      1  2438   901  2439
  2552 2 2       1      1  2436  2439   911
  2553 2 2       1      1   910  2440  2438
  2554 2 2       1      1  2440  2395  2438
  2555 2 2       1      1  2440   177  2395
  2556 2 2       1      1  2438  2395   901
  2557 2 2       1      1   911  2439  2441
  2558 2 2       1      1  2439  2400  2441
  2559 2 2       1      1  2439   901  2400
  2560 2 2       1      1  2441  2400   552
  2561 2 2       1      1   497  2442  2180
  2562 2 2       1      1  2442  2443  2180
  2563 2 2       1      1  2442   912  2443
  2564 2 2       1      1  2180  2443   844
  2565 2 2       1      1   912  2444  2443
  2566 2 2       1      1  2444  2445  2443
  2567 2 2       1      1  2444   913  2445
  2568 2 2       1      1  2443  2445   844
  2569 2 2       1      1   912  2446  2444
  2570 2 2       1      1  2446  2447  2444
  2571 2 2       1      1  2446   498  2447
  2572 2 2       1      1  2444  2447   913
  2573 2 2       1      1   844  2445  2185
  2574 2 2       1      1  2445  2448  2185
  2575 2 2       1      1  2445   913  2448
  2576 2 2       1      1  2185  2448   499
  2577 2 2       1      1   499  2448  2450
  2578 2 2       1      1  2448  2449  2450
  2579 2 2       1      1  2448   913  2449
  2580 2 2       1      1  2450  2449   915
  2581 2 2       1      1   913  2451  2449
  2582 2 2       1      1  2451  2452  2449
  2583 2 2       1      1  2451   914  2452
  2584 2 2       1      1  2449  2452   915
  2585 2 2       1      1   913  2447  2451
  2586 2 2       1      1  2447  2453  2451
  2587 2 2       1      1  2447   498  2453
  2588 2 2       1      1  2451  2453   914
  2589 2 2       1      1   915  2452  2455
  2590 2 2       1      1  2452  2454  2455
  2591 2 2       1      1  2452   914  2454
  2592 2 2       1      1  2455  2454   500
  2593 2 2       1      1   499  2450  2136
  2594 2 2       1      1  2450  2456  2136
  2595 2 2       1      1  2450   915  2456
  2596 2 2       1      1  2136  2456   831
  2597 2 2       1      1   915  2457  2456
  2598 2 2       1      1  2457  2458  2456
  2599 2 2       1      1  2457   916  2458
  2600 2 2       1      1  2456  2458   831
  2601 2 2       1      1   915  2455  2457
  2602 2 2       1      1  2455  2459  2457
  2603 2 2       1      1  2455   500  2459
  2604 2 2       1      1  2457  2459   916
  2605 2 2       1      1   831  2458  2137
  2606 2 2       1      1  2458  2460  2137
  2607 2 2       1      1  2458   916  2460
  2608 2 2       1      1  2137  2460   501
  2609 2 2       1      1   476  2433  2462
  2610 2 2       1      1  2433  2461  2462
  2611 2 2       1      1  2433   908  2461
  2612 2 2       1      1  2462  2461   918
  2613 2 2       1      1   908  2463  2461
  2614 2 2       1      1  2463  2464  2461
  2615 2 2       1      1  2463   917  2464
  2616 2 2       1      1  2461  2464   918
  2617 2 2       1      1   908  2432  2463
  2618 2 2       1      1  2432  2465  2463
  2619 2 2       1      1  2432   475  2465
  2620 2 2       1      1  2463  2465   917
  2621 2 2       1      1   918  2464  2467
  2622 2 2       1      1  2464  2466  2467
  2623 2 2       1      1  2464   917  2466
  2624 2 2       1      1  2467  2466   477
  2625 2 2       1      1   495  2468  2228
  2626 2 2       1      1  2468  2469  2228
  2627 2 2       1      1  2468   919  2469
  2628 2 2       1      1  2228  2469   857
  2629 2 2       1      1   919  2470  2469
  2630 2 2       1      1  2470  2471  2469
  2631 2 2       1      1  2470   920  2471
  2632 2 2       1      1  2469  2471   857
  2633 2 2       1      1   919  2472  2470
  2634 2 2       1      1  2472  2473  2470
  2635 2 2       1      1  2472   496  2473
  2636 2 2       1      1  2470  2473   920
  2637 2 2       1      1   857  2471  2229
  2638 2 2       1      1  2471  2474  2229
  2639 2 2       1      1  2471   920  2474
  2640 2 2       1      1  2229  2474   497
  2641 2 2       1      1   501  2460  2476
  2642 2 2       1      1  2460  2475  2476
  2643 2 2       1      1  2460   916  2475
  2644 2 2       1      1  2476  2475   922
  2645 2 2       1      1   916  2477  2475
  2646 2 2       1      1  2477  2478  2475
  2647 2 2       1      1  2477   921  2478
  2648 2 2       1      1  2475  2478   922
  2649 2 2       1      1   916  2459  2477
  2650 2 2       1      1  2459  2479  2477
  2651 2 2       1      1  2459   500  2479
  2652 2 2       1      1  2477  2479   921
  2653 2 2       1      1   922  2478  2481
  2654 2 2       1      1  2478  2480  2481
  2655 2 2       1      1  2478   921  2480
  2656 2 2       1      1  2481  2480   502
  2657 2 2       1      1   497  2474  2442
  2658 2 2       1      1  2474  2482  2442
  2659 2 2       1      1  2474   920  2482
  2660 2 2       1      1  2442  2482   912
  2661 2 2       1      1   920  2483  2482
  2662 2 2       1      1  2483  2484  2482
  2663 2 2       1      1  2483   923  2484
  2664 2 2       1      1  2482  2484   912
  2665 2 2       1      1   920  2473  2483
  2666 2 2       1      1  2473  2485  2483
  2667 2 2       1      1  2473   496  2485
  2668 2 2       1      1  2483  2485   923
  2669 2 2       1      1   912  2484  2446
  2670 2 2       1      1  2484  2486  2446
  2671 2 2       1      1  2484   923  2486
  2672 2 2       1      1  2446  2486   498
  2673 2 2       1      1   477  2466  2488
  2674 2 2       1      1  2466  2487  2488
  2675 2 2       1      1  2466   917  2487
  2676 2 2       1      1  2488  2487   925
  2677 2 2       1      1   917  2489  2487
  2678 2 2       1      1  2489  2490  2487
  2679 2 2       1      1  2489   924  2490
  2680 2 2       1      1  2487  2490   925
  2681 2 2       1      1   917  2465  2489
  2682 2 2       1      1  2465  2491  2489
  2683 2 2       1      1  2465   475  2491
  2684 2 2       1      1  2489  2491   924
  2685 2 2       1      1   925  2490  2493
  2686 2 2       1      1  2490  2492  2493
  2687 2 2       1      1  2490   924  2492
  2688 2 2       1      1  2493  2492   479
  2689 2 2       1      1   477  2488  2495
  2690 2 2       1      1  2488  2494  2495
  2691 2 2       1      1  2488   925  2494
  2692 2 2       1      1  2495  2494   927
  2693 2 2       1      1   925  2496  2494
  2694 2 2       1      1  2496  2497  2494
  2695 2 2       1      1  2496   926  2497
  2696 2 2       1      1  2494  2497   927
  2697 2 2       1      1   925  2493  2496
  2698 2 2       1      1  2493  2498  2496
  2699 2 2       1      1  2493   479  2498
  2700 2 2       1      1  2496  2498   926
  2701 2 2       1      1   927  2497  2500
  2702 2 2       1      1  2497  2499  2500
  2703 2 2       1      1  2497   926  2499
  2704 2 2       1      1  2500  2499   480
  2705 2 2       1      1   501  2476  2103
  2706 2 2       1      1  2476  2501  2103
  2707 2 2       1      1  2476   922  2501
  2708 2 2       1      1  2103  2501   822
  2709 2 2       1      1   922  2502  2501
  2710 2 2       1      1  2502  2503  2501
  2711 2 2       1      1  2502   928  2503
  2712 2 2       1      1  2501  2503   822
  2713 2 2       1      1   922  2481  2502
  2714 2 2       1      1  2481  2504  2502
  2715 2 2       1      1  2481   502  2504
  2716 2 2       1      1  2502  2504   928
  2717 2 2       1      1   822  2503  2108
  2718 2 2       1      1  2503  2505  2108
  2719 2 2       1      1  2503   928  2505
  2720 2 2       1      1  2108  2505   503
  2721 2 2       1      1   480  2499  2507
  2722 2 2       1      1  2499  2506  2507
  2723 2 2       1      1  2499   926  2506
  2724 2 2       1      1  2507  2506   929
  2725 2 2       1      1   926  2508  2506
  2726 2 2       1      1  2508  2509  2506
  2727 2 2       1      1  2508   851  2509
  2728 2 2       1      1  2506  2509   929
  2729 2 2       1      1   926  2498  2508
  2730 2 2       1      1  2498  2203  2508
  2731 2 2       1      1  2498   479  2203
  2732 2 2       1      1  2508  2203   851
  2733 2 2       1      1   929  2509  2510
  2734 2 2       1      1  2509  2207  2510
  2735 2 2       1      1  2509   851  2207
  2736 2 2       1      1  2510  2207   482
  2737 2 2       1      1   470  2511  2513
  2738 2 2       1      1  2511  2512  2513
  2739 2 2       1      1  2511   930  2512
  2740 2 2       1      1  2513  2512   931
  2741 2 2       1      1   930  2514  2512
  2742 2 2       1      1  2514  2515  2512
  2743 2 2       1      1  2514   838  2515
  2744 2 2       1      1  2512  2515   931
  2745 2 2       1      1   930  2516  2514
  2746 2 2       1      1  2516  2163  2514
  2747 2 2       1      1  2516   468  2163
  2748 2 2       1      1  2514  2163   838
  2749 2 2       1      1   931  2515  2517
  2750 2 2       1      1  2515  2159  2517
  2751 2 2       1      1  2515   838  2159
  2752 2 2       1      1  2517  2159   472
  2753 2 2       1      1   474  2429  2382
  2754 2 2       1      1  2429  2518  2382
  2755 2 2       1      1  2429   909  2518
  2756 2 2       1      1  2382  2518   897
  2757 2 2       1      1   909  2519  2518
  2758 2 2       1      1  2519  2520  2518
  2759 2 2       1      1  2519   932  2520
  2760 2 2       1      1  2518  2520   897
  2761 2 2       1      1   909  2434  2519
  2762 2 2       1      1  2434  2521  2519
  2763 2 2       1      1  2434   476  2521
  2764 2 2       1      1  2519  2521   932
  2765 2 2       1      1   897  2520  2387
  2766 2 2       1      1  2520  2522  2387
  2767 2 2       1      1  2520   932  2522
  2768 2 2       1      1  2387  2522   478
  2769 2 2       1      1   469  2523  2350
  2770 2 2       1      1  2523  2524  2350
  2771 2 2       1      1  2523   933  2524
  2772 2 2       1      1  2350  2524   890
  2773 2 2       1      1   933  2525  2524
  2774 2 2       1      1  2525  2526  2524
  2775 2 2       1      1  2525   934  2526
  2776 2 2       1      1  2524  2526   890
  2777 2 2       1      1   933  2527  2525
  2778 2 2       1      1  2527  2528  2525
  2779 2 2       1      1  2527   471  2528
  2780 2 2       1      1  2525  2528   934
  2781 2 2       1      1   890  2526  2355
  2782 2 2       1      1  2526  2529  2355
  2783 2 2       1      1  2526   934  2529
  2784 2 2       1      1  2355  2529   495
  2785 2 2       1      1   480  2507  2531
  2786 2 2       1      1  2507  2530  2531
  2787 2 2       1      1  2507   929  2530
  2788 2 2       1      1  2531  2530   936
  2789 2 2       1      1   929  2532  2530
  2790 2 2       1      1  2532  2533  2530
  2791 2 2       1      1  2532   935  2533
  2792 2 2       1      1  2530  2533   936
  2793 2 2       1      1   929  2510  2532
  2794 2 2       1      1  2510  2534  2532
  2795 2 2       1      1  2510   482  2534
  2796 2 2       1      1  2532  2534   935
  2797 2 2       1      1   936  2533  2536
  2798 2 2       1      1  2533  2535  2536
  2799 2 2       1      1  2533   935  2535
  2800 2 2       1      1  2536  2535   483
  2801 2 2       1      1   475  2413  2538
  2802 2 2       1      1  2413  2537  2538
  2803 2 2       1      1  2413   904  2537
  2804 2 2       1      1  2538  2537   937
  2805 2 2       1      1   904  2539  2537
  2806 2 2       1      1  2539  2540  2537
  2807 2 2       1      1  2539   865  2540
  2808 2 2       1      1  2537  2540   937
  2809 2 2       1      1   904  2412  2539
  2810 2 2       1      1  2412  2252  2539
  2811 2 2       1      1  2412   473  2252
  2812 2 2       1      1  2539  2252   865
  2813 2 2       1      1   937  2540  2541
  2814 2 2       1      1  2540  2256  2541
  2815 2 2       1      1  2540   865  2256
  2816 2 2       1      1  2541  2256   521
  2817 2 2       1      1   503  2505  2543
  2818 2 2       1      1  2505  2542  2543
  2819 2 2       1      1  2505   928  2542
  2820 2 2       1      1  2543  2542   939
  2821 2 2       1      1   928  2544  2542
  2822 2 2       1      1  2544  2545  2542
  2823 2 2       1      1  2544   938  2545
  2824 2 2       1      1  2542  2545   939
  2825 2 2       1      1   928  2504  2544
  2826 2 2       1      1  2504  2546  2544
  2827 2 2       1      1  2504   502  2546
  2828 2 2       1      1  2544  2546   938
  2829 2 2       1      1   939  2545  2548
  2830 2 2       1      1  2545  2547  2548
  2831 2 2       1      1  2545   938  2547
  2832 2 2       1      1  2548  2547   504
  2833 2 2       1      1   176  2346  2398
  2834 2 2       1      1  2346  2549  2398
  2835 2 2       1      1  2346   889  2549
  2836 2 2       1      1  2398  2549   900
  2837 2 2       1      1   889  2550  2549
  2838 2 2       1      1  2550  2551  2549
  2839 2 2       1      1  2550   940  2551
  2840 2 2       1      1  2549  2551   900
  2841 2 2       1      1   889  2349  2550
  2842 2 2       1      1  2349  2552  2550
  2843 2 2       1      1  2349   430  2552
  2844 2 2       1      1  2550  2552   940
  2845 2 2       1      1   900  2551  2399
  2846 2 2       1      1  2551  2553  2399
  2847 2 2       1      1  2551   940  2553
  2848 2 2       1      1  2399  2553   552
  2849 2 2       1      1   477  2495  2555
  2850 2 2       1      1  2495  2554  2555
  2851 2 2       1      1  2495   927  2554
  2852 2 2       1      1  2555  2554   942
  2853 2 2       1      1   927  2556  2554
  2854 2 2       1      1  2556  2557  2554
  2855 2 2       1      1  2556   941  2557
  2856 2 2       1      1  2554  2557   942
  2857 2 2       1      1   927  2500  2556
  2858 2 2       1      1  2500  2558  2556
  2859 2 2       1      1  2500   480  2558
  2860 2 2       1      1  2556  2558   941
  2861 2 2       1      1   942  2557  2560
  2862 2 2       1      1  2557  2559  2560
  2863 2 2       1      1  2557   941  2559
  2864 2 2       1      1  2560  2559   481
  2865 2 2       1      1   483  2535  2562
  2866 2 2       1      1  2535  2561  2562
  2867 2 2       1      1  2535   935  2561
  2868 2 2       1      1  2562  2561   943
  2869 2 2       1      1   935  2563  2561
  2870 2 2       1      1  2563  2564  2561
  2871 2 2       1      1  2563   842  2564
  2872 2 2       1      1  2561  2564   943
  2873 2 2       1      1   935  2534  2563
  2874 2 2       1      1  2534  2177  2563
  2875 2 2       1      1  2534   482  2177
  2876 2 2       1      1  2563  2177   842
  2877 2 2       1      1   943  2564  2565
  2878 2 2       1      1  2564  2173  2565
  2879 2 2       1      1  2564   842  2173
  2880 2 2       1      1  2565  2173   484
  2881 2 2       1      1   503  2543  2080
  2882 2 2       1      1  2543  2566  2080
  2883 2 2       1      1  2543   939  2566
  2884 2 2       1      1  2080  2566   815
  2885 2 2       1      1   939  2567  2566
  2886 2 2       1      1  2567  2568  2566
  2887 2 2       1      1  2567   944  2568
  2888 2 2       1      1  2566  2568   815
  2889 2 2       1      1   939  2548  2567
  2890 2 2       1      1  2548  2569  2567
  2891 2 2       1      1  2548   504  2569
  2892 2 2       1      1  2567  2569   944
  2893 2 2       1      1   815  2568  2081
  2894 2 2       1      1  2568  2570  2081
  2895 2 2       1      1  2568   944  2570
  2896 2 2       1      1  2081  2570   505
  2897 2 2       1      1   483  2562  2572
  2898 2 2       1      1  2562  2571  2572
  2899 2 2       1      1  2562   943  2571
  2900 2 2       1      1  2572  2571   946
  2901 2 2       1      1   943  2573  2571
  2902 2 2       1      1  2573  2574  2571
  2903 2 2       1      1  2573   945  2574
  2904 2 2       1      1  2571  2574   946
  2905 2 2       1      1   943  2565  2573
  2906 2 2       1      1  2565  2575  2573
  2907 2 2       1      1  2565   484  2575
  2908 2 2       1      1  2573  2575   945
  2909 2 2       1      1   946  2574  2577
  2910 2 2       1      1  2574  2576  2577
  2911 2 2       1      1  2574   945  2576
  2912 2 2       1      1  2577  2576   485
  2913 2 2       1      1   400  2578  2194
  2914 2 2       1      1  2578  2579  2194
  2915 2 2       1      1  2578   947  2579
  2916 2 2       1      1  2194  2579   848
  2917 2 2       1      1   947  2580  2579
  2918 2 2       1      1  2580  2581  2579
  2919 2 2       1      1  2580   948  2581
  2920 2 2       1      1  2579  2581   848
  2921 2 2       1      1   947  2582  2580
  2922 2 2       1      1  2582  2583  2580
  2923 2 2       1      1  2582   367  2583
  2924 2 2       1      1  2580  2583   948
  2925 2 2       1      1   848  2581  2195
  2926 2 2       1      1  2581  2584  2195
  2927 2 2       1      1  2581   948  2584
  2928 2 2       1      1  2195  2584   528
  2929 2 2       1      1   360  2585  2587
  2930 2 2       1      1  2585  2586  2587
  2931 2 2       1      1  2585   949  2586
  2932 2 2       1      1  2587  2586   951
  2933 2 2       1      1   949  2588  2586
  2934 2 2       1      1  2588  2589  2586
  2935 2 2       1      1  2588   950  2589
  2936 2 2       1      1  2586  2589   951
  2937 2 2       1      1   949  2590  2588
  2938 2 2       1      1  2590  2591  2588
  2939 2 2       1      1  2590   397  2591
  2940 2 2       1      1  2588  2591   950
  2941 2 2       1      1   951  2589  2593
  2942 2 2       1      1  2589  2592  2593
  2943 2 2       1      1  2589   950  2592
  2944 2 2       1      1  2593  2592   536
  2945 2 2       1      1   505  2570  2595
  2946 2 2       1      1  2570  2594  2595
  2947 2 2       1      1  2570   944  2594
  2948 2 2       1      1  2595  2594   953
  2949 2 2       1      1   944  2596  2594
  2950 2 2       1      1  2596  2597  2594
  2951 2 2       1      1  2596   952  2597
  2952 2 2       1      1  2594  2597   953
  2953 2 2       1      1   944  2569  2596
  2954 2 2       1      1  2569  2598  2596
  2955 2 2       1      1  2569   504  2598
  2956 2 2       1      1  2596  2598   952
  2957 2 2       1      1   953  2597  2600
  2958 2 2       1      1  2597  2599  2600
  2959 2 2       1      1  2597   952  2599
  2960 2 2       1      1  2600  2599   506
  2961 2 2       1      1   367   296  2583
  2962 2 2       1      1   296  2601  2583
  2963 2 2       1      1   296   322  2601
  2964 2 2       1      1  2583  2601   948
  2965 2 2       1      1   322  2602  2601
  2966 2 2       1      1  2602  2603  2601
  2967 2 2       1      1  2602   954  2603
  2968 2 2       1      1  2601  2603   948
  2969 2 2       1      1   322   297  2602
  2970 2 2       1      1   297  2604  2602
  2971 2 2       1      1   297   366  2604
  2972 2 2       1      1  2602  2604   954
  2973 2 2       1      1   948  2603  2584
  2974 2 2       1      1  2603  2605  2584
  2975 2 2       1      1  2603   954  2605
  2976 2 2       1      1  2584  2605   528
  2977 2 2       1      1   350   264  2607
  2978 2 2       1      1   264  2606  2607
  2979 2 2       1      1   264   316  2606
  2980 2 2       1      1  2607  2606   955
  2981 2 2       1      1   316  2608  2606
  2982 2 2       1      1  2608  2609  2606
  2983 2 2       1      1  2608   951  2609
  2984 2 2       1      1  2606  2609   955
  2985 2 2       1      1   316   265  2608
  2986 2 2       1      1   265  2587  2608
  2987 2 2       1      1   265   360  2587
  2988 2 2       1      1  2608  2587   951
  2989 2 2       1      1   955  2609  2610
  2990 2 2       1      1  2609  2593  2610
  2991 2 2       1      1  2609   951  2593
  2992 2 2       1      1  2610  2593   536
  2993 2 2       1      1   365   300  2612
  2994 2 2       1      1   300  2611  2612
  2995 2 2       1      1   300   320  2611
  2996 2 2       1      1  2612  2611   957
  2997 2 2       1      1   320  2613  2611
  2998 2 2       1      1  2613  2614  2611
  2999 2 2       1      1  2613   956  2614
  3000 2 2       1      1  2611  2614   957
  3001 2 2       1      1   320   301  2613
  3002 2 2       1      1   301  2615  2613
  3003 2 2       1      1   301   364  2615
  3004 2 2       1      1  2613  2615   956
  3005 2 2       1      1   957  2614  2617
  3006 2 2       1      1  2614  2616  2617
  3007 2 2       1      1  2614   956  2616
  3008 2 2       1      1  2617  2616   547
  3009 2 2       1      1   485  2576  2619
  3010 2 2       1      1  2576  2618  2619
  3011 2 2       1      1  2576   945  2618
  3012 2 2       1      1  2619  2618   958
  3013 2 2       1      1   945  2620  2618
  3014 2 2       1      1  2620  2621  2618
  3015 2 2       1      1  2620   837  2621
  3016 2 2       1      1  2618  2621   958
  3017 2 2       1      1   945  2575  2620
  3018 2 2       1      1  2575  2154  2620
  3019 2 2       1      1  2575   484  2154
  3020 2 2       1      1  2620  2154   837
  3021 2 2       1      1   958  2621  2622
  3022 2 2       1      1  2621  2158  2622
  3023 2 2       1      1  2621   837  2158
  3024 2 2       1      1  2622  2158   486
  3025 2 2       1      1   363   304  2624
  3026 2 2       1      1   304  2623  2624
  3027 2 2       1      1   304   318  2623
  3028 2 2       1      1  2624  2623   960
  3029 2 2       1      1   318  2625  2623
  3030 2 2       1      1  2625  2626  2623
  3031 2 2       1      1  2625   959  2626
  3032 2 2       1      1  2623  2626   960
  3033 2 2       1      1   318   305  2625
  3034 2 2       1      1   305  2627  2625
  3035 2 2       1      1   305   351  2627
  3036 2 2       1      1  2625  2627   959
  3037 2 2       1      1   960  2626  2629
  3038 2 2       1      1  2626  2628  2629
  3039 2 2       1      1  2626   959  2628
  3040 2 2       1      1  2629  2628   549
  3041 2 2       1      1   505  2595  2052
  3042 2 2       1      1  2595  2630  2052
  3043 2 2       1      1  2595   953  2630
  3044 2 2       1      1  2052  2630   807
  3045 2 2       1      1   953  2631  2630
  3046 2 2       1      1  2631  2632  2630
  3047 2 2       1      1  2631   961  2632
  3048 2 2       1      1  2630  2632   807
  3049 2 2       1      1   953  2600  2631
  3050 2 2       1      1  2600  2633  2631
  3051 2 2       1      1  2600   506  2633
  3052 2 2       1      1  2631  2633   961
  3053 2 2       1      1   807  2632  2057
  3054 2 2       1      1  2632  2634  2057
  3055 2 2       1      1  2632   961  2634
  3056 2 2       1      1  2057  2634   507
  3057 2 2       1      1   401  2635  2150
  3058 2 2       1      1  2635  2636  2150
  3059 2 2       1      1  2635   962  2636
  3060 2 2       1      1  2150  2636   835
  3061 2 2       1      1   962  2637  2636
  3062 2 2       1      1  2637  2638  2636
  3063 2 2       1      1  2637   957  2638
  3064 2 2       1      1  2636  2638   835
  3065 2 2       1      1   962  2639  2637
  3066 2 2       1      1  2639  2612  2637
  3067 2 2       1      1  2639   365  2612
  3068 2 2       1      1  2637  2612   957
  3069 2 2       1      1   835  2638  2151
  3070 2 2       1      1  2638  2617  2151
  3071 2 2       1      1  2638   957  2617
  3072 2 2       1      1  2151  2617   547
  3073 2 2       1      1   166  2640  2642
  3074 2 2       1      1  2640  2641  2642
  3075 2 2       1      1  2640   963  2641
  3076 2 2       1      1  2642  2641   965
  3077 2 2       1      1   963  2643  2641
  3078 2 2       1      1  2643  2644  2641
  3079 2 2       1      1  2643   964  2644
  3080 2 2       1      1  2641  2644   965
  3081 2 2       1      1   963  2645  2643
  3082 2 2       1      1  2645  2646  2643
  3083 2 2       1      1  2645   423  2646
  3084 2 2       1      1  2643  2646   964
  3085 2 2       1      1   965  2644  2648
  3086 2 2       1      1  2644  2647  2648
  3087 2 2       1      1  2644   964  2647
  3088 2 2       1      1  2648  2647   530
  3089 2 2       1      1   167   106  2650
  3090 2 2       1      1   106  2649  2650
  3091 2 2       1      1   106   123  2649
  3092 2 2       1      1  2650  2649   966
  3093 2 2       1      1   123  2651  2649
  3094 2 2       1      1  2651  2652  2649
  3095 2 2       1      1  2651   965  2652
  3096 2 2       1      1  2649  2652   966
  3097 2 2       1      1   123   107  2651
  3098 2 2       1      1   107  2642  2651
  3099 2 2       1      1   107   166  2642
  3100 2 2       1      1  2651  2642   965
  3101 2 2       1      1   966  2652  2653
  3102 2 2       1      1  2652  2648  2653
  3103 2 2       1      1  2652   965  2648
  3104 2 2       1      1  2653  2648   530
  3105 2 2       1      1   495  2529  2468
  3106 2 2       1      1  2529  2654  2468
  3107 2 2       1      1  2529   934  2654
  3108 2 2       1      1  2468  2654   919
  3109 2 2       1      1   934  2655  2654
  3110 2 2       1      1  2655  2656  2654
  3111 2 2       1      1  2655   967  2656
  3112 2 2       1      1  2654  2656   919
  3113 2 2       1      1   934  2528  2655
  3114 2 2       1      1  2528  2657  2655
  3115 2 2       1      1  2528   471  2657
  3116 2 2       1      1  2655  2657   967
  3117 2 2       1      1   919  2656  2472
  3118 2 2       1      1  2656  2658  2472
  3119 2 2       1      1  2656   967  2658
  3120 2 2       1      1  2472  2658   496
  3121 2 2       1      1   192  2659  2661
  3122 2 2       1      1  2659  2660  2661
  3123 2 2       1      1  2659   968  2660
  3124 2 2       1      1  2661  2660   970
  3125 2 2       1      1   968  2662  2660
  3126 2 2       1      1  2662  2663  2660
  3127 2 2       1      1  2662   969  2663
  3128 2 2       1      1  2660  2663   970
  3129 2 2       1      1   968  2664  2662
  3130 2 2       1      1  2664  2665  2662
  3131 2 2       1      1  2664   413  2665
  3132 2 2       1      1  2662  2665   969
  3133 2 2       1      1   970  2663  2667
  3134 2 2       1      1  2663  2666  2667
  3135 2 2       1      1  2663   969  2666
  3136 2 2       1      1  2667  2666   525
  3137 2 2       1      1   399  2668  2094
  3138 2 2       1      1  2668  2669  2094
  3139 2 2       1      1  2668   971  2669
  3140 2 2       1      1  2094  2669   819
  3141 2 2       1      1   971  2670  2669
  3142 2 2       1      1  2670  2671  2669
  3143 2 2       1      1  2670   960  2671
  3144 2 2       1      1  2669  2671   819
  3145 2 2       1      1   971  2672  2670
  3146 2 2       1      1  2672  2624  2670
  3147 2 2       1      1  2672   363  2624
  3148 2 2       1      1  2670  2624   960
  3149 2 2       1      1   819  2671  2095
  3150 2 2       1      1  2671  2629  2095
  3151 2 2       1      1  2671   960  2629
  3152 2 2       1      1  2095  2629   549
  3153 2 2       1      1   487  2673  2675
  3154 2 2       1      1  2673  2674  2675
  3155 2 2       1      1  2673   972  2674
  3156 2 2       1      1  2675  2674   973
  3157 2 2       1      1   972  2676  2674
  3158 2 2       1      1  2676  2677  2674
  3159 2 2       1      1  2676   832  2677
  3160 2 2       1      1  2674  2677   973
  3161 2 2       1      1   972  2678  2676
  3162 2 2       1      1  2678  2142  2676
  3163 2 2       1      1  2678   486  2142
  3164 2 2       1      1  2676  2142   832
  3165 2 2       1      1   973  2677  2679
  3166 2 2       1      1  2677  2138  2679
  3167 2 2       1      1  2677   832  2138
  3168 2 2       1      1  2679  2138   488
  3169 2 2       1      1   507  2634  2681
  3170 2 2       1      1  2634  2680  2681
  3171 2 2       1      1  2634   961  2680
  3172 2 2       1      1  2681  2680   975
  3173 2 2       1      1   961  2682  2680
  3174 2 2       1      1  2682  2683  2680
  3175 2 2       1      1  2682   974  2683
  3176 2 2       1      1  2680  2683   975
  3177 2 2       1      1   961  2633  2682
  3178 2 2       1      1  2633  2684  2682
  3179 2 2       1      1  2633   506  2684
  3180 2 2       1      1  2682  2684   974
  3181 2 2       1      1   975  2683  2686
  3182 2 2       1      1  2683  2685  2686
  3183 2 2       1      1  2683   974  2685
  3184 2 2       1      1  2686  2685   508
  3185 2 2       1      1   417  2687  2689
  3186 2 2       1      1  2687  2688  2689
  3187 2 2       1      1  2687   976  2688
  3188 2 2       1      1  2689  2688   978
  3189 2 2       1      1   976  2690  2688
  3190 2 2       1      1  2690  2691  2688
  3191 2 2       1      1  2690   977  2691
  3192 2 2       1      1  2688  2691   978
  3193 2 2       1      1   976  2692  2690
  3194 2 2       1      1  2692  2693  2690
  3195 2 2       1      1  2692   186  2693
  3196 2 2       1      1  2690  2693   977
  3197 2 2       1      1   978  2691  2695
  3198 2 2       1      1  2691  2694  2695
  3199 2 2       1      1  2691   977  2694
  3200 2 2       1      1  2695  2694   537
  3201 2 2       1      1   422  2696  2698
  3202 2 2       1      1  2696  2697  2698
  3203 2 2       1      1  2696   979  2697
  3204 2 2       1      1  2698  2697   980
  3205 2 2       1      1   979  2699  2697
  3206 2 2       1      1  2699  2700  2697
  3207 2 2       1      1  2699   966  2700
  3208 2 2       1      1  2697  2700   980
  3209 2 2       1      1   979  2701  2699
  3210 2 2       1      1  2701  2650  2699
  3211 2 2       1      1  2701   167  2650
  3212 2 2       1      1  2699  2650   966
  3213 2 2       1      1   980  2700  2702
  3214 2 2       1      1  2700  2653  2702
  3215 2 2       1      1  2700   966  2653
  3216 2 2       1      1  2702  2653   530
  3217 2 2       1      1   485  2619  2704
  3218 2 2       1      1  2619  2703  2704
  3219 2 2       1      1  2619   958  2703
  3220 2 2       1      1  2704  2703   981
  3221 2 2       1      1   958  2705  2703
  3222 2 2       1      1  2705  2706  2703
  3223 2 2       1      1  2705   972  2706
  3224 2 2       1      1  2703  2706   981
  3225 2 2       1      1   958  2622  2705
  3226 2 2       1      1  2622  2678  2705
  3227 2 2       1      1  2622   486  2678
  3228 2 2       1      1  2705  2678   972
  3229 2 2       1      1   981  2706  2707
  3230 2 2       1      1  2706  2673  2707
  3231 2 2       1      1  2706   972  2673
  3232 2 2       1      1  2707  2673   487
  3233 2 2       1      1   160    76  2709
  3234 2 2       1      1    76  2708  2709
  3235 2 2       1      1    76   116  2708
  3236 2 2       1      1  2709  2708   983
  3237 2 2       1      1   116  2710  2708
  3238 2 2       1      1  2710  2711  2708
  3239 2 2       1      1  2710   982  2711
  3240 2 2       1      1  2708  2711   983
  3241 2 2       1      1   116    66  2710
  3242 2 2       1      1    66  2712  2710
  3243 2 2       1      1    66   159  2712
  3244 2 2       1      1  2710  2712   982
  3245 2 2       1      1   983  2711  2714
  3246 2 2       1      1  2711  2713  2714
  3247 2 2       1      1  2711   982  2713
  3248 2 2       1      1  2714  2713   426
  3249 2 2       1      1   378   230  2716
  3250 2 2       1      1   230  2715  2716
  3251 2 2       1      1   230   333  2715
  3252 2 2       1      1  2716  2715   985
  3253 2 2       1      1   333  2717  2715
  3254 2 2       1      1  2717  2718  2715
  3255 2 2       1      1  2717   984  2718
  3256 2 2       1      1  2715  2718   985
  3257 2 2       1      1   333   231  2717
  3258 2 2       1      1   231  2719  2717
  3259 2 2       1      1   231   377  2719
  3260 2 2       1      1  2717  2719   984
  3261 2 2       1      1   985  2718  2721
  3262 2 2       1      1  2718  2720  2721
  3263 2 2       1      1  2718   984  2720
  3264 2 2       1      1  2721  2720   543
  3265 2 2       1      1   183  2722  2724
  3266 2 2       1      1  2722  2723  2724
  3267 2 2       1      1  2722   986  2723
  3268 2 2       1      1  2724  2723   988
  3269 2 2       1      1   986  2725  2723
  3270 2 2       1      1  2725  2726  2723
  3271 2 2       1      1  2725   987  2726
  3272 2 2       1      1  2723  2726   988
  3273 2 2       1      1   986  2727  2725
  3274 2 2       1      1  2727  2728  2725
  3275 2 2       1      1  2727   418  2728
  3276 2 2       1      1  2725  2728   987
  3277 2 2       1      1   988  2726  2730
  3278 2 2       1      1  2726  2729  2730
  3279 2 2       1      1  2726   987  2729
  3280 2 2       1      1  2730  2729   527
  3281 2 2       1      1   170  2731  2733
  3282 2 2       1      1  2731  2732  2733
  3283 2 2       1      1  2731   989  2732
  3284 2 2       1      1  2733  2732   991
  3285 2 2       1      1   989  2734  2732
  3286 2 2       1      1  2734  2735  2732
  3287 2 2       1      1  2734   990  2735
  3288 2 2       1      1  2732  2735   991
  3289 2 2       1      1   989  2736  2734
  3290 2 2       1      1  2736  2737  2734
  3291 2 2       1      1  2736   421  2737
  3292 2 2       1      1  2734  2737   990
  3293 2 2       1      1   991  2735  2739
  3294 2 2       1      1  2735  2738  2739
  3295 2 2       1      1  2735   990  2738
  3296 2 2       1      1  2739  2738   534
  3297 2 2       1      1   489  2740  2742
  3298 2 2       1      1  2740  2741  2742
  3299 2 2       1      1  2740   992  2741
  3300 2 2       1      1  2742  2741   993
  3301 2 2       1      1   992  2743  2741
  3302 2 2       1      1  2743  2744  2741
  3303 2 2       1      1  2743   825  2744
  3304 2 2       1      1  2741  2744   993
  3305 2 2       1      1   992  2745  2743
  3306 2 2       1      1  2745  2112  2743
  3307 2 2       1      1  2745   488  2112
  3308 2 2       1      1  2743  2112   825
  3309 2 2       1      1   993  2744  2746
  3310 2 2       1      1  2744  2116  2746
  3311 2 2       1      1  2744   825  2116
  3312 2 2       1      1  2746  2116   490
  3313 2 2       1      1   162  2747  2749
  3314 2 2       1      1  2747  2748  2749
  3315 2 2       1      1  2747   994  2748
  3316 2 2       1      1  2749  2748   996
  3317 2 2       1      1   994  2750  2748
  3318 2 2       1      1  2750  2751  2748
  3319 2 2       1      1  2750   995  2751
  3320 2 2       1      1  2748  2751   996
  3321 2 2       1      1   994  2752  2750
  3322 2 2       1      1  2752  2753  2750
  3323 2 2       1      1  2752   425  2753
  3324 2 2       1      1  2750  2753   995
  3325 2 2       1      1   996  2751  2755
  3326 2 2       1      1  2751  2754  2755
  3327 2 2       1      1  2751   995  2754
  3328 2 2       1      1  2755  2754   531
  3329 2 2       1      1   158    80  2757
  3330 2 2       1      1    80  2756  2757
  3331 2 2       1      1    80   114  2756
  3332 2 2       1      1  2757  2756   998
  3333 2 2       1      1   114  2758  2756
  3334 2 2       1      1  2758  2759  2756
  3335 2 2       1      1  2758   997  2759
  3336 2 2       1      1  2756  2759   998
  3337 2 2       1      1   114    81  2758
  3338 2 2       1      1    81  2760  2758
  3339 2 2       1      1    81   157  2760
  3340 2 2       1      1  2758  2760   997
  3341 2 2       1      1   998  2759  2762
  3342 2 2       1      1  2759  2761  2762
  3343 2 2       1      1  2759   997  2761
  3344 2 2       1      1  2762  2761   412
  3345 2 2       1      1   377  2763  2719
  3346 2 2       1      1  2763  2764  2719
  3347 2 2       1      1  2763   999  2764
  3348 2 2       1      1  2719  2764   984
  3349 2 2       1      1   999  2765  2764
  3350 2 2       1      1  2765  2766  2764
  3351 2 2       1      1  2765   829  2766
  3352 2 2       1      1  2764  2766   984
  3353 2 2       1      1   999  2767  2765
  3354 2 2       1      1  2767  2126  2765
  3355 2 2       1      1  2767   393  2126
  3356 2 2       1      1  2765  2126   829
  3357 2 2       1      1   984  2766  2720
  3358 2 2       1      1  2766  2130  2720
  3359 2 2       1      1  2766   829  2130
  3360 2 2       1      1  2720  2130   543
  3361 2 2       1      1   419  2768  2770
  3362 2 2       1      1  2768  2769  2770
  3363 2 2       1      1  2768  1000  2769
  3364 2 2       1      1  2770  2769  1002
  3365 2 2       1      1  1000  2771  2769
  3366 2 2       1      1  2771  2772  2769
  3367 2 2       1      1  2771  1001  2772
  3368 2 2       1      1  2769  2772  1002
  3369 2 2       1      1  1000  2773  2771
  3370 2 2       1      1  2773  2774  2771
  3371 2 2       1      1  2773   184  2774
  3372 2 2       1      1  2771  2774  1001
  3373 2 2       1      1  1002  2772  2776
  3374 2 2       1      1  2772  2775  2776
  3375 2 2       1      1  2772  1001  2775
  3376 2 2       1      1  2776  2775   527
  3377 2 2       1      1   171    98  2778
  3378 2 2       1      1    98  2777  2778
  3379 2 2       1      1    98   127  2777
  3380 2 2       1      1  2778  2777  1003
  3381 2 2       1      1   127  2779  2777
  3382 2 2       1      1  2779  2780  2777
  3383 2 2       1      1  2779   991  2780
  3384 2 2       1      1  2777  2780  1003
  3385 2 2       1      1   127    88  2779
  3386 2 2       1      1    88  2733  2779
  3387 2 2       1      1    88   170  2733
  3388 2 2       1      1  2779  2733   991
  3389 2 2       1      1  1003  2780  2781
  3390 2 2       1      1  2780  2739  2781
  3391 2 2       1      1  2780   991  2739
  3392 2 2       1      1  2781  2739   534
  3393 2 2       1      1   366  2782  2604
  3394 2 2       1      1  2782  2783  2604
  3395 2 2       1      1  2782  1004  2783
  3396 2 2       1      1  2604  2783   954
  3397 2 2       1      1  1004  2784  2783
  3398 2 2       1      1  2784  2785  2783
  3399 2 2       1      1  2784   841  2785
  3400 2 2       1      1  2783  2785   954
  3401 2 2       1      1  1004  2786  2784
  3402 2 2       1      1  2786  2167  2784
  3403 2 2       1      1  2786   401  2167
  3404 2 2       1      1  2784  2167   841
  3405 2 2       1      1   954  2785  2605
  3406 2 2       1      1  2785  2172  2605
  3407 2 2       1      1  2785   841  2172
  3408 2 2       1      1  2605  2172   528
  3409 2 2       1      1   381  2787  2789
  3410 2 2       1      1  2787  2788  2789
  3411 2 2       1      1  2787  1005  2788
  3412 2 2       1      1  2789  2788  1006
  3413 2 2       1      1  1005  2790  2788
  3414 2 2       1      1  2790  2791  2788
  3415 2 2       1      1  2790   799  2791
  3416 2 2       1      1  2788  2791  1006
  3417 2 2       1      1  1005  2792  2790
  3418 2 2       1      1  2792  2024  2790
  3419 2 2       1      1  2792   403  2024
  3420 2 2       1      1  2790  2024   799
  3421 2 2       1      1  1006  2791  2793
  3422 2 2       1      1  2791  2028  2793
  3423 2 2       1      1  2791   799  2028
  3424 2 2       1      1  2793  2028   538
  3425 2 2       1      1   164    68  2795
  3426 2 2       1      1    68  2794  2795
  3427 2 2       1      1    68   120  2794
  3428 2 2       1      1  2795  2794  1008
  3429 2 2       1      1   120  2796  2794
  3430 2 2       1      1  2796  2797  2794
  3431 2 2       1      1  2796  1007  2797
  3432 2 2       1      1  2794  2797  1008
  3433 2 2       1      1   120    69  2796
  3434 2 2       1      1    69  2798  2796
  3435 2 2       1      1    69   163  2798
  3436 2 2       1      1  2796  2798  1007
  3437 2 2       1      1  1008  2797  2800
  3438 2 2       1      1  2797  2799  2800
  3439 2 2       1      1  2797  1007  2799
  3440 2 2       1      1  2800  2799   424
  3441 2 2       1      1   162    72  2747
  3442 2 2       1      1    72  2801  2747
  3443 2 2       1      1    72   118  2801
  3444 2 2       1      1  2747  2801   994
  3445 2 2       1      1   118  2802  2801
  3446 2 2       1      1  2802  2803  2801
  3447 2 2       1      1  2802  1009  2803
  3448 2 2       1      1  2801  2803   994
  3449 2 2       1      1   118    73  2802
  3450 2 2       1      1    73  2804  2802
  3451 2 2       1      1    73   161  2804
  3452 2 2       1      1  2802  2804  1009
  3453 2 2       1      1   994  2803  2752
  3454 2 2       1      1  2803  2805  2752
  3455 2 2       1      1  2803  1009  2805
  3456 2 2       1      1  2752  2805   425
  3457 2 2       1      1   507  2681  2034
  3458 2 2       1      1  2681  2806  2034
  3459 2 2       1      1  2681   975  2806
  3460 2 2       1      1  2034  2806   801
  3461 2 2       1      1   975  2807  2806
  3462 2 2       1      1  2807  2808  2806
  3463 2 2       1      1  2807  1010  2808
  3464 2 2       1      1  2806  2808   801
  3465 2 2       1      1   975  2686  2807
  3466 2 2       1      1  2686  2809  2807
  3467 2 2       1      1  2686   508  2809
  3468 2 2       1      1  2807  2809  1010
  3469 2 2       1      1   801  2808  2035
  3470 2 2       1      1  2808  2810  2035
  3471 2 2       1      1  2808  1010  2810
  3472 2 2       1      1  2035  2810   509
  3473 2 2       1      1   423  2811  2813
  3474 2 2       1      1  2811  2812  2813
  3475 2 2       1      1  2811  1011  2812
  3476 2 2       1      1  2813  2812  1013
  3477 2 2       1      1  1011  2814  2812
  3478 2 2       1      1  2814  2815  2812
  3479 2 2       1      1  2814  1012  2815
  3480 2 2       1      1  2812  2815  1013
  3481 2 2       1      1  1011  2816  2814
  3482 2 2       1      1  2816  2817  2814
  3483 2 2       1      1  2816   165  2817
  3484 2 2       1      1  2814  2817  1012
  3485 2 2       1      1  1013  2815  2819
  3486 2 2       1      1  2815  2818  2819
  3487 2 2       1      1  2815  1012  2818
  3488 2 2       1      1  2819  2818   535
  3489 2 2       1      1   382   222  2821
  3490 2 2       1      1   222  2820  2821
  3491 2 2       1      1   222   337  2820
  3492 2 2       1      1  2821  2820  1014
  3493 2 2       1      1   337  2822  2820
  3494 2 2       1      1  2822  2823  2820
  3495 2 2       1      1  2822  1006  2823
  3496 2 2       1      1  2820  2823  1014
  3497 2 2       1      1   337   223  2822
  3498 2 2       1      1   223  2789  2822
  3499 2 2       1      1   223   381  2789
  3500 2 2       1      1  2822  2789  1006
  3501 2 2       1      1  1014  2823  2824
  3502 2 2       1      1  2823  2793  2824
  3503 2 2       1      1  2823  1006  2793
  3504 2 2       1      1  2824  2793   538
  3505 2 2       1      1   143  2825  2827
  3506 2 2       1      1  2825  2826  2827
  3507 2 2       1      1  2825  1015  2826
  3508 2 2       1      1  2827  2826  1017
  3509 2 2       1      1  1015  2828  2826
  3510 2 2       1      1  2828  2829  2826
  3511 2 2       1      1  2828  1016  2829
  3512 2 2       1      1  2826  2829  1017
  3513 2 2       1      1  1015  2830  2828
  3514 2 2       1      1  2830  2831  2828
  3515 2 2       1      1  2830   417  2831
  3516 2 2       1      1  2828  2831  1016
  3517 2 2       1      1  1017  2829  2833
  3518 2 2       1      1  2829  2832  2833
  3519 2 2       1      1  2829  1016  2832
  3520 2 2       1      1  2833  2832   529
  3521 2 2       1      1   172    96  2283
  3522 2 2       1      1    96  2834  2283
  3523 2 2       1      1    96   128  2834
  3524 2 2       1      1  2283  2834   873
  3525 2 2       1      1   128  2835  2834
  3526 2 2       1      1  2835  2836  2834
  3527 2 2       1      1  2835  1018  2836
  3528 2 2       1      1  2834  2836   873
  3529 2 2       1      1   128    97  2835
  3530 2 2       1      1    97  2837  2835
  3531 2 2       1      1    97   171  2837
  3532 2 2       1      1  2835  2837  1018
  3533 2 2       1      1   873  2836  2287
  3534 2 2       1      1  2836  2838  2287
  3535 2 2       1      1  2836  1018  2838
  3536 2 2       1      1  2287  2838   420
  3537 2 2       1      1   398  2839  2841
  3538 2 2       1      1  2839  2840  2841
  3539 2 2       1      1  2839  1019  2840
  3540 2 2       1      1  2841  2840  1020
  3541 2 2       1      1  1019  2842  2840
  3542 2 2       1      1  2842  2843  2840
  3543 2 2       1      1  2842   955  2843
  3544 2 2       1      1  2840  2843  1020
  3545 2 2       1      1  1019  2844  2842
  3546 2 2       1      1  2844  2607  2842
  3547 2 2       1      1  2844   350  2607
  3548 2 2       1      1  2842  2607   955
  3549 2 2       1      1  1020  2843  2845
  3550 2 2       1      1  2843  2610  2845
  3551 2 2       1      1  2843   955  2610
  3552 2 2       1      1  2845  2610   536
  3553 2 2       1      1   420  2838  2847
  3554 2 2       1      1  2838  2846  2847
  3555 2 2       1      1  2838  1018  2846
  3556 2 2       1      1  2847  2846  1021
  3557 2 2       1      1  1018  2848  2846
  3558 2 2       1      1  2848  2849  2846
  3559 2 2       1      1  2848  1003  2849
  3560 2 2       1      1  2846  2849  1021
  3561 2 2       1      1  1018  2837  2848
  3562 2 2       1      1  2837  2778  2848
  3563 2 2       1      1  2837   171  2778
  3564 2 2       1      1  2848  2778  1003
  3565 2 2       1      1  1021  2849  2850
  3566 2 2       1      1  2849  2781  2850
  3567 2 2       1      1  2849  1003  2781
  3568 2 2       1      1  2850  2781   534
  3569 2 2       1      1   511  2851  2853
  3570 2 2       1      1  2851  2852  2853
  3571 2 2       1      1  2851  1022  2852
  3572 2 2       1      1  2853  2852  1024
  3573 2 2       1      1  1022  2854  2852
  3574 2 2       1      1  2854  2855  2852
  3575 2 2       1      1  2854  1023  2855
  3576 2 2       1      1  2852  2855  1024
  3577 2 2       1      1  1022  2856  2854
  3578 2 2       1      1  2856  2857  2854
  3579 2 2       1      1  2856   510  2857
  3580 2 2       1      1  2854  2857  1023
  3581 2 2       1      1  1024  2855  2859
  3582 2 2       1      1  2855  2858  2859
  3583 2 2       1      1  2855  1023  2858
  3584 2 2       1      1  2859  2858   512
  3585 2 2       1      1   164  2795  2861
  3586 2 2       1      1  2795  2860  2861
  3587 2 2       1      1  2795  1008  2860
  3588 2 2       1      1  2861  2860  1026
  3589 2 2       1      1  1008  2862  2860
  3590 2 2       1      1  2862  2863  2860
  3591 2 2       1      1  2862  1025  2863
  3592 2 2       1      1  2860  2863  1026
  3593 2 2       1      1  1008  2800  2862
  3594 2 2       1      1  2800  2864  2862
  3595 2 2       1      1  2800   424  2864
  3596 2 2       1      1  2862  2864  1025
  3597 2 2       1      1  1026  2863  2866
  3598 2 2       1      1  2863  2865  2866
  3599 2 2       1      1  2863  1025  2865
  3600 2 2       1      1  2866  2865   535
  3601 2 2       1      1   351   273  2868
  3602 2 2       1      1   273  2867  2868
  3603 2 2       1      1   273   317  2867
  3604 2 2       1      1  2868  2867  1027
  3605 2 2       1      1   317  2869  2867
  3606 2 2       1      1  2869  2870  2867
  3607 2 2       1      1  2869  1019  2870
  3608 2 2       1      1  2867  2870  1027
  3609 2 2       1      1   317   263  2869
  3610 2 2       1      1   263  2844  2869
  3611 2 2       1      1   263   350  2844
  3612 2 2       1      1  2869  2844  1019
  3613 2 2       1      1  1027  2870  2871
  3614 2 2       1      1  2870  2839  2871
  3615 2 2       1      1  2870  1019  2839
  3616 2 2       1      1  2871  2839   398
  3617 2 2       1      1   360   266  2585
  3618 2 2       1      1   266  2872  2585
  3619 2 2       1      1   266   315  2872
  3620 2 2       1      1  2585  2872   949
  3621 2 2       1      1   315  2873  2872
  3622 2 2       1      1  2873  2874  2872
  3623 2 2       1      1  2873  1028  2874
  3624 2 2       1      1  2872  2874   949
  3625 2 2       1      1   315   267  2873
  3626 2 2       1      1   267  2875  2873
  3627 2 2       1      1   267   359  2875
  3628 2 2       1      1  2873  2875  1028
  3629 2 2       1      1   949  2874  2590
  3630 2 2       1      1  2874  2876  2590
  3631 2 2       1      1  2874  1028  2876
  3632 2 2       1      1  2590  2876   397
  3633 2 2       1      1   163    70  2878
  3634 2 2       1      1    70  2877  2878
  3635 2 2       1      1    70   119  2877
  3636 2 2       1      1  2878  2877  1029
  3637 2 2       1      1   119  2879  2877
  3638 2 2       1      1  2879  2880  2877
  3639 2 2       1      1  2879   996  2880
  3640 2 2       1      1  2877  2880  1029
  3641 2 2       1      1   119    71  2879
  3642 2 2       1      1    71  2749  2879
  3643 2 2       1      1    71   162  2749
  3644 2 2       1      1  2879  2749   996
  3645 2 2       1      1  1029  2880  2881
  3646 2 2       1      1  2880  2755  2881
  3647 2 2       1      1  2880   996  2755
  3648 2 2       1      1  2881  2755   531
  3649 2 2       1      1   424  2799  2883
  3650 2 2       1      1  2799  2882  2883
  3651 2 2       1      1  2799  1007  2882
  3652 2 2       1      1  2883  2882  1030
  3653 2 2       1      1  1007  2884  2882
  3654 2 2       1      1  2884  2885  2882
  3655 2 2       1      1  2884  1029  2885
  3656 2 2       1      1  2882  2885  1030
  3657 2 2       1      1  1007  2798  2884
  3658 2 2       1      1  2798  2878  2884
  3659 2 2       1      1  2798   163  2878
  3660 2 2       1      1  2884  2878  1029
  3661 2 2       1      1  1030  2885  2886
  3662 2 2       1      1  2885  2881  2886
  3663 2 2       1      1  2885  1029  2881
  3664 2 2       1      1  2886  2881   531
  3665 2 2       1      1   511  2853  2006
  3666 2 2       1      1  2853  2887  2006
  3667 2 2       1      1  2853  1024  2887
  3668 2 2       1      1  2006  2887   793
  3669 2 2       1      1  1024  2888  2887
  3670 2 2       1      1  2888  2889  2887
  3671 2 2       1      1  2888  1031  2889
  3672 2 2       1      1  2887  2889   793
  3673 2 2       1      1  1024  2859  2888
  3674 2 2       1      1  2859  2890  2888
  3675 2 2       1      1  2859   512  2890
  3676 2 2       1      1  2888  2890  1031
  3677 2 2       1      1   793  2889  2007
  3678 2 2       1      1  2889  2891  2007
  3679 2 2       1      1  2889  1031  2891
  3680 2 2       1      1  2007  2891   513
  3681 2 2       1      1   515  2892  2894
  3682 2 2       1      1  2892  2893  2894
  3683 2 2       1      1  2892  1032  2893
  3684 2 2       1      1  2894  2893  1034
  3685 2 2       1      1  1032  2895  2893
  3686 2 2       1      1  2895  2896  2893
  3687 2 2       1      1  2895  1033  2896
  3688 2 2       1      1  2893  2896  1034
  3689 2 2       1      1  1032  2897  2895
  3690 2 2       1      1  2897  2898  2895
  3691 2 2       1      1  2897   514  2898
  3692 2 2       1      1  2895  2898  1033
  3693 2 2       1      1  1034  2896  2900
  3694 2 2       1      1  2896  2899  2900
  3695 2 2       1      1  2896  1033  2899
  3696 2 2       1      1  2900  2899   516
  3697 2 2       1      1   168   104  2902
  3698 2 2       1      1   104  2901  2902
  3699 2 2       1      1   104   124  2901
  3700 2 2       1      1  2902  2901  1035
  3701 2 2       1      1   124  2903  2901
  3702 2 2       1      1  2903  2904  2901
  3703 2 2       1      1  2903   979  2904
  3704 2 2       1      1  2901  2904  1035
  3705 2 2       1      1   124   105  2903
  3706 2 2       1      1   105  2701  2903
  3707 2 2       1      1   105   167  2701
  3708 2 2       1      1  2903  2701   979
  3709 2 2       1      1  1035  2904  2905
  3710 2 2       1      1  2904  2696  2905
  3711 2 2       1      1  2904   979  2696
  3712 2 2       1      1  2905  2696   422
  3713 2 2       1      1   402  2906  2100
  3714 2 2       1      1  2906  2907  2100
  3715 2 2       1      1  2906  1036  2907
  3716 2 2       1      1  2100  2907   820
  3717 2 2       1      1  1036  2908  2907
  3718 2 2       1      1  2908  2909  2907
  3719 2 2       1      1  2908   985  2909
  3720 2 2       1      1  2907  2909   820
  3721 2 2       1      1  1036  2910  2908
  3722 2 2       1      1  2910  2716  2908
  3723 2 2       1      1  2910   378  2716
  3724 2 2       1      1  2908  2716   985
  3725 2 2       1      1   820  2909  2101
  3726 2 2       1      1  2909  2721  2101
  3727 2 2       1      1  2909   985  2721
  3728 2 2       1      1  2101  2721   543
  3729 2 2       1      1   196    48  2912
  3730 2 2       1      1    48  2911  2912
  3731 2 2       1      1    48   152  2911
  3732 2 2       1      1  2912  2911  1038
  3733 2 2       1      1   152  2913  2911
  3734 2 2       1      1  2913  2914  2911
  3735 2 2       1      1  2913  1037  2914
  3736 2 2       1      1  2911  2914  1038
  3737 2 2       1      1   152    49  2913
  3738 2 2       1      1    49  2915  2913
  3739 2 2       1      1    49   195  2915
  3740 2 2       1      1  2913  2915  1037
  3741 2 2       1      1  1038  2914  2917
  3742 2 2       1      1  2914  2916  2917
  3743 2 2       1      1  2914  1037  2916
  3744 2 2       1      1  2917  2916   414
  3745 2 2       1      1   183    30  2722
  3746 2 2       1      1    30  2918  2722
  3747 2 2       1      1    30   139  2918
  3748 2 2       1      1  2722  2918   986
  3749 2 2       1      1   139  2919  2918
  3750 2 2       1      1  2919  2920  2918
  3751 2 2       1      1  2919  1039  2920
  3752 2 2       1      1  2918  2920   986
  3753 2 2       1      1   139    31  2919
  3754 2 2       1      1    31  2921  2919
  3755 2 2       1      1    31   182  2921
  3756 2 2       1      1  2919  2921  1039
  3757 2 2       1      1   986  2920  2727
  3758 2 2       1      1  2920  2922  2727
  3759 2 2       1      1  2920  1039  2922
  3760 2 2       1      1  2727  2922   418
  3761 2 2       1      1   180    36  2924
  3762 2 2       1      1    36  2923  2924
  3763 2 2       1      1    36   136  2923
  3764 2 2       1      1  2924  2923  1041
  3765 2 2       1      1   136  2925  2923
  3766 2 2       1      1  2925  2926  2923
  3767 2 2       1      1  2925  1040  2926
  3768 2 2       1      1  2923  2926  1041
  3769 2 2       1      1   136    37  2925
  3770 2 2       1      1    37  2927  2925
  3771 2 2       1      1    37   179  2927
  3772 2 2       1      1  2925  2927  1040
  3773 2 2       1      1  1041  2926  2929
  3774 2 2       1      1  2926  2928  2929
  3775 2 2       1      1  2926  1040  2928
  3776 2 2       1      1  2929  2928   394
  3777 2 2       1      1   421  2930  2932
  3778 2 2       1      1  2930  2931  2932
  3779 2 2       1      1  2930  1042  2931
  3780 2 2       1      1  2932  2931  1044
  3781 2 2       1      1  1042  2933  2931
  3782 2 2       1      1  2933  2934  2931
  3783 2 2       1      1  2933  1043  2934
  3784 2 2       1      1  2931  2934  1044
  3785 2 2       1      1  1042  2935  2933
  3786 2 2       1      1  2935  2936  2933
  3787 2 2       1      1  2935   169  2936
  3788 2 2       1      1  2933  2936  1043
  3789 2 2       1      1  1044  2934  2938
  3790 2 2       1      1  2934  2937  2938
  3791 2 2       1      1  2934  1043  2937
  3792 2 2       1      1  2938  2937   539
  3793 2 2       1      1   165    77  2817
  3794 2 2       1      1    77  2939  2817
  3795 2 2       1      1    77   121  2939
  3796 2 2       1      1  2817  2939  1012
  3797 2 2       1      1   121  2940  2939
  3798 2 2       1      1  2940  2941  2939
  3799 2 2       1      1  2940  1026  2941
  3800 2 2       1      1  2939  2941  1012
  3801 2 2       1      1   121    67  2940
  3802 2 2       1      1    67  2861  2940
  3803 2 2       1      1    67   164  2861
  3804 2 2       1      1  2940  2861  1026
  3805 2 2       1      1  1012  2941  2818
  3806 2 2       1      1  2941  2866  2818
  3807 2 2       1      1  2941  1026  2866
  3808 2 2       1      1  2818  2866   535
  3809 2 2       1      1   509  2942  2015
  3810 2 2       1      1  2942  2943  2015
  3811 2 2       1      1  2942  1045  2943
  3812 2 2       1      1  2015  2943   796
  3813 2 2       1      1  1045  2944  2943
  3814 2 2       1      1  2944  2945  2943
  3815 2 2       1      1  2944  1022  2945
  3816 2 2       1      1  2943  2945   796
  3817 2 2       1      1  1045  2946  2944
  3818 2 2       1      1  2946  2856  2944
  3819 2 2       1      1  2946   510  2856
  3820 2 2       1      1  2944  2856  1022
  3821 2 2       1      1   796  2945  2020
  3822 2 2       1      1  2945  2851  2020
  3823 2 2       1      1  2945  1022  2851
  3824 2 2       1      1  2020  2851   511
  3825 2 2       1      1   189    62  2948
  3826 2 2       1      1    62  2947  2948
  3827 2 2       1      1    62   145  2947
  3828 2 2       1      1  2948  2947  1047
  3829 2 2       1      1   145  2949  2947
  3830 2 2       1      1  2949  2950  2947
  3831 2 2       1      1  2949  1046  2950
  3832 2 2       1      1  2947  2950  1047
  3833 2 2       1      1   145    63  2949
  3834 2 2       1      1    63  2951  2949
  3835 2 2       1      1    63   188  2951
  3836 2 2       1      1  2949  2951  1046
  3837 2 2       1      1  1047  2950  2953
  3838 2 2       1      1  2950  2952  2953
  3839 2 2       1      1  2950  1046  2952
  3840 2 2       1      1  2953  2952   416
  3841 2 2       1      1   143    33  2825
  3842 2 2       1      1    33  2954  2825
  3843 2 2       1      1    33   187  2954
  3844 2 2       1      1  2825  2954  1015
  3845 2 2       1      1   187  2955  2954
  3846 2 2       1      1  2955  2956  2954
  3847 2 2       1      1  2955   976  2956
  3848 2 2       1      1  2954  2956  1015
  3849 2 2       1      1   187    23  2955
  3850 2 2       1      1    23  2692  2955
  3851 2 2       1      1    23   186  2692
  3852 2 2       1      1  2955  2692   976
  3853 2 2       1      1  1015  2956  2830
  3854 2 2       1      1  2956  2687  2830
  3855 2 2       1      1  2956   976  2687
  3856 2 2       1      1  2830  2687   417
  3857 2 2       1      1   170   100  2731
  3858 2 2       1      1   100  2957  2731
  3859 2 2       1      1   100   126  2957
  3860 2 2       1      1  2731  2957   989
  3861 2 2       1      1   126  2958  2957
  3862 2 2       1      1  2958  2959  2957
  3863 2 2       1      1  2958  1042  2959
  3864 2 2       1      1  2957  2959   989
  3865 2 2       1      1   126   101  2958
  3866 2 2       1      1   101  2935  2958
  3867 2 2       1      1   101   169  2935
  3868 2 2       1      1  2958  2935  1042
  3869 2 2       1      1   989  2959  2736
  3870 2 2       1      1  2959  2930  2736
  3871 2 2       1      1  2959  1042  2930
  3872 2 2       1      1  2736  2930   421
  3873 2 2       1      1   166   108  2640
  3874 2 2       1      1   108  2960  2640
  3875 2 2       1      1   108   122  2960
  3876 2 2       1      1  2640  2960   963
  3877 2 2       1      1   122  2961  2960
  3878 2 2       1      1  2961  2962  2960
  3879 2 2       1      1  2961  1011  2962
  3880 2 2       1      1  2960  2962   963
  3881 2 2       1      1   122   109  2961
  3882 2 2       1      1   109  2816  2961
  3883 2 2       1      1   109   165  2816
  3884 2 2       1      1  2961  2816  1011
  3885 2 2       1      1   963  2962  2645
  3886 2 2       1      1  2962  2811  2645
  3887 2 2       1      1  2962  1011  2811
  3888 2 2       1      1  2645  2811   423
  3889 2 2       1      1   404  2963  2012
  3890 2 2       1      1  2963  2964  2012
  3891 2 2       1      1  2963  1048  2964
  3892 2 2       1      1  2012  2964   794
  3893 2 2       1      1  1048  2965  2964
  3894 2 2       1      1  2965  2966  2964
  3895 2 2       1      1  2965  1014  2966
  3896 2 2       1      1  2964  2966   794
  3897 2 2       1      1  1048  2967  2965
  3898 2 2       1      1  2967  2821  2965
  3899 2 2       1      1  2967   382  2821
  3900 2 2       1      1  2965  2821  1014
  3901 2 2       1      1   794  2966  2013
  3902 2 2       1      1  2966  2824  2013
  3903 2 2       1      1  2966  1014  2824
  3904 2 2       1      1  2013  2824   538
  3905 2 2       1      1   515  2894  1978
  3906 2 2       1      1  2894  2968  1978
  3907 2 2       1      1  2894  1034  2968
  3908 2 2       1      1  1978  2968   785
  3909 2 2       1      1  1034  2969  2968
  3910 2 2       1      1  2969  2970  2968
  3911 2 2       1      1  2969  1049  2970
  3912 2 2       1      1  2968  2970   785
  3913 2 2       1      1  1034  2900  2969
  3914 2 2       1      1  2900  2971  2969
  3915 2 2       1      1  2900   516  2971
  3916 2 2       1      1  2969  2971  1049
  3917 2 2       1      1   785  2970  1979
  3918 2 2       1      1  2970  2972  1979
  3919 2 2       1      1  2970  1049  2972
  3920 2 2       1      1  1979  2972   517
  3921 2 2       1      1   184    28  2774
  3922 2 2       1      1    28  2973  2774
  3923 2 2       1      1    28   140  2973
  3924 2 2       1      1  2774  2973  1001
  3925 2 2       1      1   140  2974  2973
  3926 2 2       1      1  2974  2975  2973
  3927 2 2       1      1  2974   988  2975
  3928 2 2       1      1  2973  2975  1001
  3929 2 2       1      1   140    29  2974
  3930 2 2       1      1    29  2724  2974
  3931 2 2       1      1    29   183  2724
  3932 2 2       1      1  2974  2724   988
  3933 2 2       1      1  1001  2975  2775
  3934 2 2       1      1  2975  2730  2775
  3935 2 2       1      1  2975   988  2730
  3936 2 2       1      1  2775  2730   527
  3937 2 2       1      1   364  2976  2615
  3938 2 2       1      1  2976  2977  2615
  3939 2 2       1      1  2976  1050  2977
  3940 2 2       1      1  2615  2977   956
  3941 2 2       1      1  1050  2978  2977
  3942 2 2       1      1  2978  2979  2977
  3943 2 2       1      1  2978   827  2979
  3944 2 2       1      1  2977  2979   956
  3945 2 2       1      1  1050  2980  2978
  3946 2 2       1      1  2980  2118  2978
  3947 2 2       1      1  2980   399  2118
  3948 2 2       1      1  2978  2118   827
  3949 2 2       1      1   956  2979  2616
  3950 2 2       1      1  2979  2123  2616
  3951 2 2       1      1  2979   827  2123
  3952 2 2       1      1  2616  2123   547
  3953 2 2       1      1   513  2891  2982
  3954 2 2       1      1  2891  2981  2982
  3955 2 2       1      1  2891  1031  2981
  3956 2 2       1      1  2982  2981  1052
  3957 2 2       1      1  1031  2983  2981
  3958 2 2       1      1  2983  2984  2981
  3959 2 2       1      1  2983  1051  2984
  3960 2 2       1      1  2981  2984  1052
  3961 2 2       1      1  1031  2890  2983
  3962 2 2       1      1  2890  2985  2983
  3963 2 2       1      1  2890   512  2985
  3964 2 2       1      1  2983  2985  1051
  3965 2 2       1      1  1052  2984  2987
  3966 2 2       1      1  2984  2986  2987
  3967 2 2       1      1  2984  1051  2986
  3968 2 2       1      1  2987  2986   514
  3969 2 2       1      1   513  2982  1987
  3970 2 2       1      1  2982  2988  1987
  3971 2 2       1      1  2982  1052  2988
  3972 2 2       1      1  1987  2988   788
  3973 2 2       1      1  1052  2989  2988
  3974 2 2       1      1  2989  2990  2988
  3975 2 2       1      1  2989  1032  2990
  3976 2 2       1      1  2988  2990   788
  3977 2 2       1      1  1052  2987  2989
  3978 2 2       1      1  2987  2897  2989
  3979 2 2       1      1  2987   514  2897
  3980 2 2       1      1  2989  2897  1032
  3981 2 2       1      1   788  2990  1992
  3982 2 2       1      1  2990  2892  1992
  3983 2 2       1      1  2990  1032  2892
  3984 2 2       1      1  1992  2892   515
  3985 2 2       1      1   366   298  2782
  3986 2 2       1      1   298  2991  2782
  3987 2 2       1      1   298   321  2991
  3988 2 2       1      1  2782  2991  1004
  3989 2 2       1      1   321  2992  2991
  3990 2 2       1      1  2992  2993  2991
  3991 2 2       1      1  2992   962  2993
  3992 2 2       1      1  2991  2993  1004
  3993 2 2       1      1   321   299  2992
  3994 2 2       1      1   299  2639  2992
  3995 2 2       1      1   299   365  2639
  3996 2 2       1      1  2992  2639   962
  3997 2 2       1      1  1004  2993  2786
  3998 2 2       1      1  2993  2635  2786
  3999 2 2       1      1  2993   962  2635
  4000 2 2       1      1  2786  2635   401
  4001 2 2       1      1   509  2810  2942
  4002 2 2       1      1  2810  2994  2942
  4003 2 2       1      1  2810  1010  2994
  4004 2 2       1      1  2942  2994  1045
  4005 2 2       1      1  1010  2995  2994
  4006 2 2       1      1  2995  2996  2994
  4007 2 2       1      1  2995  1053  2996
  4008 2 2       1      1  2994  2996  1045
  4009 2 2       1      1  1010  2809  2995
  4010 2 2       1      1  2809  2997  2995
  4011 2 2       1      1  2809   508  2997
  4012 2 2       1      1  2995  2997  1053
  4013 2 2       1      1  1045  2996  2946
  4014 2 2       1      1  2996  2998  2946
  4015 2 2       1      1  2996  1053  2998
  4016 2 2       1      1  2946  2998   510
  4017 2 2       1      1   389   252  3000
  4018 2 2       1      1   252  2999  3000
  4019 2 2       1      1   252   344  2999
  4020 2 2       1      1  3000  2999  1055
  4021 2 2       1      1   344  3001  2999
  4022 2 2       1      1  3001  3002  2999
  4023 2 2       1      1  3001  1054  3002
  4024 2 2       1      1  2999  3002  1055
  4025 2 2       1      1   344   253  3001
  4026 2 2       1      1   253  3003  3001
  4027 2 2       1      1   253   388  3003
  4028 2 2       1      1  3001  3003  1054
  4029 2 2       1      1  1055  3002  3005
  4030 2 2       1      1  3002  3004  3005
  4031 2 2       1      1  3002  1054  3004
  4032 2 2       1      1  3005  3004   407
  4033 2 2       1      1   351  2868  2627
  4034 2 2       1      1  2868  3006  2627
  4035 2 2       1      1  2868  1027  3006
  4036 2 2       1      1  2627  3006   959
  4037 2 2       1      1  1027  3007  3006
  4038 2 2       1      1  3007  3008  3006
  4039 2 2       1      1  3007   811  3008
  4040 2 2       1      1  3006  3008   959
  4041 2 2       1      1  1027  2871  3007
  4042 2 2       1      1  2871  2061  3007
  4043 2 2       1      1  2871   398  2061
  4044 2 2       1      1  3007  2061   811
  4045 2 2       1      1   959  3008  2628
  4046 2 2       1      1  3008  2067  2628
  4047 2 2       1      1  3008   811  2067
  4048 2 2       1      1  2628  2067   549
  4049 2 2       1      1   491  3009  3011
  4050 2 2       1      1  3009  3010  3011
  4051 2 2       1      1  3009  1056  3010
  4052 2 2       1      1  3011  3010  1058
  4053 2 2       1      1  1056  3012  3010
  4054 2 2       1      1  3012  3013  3010
  4055 2 2       1      1  3012  1057  3013
  4056 2 2       1      1  3010  3013  1058
  4057 2 2       1      1  1056  3014  3012
  4058 2 2       1      1  3014  3015  3012
  4059 2 2       1      1  3014   492  3015
  4060 2 2       1      1  3012  3015  1057
  4061 2 2       1      1  1058  3013  3017
  4062 2 2       1      1  3013  3016  3017
  4063 2 2       1      1  3013  1057  3016
  4064 2 2       1      1  3017  3016   493
  4065 2 2       1      1   391   248  3019
  4066 2 2       1      1   248  3018  3019
  4067 2 2       1      1   248   346  3018
  4068 2 2       1      1  3019  3018  1060
  4069 2 2       1      1   346  3020  3018
  4070 2 2       1      1  3020  3021  3018
  4071 2 2       1      1  3020  1059  3021
  4072 2 2       1      1  3018  3021  1060
  4073 2 2       1      1   346   249  3020
  4074 2 2       1      1   249  3022  3020
  4075 2 2       1      1   249   390  3022
  4076 2 2       1      1  3020  3022  1059
  4077 2 2       1      1  1060  3021  3024
  4078 2 2       1      1  3021  3023  3024
  4079 2 2       1      1  3021  1059  3023
  4080 2 2       1      1  3024  3023   408
  4081 2 2       1      1   385   260  3026
  4082 2 2       1      1   260  3025  3026
  4083 2 2       1      1   260   340  3025
  4084 2 2       1      1  3026  3025  1062
  4085 2 2       1      1   340  3027  3025
  4086 2 2       1      1  3027  3028  3025
  4087 2 2       1      1  3027  1061  3028
  4088 2 2       1      1  3025  3028  1062
  4089 2 2       1      1   340   261  3027
  4090 2 2       1      1   261  3029  3027
  4091 2 2       1      1   261   384  3029
  4092 2 2       1      1  3027  3029  1061
  4093 2 2       1      1  1062  3028  3031
  4094 2 2       1      1  3028  3030  3031
  4095 2 2       1      1  3028  1061  3030
  4096 2 2       1      1  3031  3030   405
  4097 2 2       1      1   339   220  3033
  4098 2 2       1      1   220  3032  3033
  4099 2 2       1      1   220   338  3032
  4100 2 2       1      1  3033  3032  1063
  4101 2 2       1      1   338  3034  3032
  4102 2 2       1      1  3034  3035  3032
  4103 2 2       1      1  3034  1048  3035
  4104 2 2       1      1  3032  3035  1063
  4105 2 2       1      1   338   221  3034
  4106 2 2       1      1   221  2967  3034
  4107 2 2       1      1   221   382  2967
  4108 2 2       1      1  3034  2967  1048
  4109 2 2       1      1  1063  3035  3036
  4110 2 2       1      1  3035  2963  3036
  4111 2 2       1      1  3035  1048  2963
  4112 2 2       1      1  3036  2963   404
  4113 2 2       1      1   386   258  3038
  4114 2 2       1      1   258  3037  3038
  4115 2 2       1      1   258   341  3037
  4116 2 2       1      1  3038  3037  1065
  4117 2 2       1      1   341  3039  3037
  4118 2 2       1      1  3039  3040  3037
  4119 2 2       1      1  3039  1064  3040
  4120 2 2       1      1  3037  3040  1065
  4121 2 2       1      1   341   259  3039
  4122 2 2       1      1   259  3041  3039
  4123 2 2       1      1   259   385  3041
  4124 2 2       1      1  3039  3041  1064
  4125 2 2       1      1  1065  3040  3043
  4126 2 2       1      1  3040  3042  3043
  4127 2 2       1      1  3040  1064  3042
  4128 2 2       1      1  3043  3042   540
  4129 2 2       1      1   406  3044  3046
  4130 2 2       1      1  3044  3045  3046
  4131 2 2       1      1  3044  1066  3045
  4132 2 2       1      1  3046  3045  1067
  4133 2 2       1      1  1066  3047  3045
  4134 2 2       1      1  3047  3048  3045
  4135 2 2       1      1  3047  1065  3048
  4136 2 2       1      1  3045  3048  1067
  4137 2 2       1      1  1066  3049  3047
  4138 2 2       1      1  3049  3038  3047
  4139 2 2       1      1  3049   386  3038
  4140 2 2       1      1  3047  3038  1065
  4141 2 2       1      1  1067  3048  3050
  4142 2 2       1      1  3048  3043  3050
  4143 2 2       1      1  3048  1065  3043
  4144 2 2       1      1  3050  3043   540
  4145 2 2       1      1   377   232  2763
  4146 2 2       1      1   232  3051  2763
  4147 2 2       1      1   232   332  3051
  4148 2 2       1      1  2763  3051   999
  4149 2 2       1      1   332  3052  3051
  4150 2 2       1      1  3052  3053  3051
  4151 2 2       1      1  3052  1068  3053
  4152 2 2       1      1  3051  3053   999
  4153 2 2       1      1   332   233  3052
  4154 2 2       1      1   233  3054  3052
  4155 2 2       1      1   233   376  3054
  4156 2 2       1      1  3052  3054  1068
  4157 2 2       1      1   999  3053  2767
  4158 2 2       1      1  3053  3055  2767
  4159 2 2       1      1  3053  1068  3055
  4160 2 2       1      1  2767  3055   393
  4161 2 2       1      1   185    26  3057
  4162 2 2       1      1    26  3056  3057
  4163 2 2       1      1    26   141  3056
  4164 2 2       1      1  3057  3056  1069
  4165 2 2       1      1   141  3058  3056
  4166 2 2       1      1  3058  3059  3056
  4167 2 2       1      1  3058  1000  3059
  4168 2 2       1      1  3056  3059  1069
  4169 2 2       1      1   141    27  3058
  4170 2 2       1      1    27  2773  3058
  4171 2 2       1      1    27   184  2773
  4172 2 2       1      1  3058  2773  1000
  4173 2 2       1      1  1069  3059  3060
  4174 2 2       1      1  3059  2768  3060
  4175 2 2       1      1  3059  1000  2768
  4176 2 2       1      1  3060  2768   419
  4177 2 2       1      1   388   254  3062
  4178 2 2       1      1   254  3061  3062
  4179 2 2       1      1   254   343  3061
  4180 2 2       1      1  3062  3061  1071
  4181 2 2       1      1   343  3063  3061
  4182 2 2       1      1  3063  3064  3061
  4183 2 2       1      1  3063  1070  3064
  4184 2 2       1      1  3061  3064  1071
  4185 2 2       1      1   343   255  3063
  4186 2 2       1      1   255  3065  3063
  4187 2 2       1      1   255   387  3065
  4188 2 2       1      1  3063  3065  1070
  4189 2 2       1      1  1071  3064  3067
  4190 2 2       1      1  3064  3066  3067
  4191 2 2       1      1  3064  1070  3066
  4192 2 2       1      1  3067  3066   541
  4193 2 2       1      1   387  3068  3065
  4194 2 2       1      1  3068  3069  3065
  4195 2 2       1      1  3068  1072  3069
  4196 2 2       1      1  3065  3069  1070
  4197 2 2       1      1  1072  3070  3069
  4198 2 2       1      1  3070  3071  3069
  4199 2 2       1      1  3070  1073  3071
  4200 2 2       1      1  3069  3071  1070
  4201 2 2       1      1  1072  3072  3070
  4202 2 2       1      1  3072  3073  3070
  4203 2 2       1      1  3072   406  3073
  4204 2 2       1      1  3070  3073  1073
  4205 2 2       1      1  1070  3071  3066
  4206 2 2       1      1  3071  3074  3066
  4207 2 2       1      1  3071  1073  3074
  4208 2 2       1      1  3066  3074   541
  4209 2 2       1      1   407  3004  3076
  4210 2 2       1      1  3004  3075  3076
  4211 2 2       1      1  3004  1054  3075
  4212 2 2       1      1  3076  3075  1074
  4213 2 2       1      1  1054  3077  3075
  4214 2 2       1      1  3077  3078  3075
  4215 2 2       1      1  3077  1071  3078
  4216 2 2       1      1  3075  3078  1074
  4217 2 2       1      1  1054  3003  3077
  4218 2 2       1      1  3003  3062  3077
  4219 2 2       1      1  3003   388  3062
  4220 2 2       1      1  3077  3062  1071
  4221 2 2       1      1  1074  3078  3079
  4222 2 2       1      1  3078  3067  3079
  4223 2 2       1      1  3078  1071  3067
  4224 2 2       1      1  3079  3067   541
  4225 2 2       1      1   194    52  3081
  4226 2 2       1      1    52  3080  3081
  4227 2 2       1      1    52   150  3080
  4228 2 2       1      1  3081  3080  1076
  4229 2 2       1      1   150  3082  3080
  4230 2 2       1      1  3082  3083  3080
  4231 2 2       1      1  3082  1075  3083
  4232 2 2       1      1  3080  3083  1076
  4233 2 2       1      1   150    53  3082
  4234 2 2       1      1    53  3084  3082
  4235 2 2       1      1    53   193  3084
  4236 2 2       1      1  3082  3084  1075
  4237 2 2       1      1  1076  3083  3086
  4238 2 2       1      1  3083  3085  3086
  4239 2 2       1      1  3083  1075  3085
  4240 2 2       1      1  3086  3085   415
  4241 2 2       1      1   192    56  2659
  4242 2 2       1      1    56  3087  2659
  4243 2 2       1      1    56   148  3087
  4244 2 2       1      1  2659  3087   968
  4245 2 2       1      1   148  3088  3087
  4246 2 2       1      1  3088  3089  3087
  4247 2 2       1      1  3088   681  3089
  4248 2 2       1      1  3087  3089   968
  4249 2 2       1      1   148    57  3088
  4250 2 2       1      1    57  1592  3088
  4251 2 2       1      1    57   191  1592
  4252 2 2       1      1  3088  1592   681
  4253 2 2       1      1   968  3089  2664
  4254 2 2       1      1  3089  1587  2664
  4255 2 2       1      1  3089   681  1587
  4256 2 2       1      1  2664  1587   413
  4257 2 2       1      1   339  3033  3091
  4258 2 2       1      1  3033  3090  3091
  4259 2 2       1      1  3033  1063  3090
  4260 2 2       1      1  3091  3090  1077
  4261 2 2       1      1  1063  3092  3090
  4262 2 2       1      1  3092  3093  3090
  4263 2 2       1      1  3092   791  3093
  4264 2 2       1      1  3090  3093  1077
  4265 2 2       1      1  1063  3036  3092
  4266 2 2       1      1  3036  1996  3092
  4267 2 2       1      1  3036   404  1996
  4268 2 2       1      1  3092  1996   791
  4269 2 2       1      1  1077  3093  3094
  4270 2 2       1      1  3093  2000  3094
  4271 2 2       1      1  3093   791  2000
  4272 2 2       1      1  3094  2000   546
  4273 2 2       1      1   387   256  3068
  4274 2 2       1      1   256  3095  3068
  4275 2 2       1      1   256   342  3095
  4276 2 2       1      1  3068  3095  1072
  4277 2 2       1      1   342  3096  3095
  4278 2 2       1      1  3096  3097  3095
  4279 2 2       1      1  3096  1066  3097
  4280 2 2       1      1  3095  3097  1072
  4281 2 2       1      1   342   257  3096
  4282 2 2       1      1   257  3049  3096
  4283 2 2       1      1   257   386  3049
  4284 2 2       1      1  3096  3049  1066
  4285 2 2       1      1  1072  3097  3072
  4286 2 2       1      1  3097  3044  3072
  4287 2 2       1      1  3097  1066  3044
  4288 2 2       1      1  3072  3044   406
  4289 2 2       1      1   381   224  2787
  4290 2 2       1      1   224  3098  2787
  4291 2 2       1      1   224   336  3098
  4292 2 2       1      1  2787  3098  1005
  4293 2 2       1      1   336  3099  3098
  4294 2 2       1      1  3099  3100  3098
  4295 2 2       1      1  3099  1078  3100
  4296 2 2       1      1  3098  3100  1005
  4297 2 2       1      1   336   225  3099
  4298 2 2       1      1   225  3101  3099
  4299 2 2       1      1   225   380  3101
  4300 2 2       1      1  3099  3101  1078
  4301 2 2       1      1  1005  3100  2792
  4302 2 2       1      1  3100  3102  2792
  4303 2 2       1      1  3100  1078  3102
  4304 2 2       1      1  2792  3102   403
  4305 2 2       1      1   169   102  2936
  4306 2 2       1      1   102  3103  2936
  4307 2 2       1      1   102   125  3103
  4308 2 2       1      1  2936  3103  1043
  4309 2 2       1      1   125  3104  3103
  4310 2 2       1      1  3104  3105  3103
  4311 2 2       1      1  3104  1079  3105
  4312 2 2       1      1  3103  3105  1043
  4313 2 2       1      1   125   103  3104
  4314 2 2       1      1   103  3106  3104
  4315 2 2       1      1   103   168  3106
  4316 2 2       1      1  3104  3106  1079
  4317 2 2       1      1  1043  3105  2937
  4318 2 2       1      1  3105  3107  2937
  4319 2 2       1      1  3105  1079  3107
  4320 2 2       1      1  2937  3107   539
  4321 2 2       1      1   379   228  3109
  4322 2 2       1      1   228  3108  3109
  4323 2 2       1      1   228   334  3108
  4324 2 2       1      1  3109  3108  1080
  4325 2 2       1      1   334  3110  3108
  4326 2 2       1      1  3110  3111  3108
  4327 2 2       1      1  3110  1036  3111
  4328 2 2       1      1  3108  3111  1080
  4329 2 2       1      1   334   218  3110
  4330 2 2       1      1   218  2910  3110
  4331 2 2       1      1   218   378  2910
  4332 2 2       1      1  3110  2910  1036
  4333 2 2       1      1  1080  3111  3112
  4334 2 2       1      1  3111  2906  3112
  4335 2 2       1      1  3111  1036  2906
  4336 2 2       1      1  3112  2906   402
  4337 2 2       1      1   168  2902  3106
  4338 2 2       1      1  2902  3113  3106
  4339 2 2       1      1  2902  1035  3113
  4340 2 2       1      1  3106  3113  1079
  4341 2 2       1      1  1035  3114  3113
  4342 2 2       1      1  3114  3115  3113
  4343 2 2       1      1  3114  1081  3115
  4344 2 2       1      1  3113  3115  1079
  4345 2 2       1      1  1035  2905  3114
  4346 2 2       1      1  2905  3116  3114
  4347 2 2       1      1  2905   422  3116
  4348 2 2       1      1  3114  3116  1081
  4349 2 2       1      1  1079  3115  3107
  4350 2 2       1      1  3115  3117  3107
  4351 2 2       1      1  3115  1081  3117
  4352 2 2       1      1  3107  3117   539
  4353 2 2       1      1   389  3000  3119
  4354 2 2       1      1  3000  3118  3119
  4355 2 2       1      1  3000  1055  3118
  4356 2 2       1      1  3119  3118  1083
  4357 2 2       1      1  1055  3120  3118
  4358 2 2       1      1  3120  3121  3118
  4359 2 2       1      1  3120  1082  3121
  4360 2 2       1      1  3118  3121  1083
  4361 2 2       1      1  1055  3005  3120
  4362 2 2       1      1  3005  3122  3120
  4363 2 2       1      1  3005   407  3122
  4364 2 2       1      1  3120  3122  1082
  4365 2 2       1      1  1083  3121  3124
  4366 2 2       1      1  3121  3123  3124
  4367 2 2       1      1  3121  1082  3123
  4368 2 2       1      1  3124  3123   544
  4369 2 2       1      1   385  3026  3041
  4370 2 2       1      1  3026  3125  3041
  4371 2 2       1      1  3026  1062  3125
  4372 2 2       1      1  3041  3125  1064
  4373 2 2       1      1  1062  3126  3125
  4374 2 2       1      1  3126  3127  3125
  4375 2 2       1      1  3126   783  3127
  4376 2 2       1      1  3125  3127  1064
  4377 2 2       1      1  1062  3031  3126
  4378 2 2       1      1  3031  1966  3126
  4379 2 2       1      1  3031   405  1966
  4380 2 2       1      1  3126  1966   783
  4381 2 2       1      1  1064  3127  3042
  4382 2 2       1      1  3127  1972  3042
  4383 2 2       1      1  3127   783  1972
  4384 2 2       1      1  3042  1972   540
  4385 2 2       1      1   384   229  3129
  4386 2 2       1      1   229  3128  3129
  4387 2 2       1      1   229   383  3128
  4388 2 2       1      1  3129  3128  1084
  4389 2 2       1      1   383  3130  3128
  4390 2 2       1      1  3130  3131  3128
  4391 2 2       1      1  3130  1077  3131
  4392 2 2       1      1  3128  3131  1084
  4393 2 2       1      1   383   219  3130
  4394 2 2       1      1   219  3091  3130
  4395 2 2       1      1   219   339  3091
  4396 2 2       1      1  3130  3091  1077
  4397 2 2       1      1  1084  3131  3132
  4398 2 2       1      1  3131  3094  3132
  4399 2 2       1      1  3131  1077  3094
  4400 2 2       1      1  3132  3094   546
  4401 2 2       1      1   489  2742  3134
  4402 2 2       1      1  2742  3133  3134
  4403 2 2       1      1  2742   993  3133
  4404 2 2       1      1  3134  3133  1086
  4405 2 2       1      1   993  3135  3133
  4406 2 2       1      1  3135  3136  3133
  4407 2 2       1      1  3135  1085  3136
  4408 2 2       1      1  3133  3136  1086
  4409 2 2       1      1   993  2746  3135
  4410 2 2       1      1  2746  3137  3135
  4411 2 2       1      1  2746   490  3137
  4412 2 2       1      1  3135  3137  1085
  4413 2 2       1      1  1086  3136  3139
  4414 2 2       1      1  3136  3138  3139
  4415 2 2       1      1  3136  1085  3138
  4416 2 2       1      1  3139  3138   491
  4417 2 2       1      1   491  3138  3009
  4418 2 2       1      1  3138  3140  3009
  4419 2 2       1      1  3138  1085  3140
  4420 2 2       1      1  3009  3140  1056
  4421 2 2       1      1  1085  3141  3140
  4422 2 2       1      1  3141  3142  3140
  4423 2 2       1      1  3141   816  3142
  4424 2 2       1      1  3140  3142  1056
  4425 2 2       1      1  1085  3137  3141
  4426 2 2       1      1  3137  2086  3141
  4427 2 2       1      1  3137   490  2086
  4428 2 2       1      1  3141  2086   816
  4429 2 2       1      1  1056  3142  3014
  4430 2 2       1      1  3142  2082  3014
  4431 2 2       1      1  3142   816  2082
  4432 2 2       1      1  3014  2082   492
  4433 2 2       1      1   408  3023  3144
  4434 2 2       1      1  3023  3143  3144
  4435 2 2       1      1  3023  1059  3143
  4436 2 2       1      1  3144  3143  1088
  4437 2 2       1      1  1059  3145  3143
  4438 2 2       1      1  3145  3146  3143
  4439 2 2       1      1  3145  1087  3146
  4440 2 2       1      1  3143  3146  1088
  4441 2 2       1      1  1059  3022  3145
  4442 2 2       1      1  3022  3147  3145
  4443 2 2       1      1  3022   390  3147
  4444 2 2       1      1  3145  3147  1087
  4445 2 2       1      1  1088  3146  3149
  4446 2 2       1      1  3146  3148  3149
  4447 2 2       1      1  3146  1087  3148
  4448 2 2       1      1  3149  3148   544
  4449 2 2       1      1   390   250  3147
  4450 2 2       1      1   250  3150  3147
  4451 2 2       1      1   250   345  3150
  4452 2 2       1      1  3147  3150  1087
  4453 2 2       1      1   345  3151  3150
  4454 2 2       1      1  3151  3152  3150
  4455 2 2       1      1  3151  1083  3152
  4456 2 2       1      1  3150  3152  1087
  4457 2 2       1      1   345   240  3151
  4458 2 2       1      1   240  3119  3151
  4459 2 2       1      1   240   389  3119
  4460 2 2       1      1  3151  3119  1083
  4461 2 2       1      1  1087  3152  3148
  4462 2 2       1      1  3152  3124  3148
  4463 2 2       1      1  3152  1083  3124
  4464 2 2       1      1  3148  3124   544
  4465 2 2       1      1   405  3030  1984
  4466 2 2       1      1  3030  3153  1984
  4467 2 2       1      1  3030  1061  3153
  4468 2 2       1      1  1984  3153   786
  4469 2 2       1      1  1061  3154  3153
  4470 2 2       1      1  3154  3155  3153
  4471 2 2       1      1  3154  1084  3155
  4472 2 2       1      1  3153  3155   786
  4473 2 2       1      1  1061  3029  3154
  4474 2 2       1      1  3029  3129  3154
  4475 2 2       1      1  3029   384  3129
  4476 2 2       1      1  3154  3129  1084
  4477 2 2       1      1   786  3155  1985
  4478 2 2       1      1  3155  3132  1985
  4479 2 2       1      1  3155  1084  3132
  4480 2 2       1      1  1985  3132   546
  4481 2 2       1      1   368   294  2318
  4482 2 2       1      1   294  3156  2318
  4483 2 2       1      1   294   323  3156
  4484 2 2       1      1  2318  3156   883
  4485 2 2       1      1   323  3157  3156
  4486 2 2       1      1  3157  3158  3156
  4487 2 2       1      1  3157   947  3158
  4488 2 2       1      1  3156  3158   883
  4489 2 2       1      1   323   284  3157
  4490 2 2       1      1   284  2582  3157
  4491 2 2       1      1   284   367  2582
  4492 2 2       1      1  3157  2582   947
  4493 2 2       1      1   883  3158  2322
  4494 2 2       1      1  3158  2578  2322
  4495 2 2       1      1  3158   947  2578
  4496 2 2       1      1  2322  2578   400
  4497 2 2       1      1   364   302  2976
  4498 2 2       1      1   302  3159  2976
  4499 2 2       1      1   302   319  3159
  4500 2 2       1      1  2976  3159  1050
  4501 2 2       1      1   319  3160  3159
  4502 2 2       1      1  3160  3161  3159
  4503 2 2       1      1  3160   971  3161
  4504 2 2       1      1  3159  3161  1050
  4505 2 2       1      1   319   303  3160
  4506 2 2       1      1   303  2672  3160
  4507 2 2       1      1   303   363  2672
  4508 2 2       1      1  3160  2672   971
  4509 2 2       1      1  1050  3161  2980
  4510 2 2       1      1  3161  2668  2980
  4511 2 2       1      1  3161   971  2668
  4512 2 2       1      1  2980  2668   399
  4513 2 2       1      1   357   272  3163
  4514 2 2       1      1   272  3162  3163
  4515 2 2       1      1   272   312  3162
  4516 2 2       1      1  3163  3162  1090
  4517 2 2       1      1   312  3164  3162
  4518 2 2       1      1  3164  3165  3162
  4519 2 2       1      1  3164  1089  3165
  4520 2 2       1      1  3162  3165  1090
  4521 2 2       1      1   312   262  3164
  4522 2 2       1      1   262  3166  3164
  4523 2 2       1      1   262   356  3166
  4524 2 2       1      1  3164  3166  1089
  4525 2 2       1      1  1090  3165  3168
  4526 2 2       1      1  3165  3167  3168
  4527 2 2       1      1  3165  1089  3167
  4528 2 2       1      1  3168  3167   396
  4529 2 2       1      1   355   276  3170
  4530 2 2       1      1   276  3169  3170
  4531 2 2       1      1   276   310  3169
  4532 2 2       1      1  3170  3169  1092
  4533 2 2       1      1   310  3171  3169
  4534 2 2       1      1  3171  3172  3169
  4535 2 2       1      1  3171  1091  3172
  4536 2 2       1      1  3169  3172  1092
  4537 2 2       1      1   310   277  3171
  4538 2 2       1      1   277  3173  3171
  4539 2 2       1      1   277   354  3173
  4540 2 2       1      1  3171  3173  1091
  4541 2 2       1      1  1092  3172  3175
  4542 2 2       1      1  3172  3174  3175
  4543 2 2       1      1  3172  1091  3174
  4544 2 2       1      1  3175  3174   395
  4545 2 2       1      1   487  2675  3177
  4546 2 2       1      1  2675  3176  3177
  4547 2 2       1      1  2675   973  3176
  4548 2 2       1      1  3177  3176  1093
  4549 2 2       1      1   973  3178  3176
  4550 2 2       1      1  3178  3179  3176
  4551 2 2       1      1  3178   992  3179
  4552 2 2       1      1  3176  3179  1093
  4553 2 2       1      1   973  2679  3178
  4554 2 2       1      1  2679  2745  3178
  4555 2 2       1      1  2679   488  2745
  4556 2 2       1      1  3178  2745   992
  4557 2 2       1      1  1093  3179  3180
  4558 2 2       1      1  3179  2740  3180
  4559 2 2       1      1  3179   992  2740
  4560 2 2       1      1  3180  2740   489
  4561 2 2       1      1   415  3085  3182
  4562 2 2       1      1  3085  3181  3182
  4563 2 2       1      1  3085  1075  3181
  4564 2 2       1      1  3182  3181  1095
  4565 2 2       1      1  1075  3183  3181
  4566 2 2       1      1  3183  3184  3181
  4567 2 2       1      1  3183  1094  3184
  4568 2 2       1      1  3181  3184  1095
  4569 2 2       1      1  1075  3084  3183
  4570 2 2       1      1  3084  3185  3183
  4571 2 2       1      1  3084   193  3185
  4572 2 2       1      1  3183  3185  1094
  4573 2 2       1      1  1095  3184  3187
  4574 2 2       1      1  3184  3186  3187
  4575 2 2       1      1  3184  1094  3186
  4576 2 2       1      1  3187  3186   525
  4577 2 2       1      1   380   226  3189
  4578 2 2       1      1   226  3188  3189
  4579 2 2       1      1   226   335  3188
  4580 2 2       1      1  3189  3188  1097
  4581 2 2       1      1   335  3190  3188
  4582 2 2       1      1  3190  3191  3188
  4583 2 2       1      1  3190  1096  3191
  4584 2 2       1      1  3188  3191  1097
  4585 2 2       1      1   335   227  3190
  4586 2 2       1      1   227  3192  3190
  4587 2 2       1      1   227   379  3192
  4588 2 2       1      1  3190  3192  1096
  4589 2 2       1      1  1097  3191  3194
  4590 2 2       1      1  3191  3193  3194
  4591 2 2       1      1  3191  1096  3193
  4592 2 2       1      1  3194  3193   548
  4593 2 2       1      1   188    64  3196
  4594 2 2       1      1    64  3195  3196
  4595 2 2       1      1    64   144  3195
  4596 2 2       1      1  3196  3195  1098
  4597 2 2       1      1   144  3197  3195
  4598 2 2       1      1  3197  3198  3195
  4599 2 2       1      1  3197  1017  3198
  4600 2 2       1      1  3195  3198  1098
  4601 2 2       1      1   144    65  3197
  4602 2 2       1      1    65  2827  3197
  4603 2 2       1      1    65   143  2827
  4604 2 2       1      1  3197  2827  1017
  4605 2 2       1      1  1098  3198  3199
  4606 2 2       1      1  3198  2833  3199
  4607 2 2       1      1  3198  1017  2833
  4608 2 2       1      1  3199  2833   529
  4609 2 2       1      1   403  3102  2049
  4610 2 2       1      1  3102  3200  2049
  4611 2 2       1      1  3102  1078  3200
  4612 2 2       1      1  2049  3200   805
  4613 2 2       1      1  1078  3201  3200
  4614 2 2       1      1  3201  3202  3200
  4615 2 2       1      1  3201  1097  3202
  4616 2 2       1      1  3200  3202   805
  4617 2 2       1      1  1078  3101  3201
  4618 2 2       1      1  3101  3189  3201
  4619 2 2       1      1  3101   380  3189
  4620 2 2       1      1  3201  3189  1097
  4621 2 2       1      1   805  3202  2050
  4622 2 2       1      1  3202  3194  2050
  4623 2 2       1      1  3202  1097  3194
  4624 2 2       1      1  2050  3194   548
  4625 2 2       1      1   379  3109  3192
  4626 2 2       1      1  3109  3203  3192
  4627 2 2       1      1  3109  1080  3203
  4628 2 2       1      1  3192  3203  1096
  4629 2 2       1      1  1080  3204  3203
  4630 2 2       1      1  3204  3205  3203
  4631 2 2       1      1  3204   813  3205
  4632 2 2       1      1  3203  3205  1096
  4633 2 2       1      1  1080  3112  3204
  4634 2 2       1      1  3112  2070  3204
  4635 2 2       1      1  3112   402  2070
  4636 2 2       1      1  3204  2070   813
  4637 2 2       1      1  1096  3205  3193
  4638 2 2       1      1  3205  2074  3193
  4639 2 2       1      1  3205   813  2074
  4640 2 2       1      1  3193  2074   548
  4641 2 2       1      1   186    24  2693
  4642 2 2       1      1    24  3206  2693
  4643 2 2       1      1    24   142  3206
  4644 2 2       1      1  2693  3206   977
  4645 2 2       1      1   142  3207  3206
  4646 2 2       1      1  3207  3208  3206
  4647 2 2       1      1  3207  1099  3208
  4648 2 2       1      1  3206  3208   977
  4649 2 2       1      1   142    25  3207
  4650 2 2       1      1    25  3209  3207
  4651 2 2       1      1    25   185  3209
  4652 2 2       1      1  3207  3209  1099
  4653 2 2       1      1   977  3208  2694
  4654 2 2       1      1  3208  3210  2694
  4655 2 2       1      1  3208  1099  3210
  4656 2 2       1      1  2694  3210   537
  4657 2 2       1      1   193    54  3185
  4658 2 2       1      1    54  3211  3185
  4659 2 2       1      1    54   149  3211
  4660 2 2       1      1  3185  3211  1094
  4661 2 2       1      1   149  3212  3211
  4662 2 2       1      1  3212  3213  3211
  4663 2 2       1      1  3212   970  3213
  4664 2 2       1      1  3211  3213  1094
  4665 2 2       1      1   149    44  3212
  4666 2 2       1      1    44  2661  3212
  4667 2 2       1      1    44   192  2661
  4668 2 2       1      1  3212  2661   970
  4669 2 2       1      1  1094  3213  3186
  4670 2 2       1      1  3213  2667  3186
  4671 2 2       1      1  3213   970  2667
  4672 2 2       1      1  3186  2667   525
  4673 2 2       1      1   416  2952  3215
  4674 2 2       1      1  2952  3214  3215
  4675 2 2       1      1  2952  1046  3214
  4676 2 2       1      1  3215  3214  1100
  4677 2 2       1      1  1046  3216  3214
  4678 2 2       1      1  3216  3217  3214
  4679 2 2       1      1  3216  1098  3217
  4680 2 2       1      1  3214  3217  1100
  4681 2 2       1      1  1046  2951  3216
  4682 2 2       1      1  2951  3196  3216
  4683 2 2       1      1  2951   188  3196
  4684 2 2       1      1  3216  3196  1098
  4685 2 2       1      1  1100  3217  3218
  4686 2 2       1      1  3217  3199  3218
  4687 2 2       1      1  3217  1098  3199
  4688 2 2       1      1  3218  3199   529
  4689 2 2       1      1   185  3057  3209
  4690 2 2       1      1  3057  3219  3209
  4691 2 2       1      1  3057  1069  3219
  4692 2 2       1      1  3209  3219  1099
  4693 2 2       1      1  1069  3220  3219
  4694 2 2       1      1  3220  3221  3219
  4695 2 2       1      1  3220  1101  3221
  4696 2 2       1      1  3219  3221  1099
  4697 2 2       1      1  1069  3060  3220
  4698 2 2       1      1  3060  3222  3220
  4699 2 2       1      1  3060   419  3222
  4700 2 2       1      1  3220  3222  1101
  4701 2 2       1      1  1099  3221  3210
  4702 2 2       1      1  3221  3223  3210
  4703 2 2       1      1  3221  1101  3223
  4704 2 2       1      1  3210  3223   537
  4705 2 2       1      1   479  2492  2268
  4706 2 2       1      1  2492  3224  2268
  4707 2 2       1      1  2492   924  3224
  4708 2 2       1      1  2268  3224   868
  4709 2 2       1      1   924  3225  3224
  4710 2 2       1      1  3225  3226  3224
  4711 2 2       1      1  3225   937  3226
  4712 2 2       1      1  3224  3226   868
  4713 2 2       1      1   924  2491  3225
  4714 2 2       1      1  2491  2538  3225
  4715 2 2       1      1  2491   475  2538
  4716 2 2       1      1  3225  2538   937
  4717 2 2       1      1   868  3226  2269
  4718 2 2       1      1  3226  2541  2269
  4719 2 2       1      1  3226   937  2541
  4720 2 2       1      1  2269  2541   521
  4721 2 2       1      1   194  3081  3228
  4722 2 2       1      1  3081  3227  3228
  4723 2 2       1      1  3081  1076  3227
  4724 2 2       1      1  3228  3227  1103
  4725 2 2       1      1  1076  3229  3227
  4726 2 2       1      1  3229  3230  3227
  4727 2 2       1      1  3229  1102  3230
  4728 2 2       1      1  3227  3230  1103
  4729 2 2       1      1  1076  3086  3229
  4730 2 2       1      1  3086  3231  3229
  4731 2 2       1      1  3086   415  3231
  4732 2 2       1      1  3229  3231  1102
  4733 2 2       1      1  1103  3230  3233
  4734 2 2       1      1  3230  3232  3233
  4735 2 2       1      1  3230  1102  3232
  4736 2 2       1      1  3233  3232   551
  4737 2 2       1      1   469  2377  3235
  4738 2 2       1      1  2377  3234  3235
  4739 2 2       1      1  2377   895  3234
  4740 2 2       1      1  3235  3234  1104
  4741 2 2       1      1   895  3236  3234
  4742 2 2       1      1  3236  3237  3234
  4743 2 2       1      1  3236   930  3237
  4744 2 2       1      1  3234  3237  1104
  4745 2 2       1      1   895  2376  3236
  4746 2 2       1      1  2376  2516  3236
  4747 2 2       1      1  2376   468  2516
  4748 2 2       1      1  3236  2516   930
  4749 2 2       1      1  1104  3237  3238
  4750 2 2       1      1  3237  2511  3238
  4751 2 2       1      1  3237   930  2511
  4752 2 2       1      1  3238  2511   470
  4753 2 2       1      1   414  2916  1765
  4754 2 2       1      1  2916  3239  1765
  4755 2 2       1      1  2916  1037  3239
  4756 2 2       1      1  1765  3239   731
  4757 2 2       1      1  1037  3240  3239
  4758 2 2       1      1  3240  3241  3239
  4759 2 2       1      1  3240  1105  3241
  4760 2 2       1      1  3239  3241   731
  4761 2 2       1      1  1037  2915  3240
  4762 2 2       1      1  2915  3242  3240
  4763 2 2       1      1  2915   195  3242
  4764 2 2       1      1  3240  3242  1105
  4765 2 2       1      1   731  3241  1769
  4766 2 2       1      1  3241  3243  1769
  4767 2 2       1      1  3241  1105  3243
  4768 2 2       1      1  1769  3243   551
  4769 2 2       1      1   195    50  3242
  4770 2 2       1      1    50  3244  3242
  4771 2 2       1      1    50   151  3244
  4772 2 2       1      1  3242  3244  1105
  4773 2 2       1      1   151  3245  3244
  4774 2 2       1      1  3245  3246  3244
  4775 2 2       1      1  3245  1103  3246
  4776 2 2       1      1  3244  3246  1105
  4777 2 2       1      1   151    51  3245
  4778 2 2       1      1    51  3228  3245
  4779 2 2       1      1    51   194  3228
  4780 2 2       1      1  3245  3228  1103
  4781 2 2       1      1  1105  3246  3243
  4782 2 2       1      1  3246  3233  3243
  4783 2 2       1      1  3246  1103  3233
  4784 2 2       1      1  3243  3233   551
  4785 2 2       1      1   179    38  3248
  4786 2 2       1      1    38  3247  3248
  4787 2 2       1      1    38   135  3247
  4788 2 2       1      1  3248  3247  1107
  4789 2 2       1      1   135  3249  3247
  4790 2 2       1      1  3249  3250  3247
  4791 2 2       1      1  3249  1106  3250
  4792 2 2       1      1  3247  3250  1107
  4793 2 2       1      1   135    39  3249
  4794 2 2       1      1    39  3251  3249
  4795 2 2       1      1    39   178  3251
  4796 2 2       1      1  3249  3251  1106
  4797 2 2       1      1  1107  3250  3253
  4798 2 2       1      1  3250  3252  3253
  4799 2 2       1      1  3250  1106  3252
  4800 2 2       1      1  3253  3252   550
  4801 2 2       1      1   394  2928  3255
  4802 2 2       1      1  2928  3254  3255
  4803 2 2       1      1  2928  1040  3254
  4804 2 2       1      1  3255  3254  1108
  4805 2 2       1      1  1040  3256  3254
  4806 2 2       1      1  3256  3257  3254
  4807 2 2       1      1  3256  1107  3257
  4808 2 2       1      1  3254  3257  1108
  4809 2 2       1      1  1040  2927  3256
  4810 2 2       1      1  2927  3248  3256
  4811 2 2       1      1  2927   179  3248
  4812 2 2       1      1  3256  3248  1107
  4813 2 2       1      1  1108  3257  3258
  4814 2 2       1      1  3257  3253  3258
  4815 2 2       1      1  3257  1107  3253
  4816 2 2       1      1  3258  3253   550
  4817 2 2       1      1   376   234  3260
  4818 2 2       1      1   234  3259  3260
  4819 2 2       1      1   234   331  3259
  4820 2 2       1      1  3260  3259  1110
  4821 2 2       1      1   331  3261  3259
  4822 2 2       1      1  3261  3262  3259
  4823 2 2       1      1  3261  1109  3262
  4824 2 2       1      1  3259  3262  1110
  4825 2 2       1      1   331   235  3261
  4826 2 2       1      1   235  3263  3261
  4827 2 2       1      1   235   375  3263
  4828 2 2       1      1  3261  3263  1109
  4829 2 2       1      1  1110  3262  3265
  4830 2 2       1      1  3262  3264  3265
  4831 2 2       1      1  3262  1109  3264
  4832 2 2       1      1  3265  3264   533
  4833 2 2       1      1   393  3055  2199
  4834 2 2       1      1  3055  3266  2199
  4835 2 2       1      1  3055  1068  3266
  4836 2 2       1      1  2199  3266   849
  4837 2 2       1      1  1068  3267  3266
  4838 2 2       1      1  3267  3268  3266
  4839 2 2       1      1  3267  1110  3268
  4840 2 2       1      1  3266  3268   849
  4841 2 2       1      1  1068  3054  3267
  4842 2 2       1      1  3054  3260  3267
  4843 2 2       1      1  3054   376  3260
  4844 2 2       1      1  3267  3260  1110
  4845 2 2       1      1   849  3268  2200
  4846 2 2       1      1  3268  3265  2200
  4847 2 2       1      1  3268  1110  3265
  4848 2 2       1      1  2200  3265   533
  4849 2 2       1      1   469  3235  2523
  4850 2 2       1      1  3235  3269  2523
  4851 2 2       1      1  3235  1104  3269
  4852 2 2       1      1  2523  3269   933
  4853 2 2       1      1  1104  3270  3269
  4854 2 2       1      1  3270  3271  3269
  4855 2 2       1      1  3270  1111  3271
  4856 2 2       1      1  3269  3271   933
  4857 2 2       1      1  1104  3238  3270
  4858 2 2       1      1  3238  3272  3270
  4859 2 2       1      1  3238   470  3272
  4860 2 2       1      1  3270  3272  1111
  4861 2 2       1      1   933  3271  2527
  4862 2 2       1      1  3271  3273  2527
  4863 2 2       1      1  3271  1111  3273
  4864 2 2       1      1  2527  3273   471
  4865 2 2       1      1   178    40  3275
  4866 2 2       1      1    40  3274  3275
  4867 2 2       1      1    40   134  3274
  4868 2 2       1      1  3275  3274  1112
  4869 2 2       1      1   134  3276  3274
  4870 2 2       1      1  3276  3277  3274
  4871 2 2       1      1  3276   910  3277
  4872 2 2       1      1  3274  3277  1112
  4873 2 2       1      1   134    41  3276
  4874 2 2       1      1    41  2440  3276
  4875 2 2       1      1    41   177  2440
  4876 2 2       1      1  3276  2440   910
  4877 2 2       1      1  1112  3277  3278
  4878 2 2       1      1  3277  2435  3278
  4879 2 2       1      1  3277   910  2435
  4880 2 2       1      1  3278  2435   410
  4881 2 2       1      1   375   236  3280
  4882 2 2       1      1   236  3279  3280
  4883 2 2       1      1   236   330  3279
  4884 2 2       1      1  3280  3279  1113
  4885 2 2       1      1   330  3281  3279
  4886 2 2       1      1  3281  3282  3279
  4887 2 2       1      1  3281   899  3282
  4888 2 2       1      1  3279  3282  1113
  4889 2 2       1      1   330   237  3281
  4890 2 2       1      1   237  2393  3281
  4891 2 2       1      1   237   374  2393
  4892 2 2       1      1  3281  2393   899
  4893 2 2       1      1  1113  3282  3283
  4894 2 2       1      1  3282  2389  3283
  4895 2 2       1      1  3282   899  2389
  4896 2 2       1      1  3283  2389   409
  4897 2 2       1      1   178  3275  3251
  4898 2 2       1      1  3275  3284  3251
  4899 2 2       1      1  3275  1112  3284
  4900 2 2       1      1  3251  3284  1106
  4901 2 2       1      1  1112  3285  3284
  4902 2 2       1      1  3285  3286  3284
  4903 2 2       1      1  3285  1114  3286
  4904 2 2       1      1  3284  3286  1106
  4905 2 2       1      1  1112  3278  3285
  4906 2 2       1      1  3278  3287  3285
  4907 2 2       1      1  3278   410  3287
  4908 2 2       1      1  3285  3287  1114
  4909 2 2       1      1  1106  3286  3252
  4910 2 2       1      1  3286  3288  3252
  4911 2 2       1      1  3286  1114  3288
  4912 2 2       1      1  3252  3288   550
  4913 2 2       1      1   375  3280  3263
  4914 2 2       1      1  3280  3289  3263
  4915 2 2       1      1  3280  1113  3289
  4916 2 2       1      1  3263  3289  1109
  4917 2 2       1      1  1113  3290  3289
  4918 2 2       1      1  3290  3291  3289
  4919 2 2       1      1  3290   863  3291
  4920 2 2       1      1  3289  3291  1109
  4921 2 2       1      1  1113  3283  3290
  4922 2 2       1      1  3283  2246  3290
  4923 2 2       1      1  3283   409  2246
  4924 2 2       1      1  3290  2246   863
  4925 2 2       1      1  1109  3291  3264
  4926 2 2       1      1  3291  2249  3264
  4927 2 2       1      1  3291   863  2249
  4928 2 2       1      1  3264  2249   533
  4929 2 2       1      1   494  3292  3294
  4930 2 2       1      1  3292  3293  3294
  4931 2 2       1      1  3292  1115  3293
  4932 2 2       1      1  3294  3293  1116
  4933 2 2       1      1  1115  3295  3293
  4934 2 2       1      1  3295  3296  3293
  4935 2 2       1      1  3295  1020  3296
  4936 2 2       1      1  3293  3296  1116
  4937 2 2       1      1  1115  3297  3295
  4938 2 2       1      1  3297  2841  3295
  4939 2 2       1      1  3297   398  2841
  4940 2 2       1      1  3295  2841  1020
  4941 2 2       1      1  1116  3296  3298
  4942 2 2       1      1  3296  2845  3298
  4943 2 2       1      1  3296  1020  2845
  4944 2 2       1      1  3298  2845   536
  4945 2 2       1      1   492  2064  3300
  4946 2 2       1      1  2064  3299  3300
  4947 2 2       1      1  2064   809  3299
  4948 2 2       1      1  3300  3299  1117
  4949 2 2       1      1   809  3301  3299
  4950 2 2       1      1  3301  3302  3299
  4951 2 2       1      1  3301  1115  3302
  4952 2 2       1      1  3299  3302  1117
  4953 2 2       1      1   809  2059  3301
  4954 2 2       1      1  2059  3297  3301
  4955 2 2       1      1  2059   398  3297
  4956 2 2       1      1  3301  3297  1115
  4957 2 2       1      1  1117  3302  3303
  4958 2 2       1      1  3302  3292  3303
  4959 2 2       1      1  3302  1115  3292
  4960 2 2       1      1  3303  3292   494
  4961 2 2       1      1   493  3016  3305
  4962 2 2       1      1  3016  3304  3305
  4963 2 2       1      1  3016  1057  3304
  4964 2 2       1      1  3305  3304  1118
  4965 2 2       1      1  1057  3306  3304
  4966 2 2       1      1  3306  3307  3304
  4967 2 2       1      1  3306  1117  3307
  4968 2 2       1      1  3304  3307  1118
  4969 2 2       1      1  1057  3015  3306
  4970 2 2       1      1  3015  3300  3306
  4971 2 2       1      1  3015   492  3300
  4972 2 2       1      1  3306  3300  1117
  4973 2 2       1      1  1118  3307  3308
  4974 2 2       1      1  3307  3303  3308
  4975 2 2       1      1  3307  1117  3303
  4976 2 2       1      1  3308  3303   494
  4977 2 2       1      1   517  2972  3310
  4978 2 2       1      1  2972  3309  3310
  4979 2 2       1      1  2972  1049  3309
  4980 2 2       1      1  3310  3309  1120
  4981 2 2       1      1  1049  3311  3309
  4982 2 2       1      1  3311  3312  3309
  4983 2 2       1      1  3311  1119  3312
  4984 2 2       1      1  3309  3312  1120
  4985 2 2       1      1  1049  2971  3311
  4986 2 2       1      1  2971  3313  3311
  4987 2 2       1      1  2971   516  3313
  4988 2 2       1      1  3311  3313  1119
  4989 2 2       1      1  1120  3312  3315
  4990 2 2       1      1  3312  3314  3315
  4991 2 2       1      1  3312  1119  3314
  4992 2 2       1      1  3315  3314   518
  4993 2 2       1      1   540  1971  3317
  4994 2 2       1      1  1971  3316  3317
  4995 2 2       1      1  1971   782  3316
  4996 2 2       1      1  3317  3316  1122
  4997 2 2       1      1   782  3318  3316
  4998 2 2       1      1  3318  3319  3316
  4999 2 2       1      1  3318  1121  3319
  5000 2 2       1      1  3316  3319  1122
  5001 2 2       1      1   782  1970  3318
  5002 2 2       1      1  1970  3320  3318
  5003 2 2       1      1  1970   517  3320
  5004 2 2       1      1  3318  3320  1121
  5005 2 2       1      1  1122  3319  3322
  5006 2 2       1      1  3319  3321  3322
  5007 2 2       1      1  3319  1121  3321
  5008 2 2       1      1  3322  3321   553
  5009 2 2       1      1   406  3046  3324
  5010 2 2       1      1  3046  3323  3324
  5011 2 2       1      1  3046  1067  3323
  5012 2 2       1      1  3324  3323  1123
  5013 2 2       1      1  1067  3325  3323
  5014 2 2       1      1  3325  3326  3323
  5015 2 2       1      1  3325  1122  3326
  5016 2 2       1      1  3323  3326  1123
  5017 2 2       1      1  1067  3050  3325
  5018 2 2       1      1  3050  3317  3325
  5019 2 2       1      1  3050   540  3317
  5020 2 2       1      1  3325  3317  1122
  5021 2 2       1      1  1123  3326  3327
  5022 2 2       1      1  3326  3322  3327
  5023 2 2       1      1  3326  1122  3322
  5024 2 2       1      1  3327  3322   553
  5025 2 2       1      1   517  3310  3320
  5026 2 2       1      1  3310  3328  3320
  5027 2 2       1      1  3310  1120  3328
  5028 2 2       1      1  3320  3328  1121
  5029 2 2       1      1  1120  3329  3328
  5030 2 2       1      1  3329  3330  3328
  5031 2 2       1      1  3329  1124  3330
  5032 2 2       1      1  3328  3330  1121
  5033 2 2       1      1  1120  3315  3329
  5034 2 2       1      1  3315  3331  3329
  5035 2 2       1      1  3315   518  3331
  5036 2 2       1      1  3329  3331  1124
  5037 2 2       1      1  1121  3330  3321
  5038 2 2       1      1  3330  3332  3321
  5039 2 2       1      1  3330  1124  3332
  5040 2 2       1      1  3321  3332   553
  5041 2 2       1      1   541  3074  3334
  5042 2 2       1      1  3074  3333  3334
  5043 2 2       1      1  3074  1073  3333
  5044 2 2       1      1  3334  3333  1126
  5045 2 2       1      1  1073  3335  3333
  5046 2 2       1      1  3335  3336  3333
  5047 2 2       1      1  3335  1125  3336
  5048 2 2       1      1  3333  3336  1126
  5049 2 2       1      1  1073  3073  3335
  5050 2 2       1      1  3073  3337  3335
  5051 2 2       1      1  3073   406  3337
  5052 2 2       1      1  3335  3337  1125
  5053 2 2       1      1  1126  3336  3339
  5054 2 2       1      1  3336  3338  3339
  5055 2 2       1      1  3336  1125  3338
  5056 2 2       1      1  3339  3338   542
  5057 2 2       1      1   531  2754  3341
  5058 2 2       1      1  2754  3340  3341
  5059 2 2       1      1  2754   995  3340
  5060 2 2       1      1  3341  3340  1128
  5061 2 2       1      1   995  3342  3340
  5062 2 2       1      1  3342  3343  3340
  5063 2 2       1      1  3342  1127  3343
  5064 2 2       1      1  3340  3343  1128
  5065 2 2       1      1   995  2753  3342
  5066 2 2       1      1  2753  3344  3342
  5067 2 2       1      1  2753   425  3344
  5068 2 2       1      1  3342  3344  1127
  5069 2 2       1      1  1128  3343  3346
  5070 2 2       1      1  3343  3345  3346
  5071 2 2       1      1  3343  1127  3345
  5072 2 2       1      1  3346  3345   532
  5073 2 2       1      1   542  3338  3348
  5074 2 2       1      1  3338  3347  3348
  5075 2 2       1      1  3338  1125  3347
  5076 2 2       1      1  3348  3347  1129
  5077 2 2       1      1  1125  3349  3347
  5078 2 2       1      1  3349  3350  3347
  5079 2 2       1      1  3349  1123  3350
  5080 2 2       1      1  3347  3350  1129
  5081 2 2       1      1  1125  3337  3349
  5082 2 2       1      1  3337  3324  3349
  5083 2 2       1      1  3337   406  3324
  5084 2 2       1      1  3349  3324  1123
  5085 2 2       1      1  1129  3350  3351
  5086 2 2       1      1  3350  3327  3351
  5087 2 2       1      1  3350  1123  3327
  5088 2 2       1      1  3351  3327   553
  5089 2 2       1      1   415  3182  3353
  5090 2 2       1      1  3182  3352  3353
  5091 2 2       1      1  3182  1095  3352
  5092 2 2       1      1  3353  3352  1131
  5093 2 2       1      1  1095  3354  3352
  5094 2 2       1      1  3354  3355  3352
  5095 2 2       1      1  3354  1130  3355
  5096 2 2       1      1  3352  3355  1131
  5097 2 2       1      1  1095  3187  3354
  5098 2 2       1      1  3187  3356  3354
  5099 2 2       1      1  3187   525  3356
  5100 2 2       1      1  3354  3356  1130
  5101 2 2       1      1  1131  3355  3358
  5102 2 2       1      1  3355  3357  3358
  5103 2 2       1      1  3355  1130  3357
  5104 2 2       1      1  3358  3357   526
  5105 2 2       1      1   408  3144  3360
  5106 2 2       1      1  3144  3359  3360
  5107 2 2       1      1  3144  1088  3359
  5108 2 2       1      1  3360  3359  1133
  5109 2 2       1      1  1088  3361  3359
  5110 2 2       1      1  3361  3362  3359
  5111 2 2       1      1  3361  1132  3362
  5112 2 2       1      1  3359  3362  1133
  5113 2 2       1      1  1088  3149  3361
  5114 2 2       1      1  3149  3363  3361
  5115 2 2       1      1  3149   544  3363
  5116 2 2       1      1  3361  3363  1132
  5117 2 2       1      1  1133  3362  3365
  5118 2 2       1      1  3362  3364  3365
  5119 2 2       1      1  3362  1132  3364
  5120 2 2       1      1  3365  3364   545
  5121 2 2       1      1   392   246  3367
  5122 2 2       1      1   246  3366  3367
  5123 2 2       1      1   246   347  3366
  5124 2 2       1      1  3367  3366  1135
  5125 2 2       1      1   347  3368  3366
  5126 2 2       1      1  3368  3369  3366
  5127 2 2       1      1  3368  1134  3369
  5128 2 2       1      1  3366  3369  1135
  5129 2 2       1      1   347   247  3368
  5130 2 2       1      1   247  3370  3368
  5131 2 2       1      1   247   391  3370
  5132 2 2       1      1  3368  3370  1134
  5133 2 2       1      1  1135  3369  3372
  5134 2 2       1      1  3369  3371  3372
  5135 2 2       1      1  3369  1134  3371
  5136 2 2       1      1  3372  3371   524
  5137 2 2       1      1   391  3019  3370
  5138 2 2       1      1  3019  3373  3370
  5139 2 2       1      1  3019  1060  3373
  5140 2 2       1      1  3370  3373  1134
  5141 2 2       1      1  1060  3374  3373
  5142 2 2       1      1  3374  3375  3373
  5143 2 2       1      1  3374  1136  3375
  5144 2 2       1      1  3373  3375  1134
  5145 2 2       1      1  1060  3024  3374
  5146 2 2       1      1  3024  3376  3374
  5147 2 2       1      1  3024   408  3376
  5148 2 2       1      1  3374  3376  1136
  5149 2 2       1      1  1134  3375  3371
  5150 2 2       1      1  3375  3377  3371
  5151 2 2       1      1  3375  1136  3377
  5152 2 2       1      1  3371  3377   524
  5153 2 2       1      1   361   244  3379
  5154 2 2       1      1   244  3378  3379
  5155 2 2       1      1   244   348  3378
  5156 2 2       1      1  3379  3378  1138
  5157 2 2       1      1   348  3380  3378
  5158 2 2       1      1  3380  3381  3378
  5159 2 2       1      1  3380  1137  3381
  5160 2 2       1      1  3378  3381  1138
  5161 2 2       1      1   348   245  3380
  5162 2 2       1      1   245  3382  3380
  5163 2 2       1      1   245   392  3382
  5164 2 2       1      1  3380  3382  1137
  5165 2 2       1      1  1138  3381  3384
  5166 2 2       1      1  3381  3383  3384
  5167 2 2       1      1  3381  1137  3383
  5168 2 2       1      1  3384  3383   432
  5169 2 2       1      1   353   280  3386
  5170 2 2       1      1   280  3385  3386
  5171 2 2       1      1   280   308  3385
  5172 2 2       1      1  3386  3385  1140
  5173 2 2       1      1   308  3387  3385
  5174 2 2       1      1  3387  3388  3385
  5175 2 2       1      1  3387  1139  3388
  5176 2 2       1      1  3385  3388  1140
  5177 2 2       1      1   308   281  3387
  5178 2 2       1      1   281  3389  3387
  5179 2 2       1      1   281   352  3389
  5180 2 2       1      1  3387  3389  1139
  5181 2 2       1      1  1140  3388  3391
  5182 2 2       1      1  3388  3390  3391
  5183 2 2       1      1  3388  1139  3390
  5184 2 2       1      1  3391  3390   433
  5185 2 2       1      1   156    84  3393
  5186 2 2       1      1    84  3392  3393
  5187 2 2       1      1    84   112  3392
  5188 2 2       1      1  3393  3392  1142
  5189 2 2       1      1   112  3394  3392
  5190 2 2       1      1  3394  3395  3392
  5191 2 2       1      1  3394  1141  3395
  5192 2 2       1      1  3392  3395  1142
  5193 2 2       1      1   112    85  3394
  5194 2 2       1      1    85  3396  3394
  5195 2 2       1      1    85   155  3396
  5196 2 2       1      1  3394  3396  1141
  5197 2 2       1      1  1142  3395  3398
  5198 2 2       1      1  3395  3397  3398
  5199 2 2       1      1  3395  1141  3397
  5200 2 2       1      1  3398  3397   434
  5201 2 2       1      1   432  3383  1770
  5202 2 2       1      1  3383  3399  1770
  5203 2 2       1      1  3383  1137  3399
  5204 2 2       1      1  1770  3399   732
  5205 2 2       1      1  1137  3400  3399
  5206 2 2       1      1  3400  3401  3399
  5207 2 2       1      1  3400  1135  3401
  5208 2 2       1      1  3399  3401   732
  5209 2 2       1      1  1137  3382  3400
  5210 2 2       1      1  3382  3367  3400
  5211 2 2       1      1  3382   392  3367
  5212 2 2       1      1  3400  3367  1135
  5213 2 2       1      1   732  3401  1774
  5214 2 2       1      1  3401  3372  1774
  5215 2 2       1      1  3401  1135  3372
  5216 2 2       1      1  1774  3372   524
  5217 2 2       1      1   494  3294  3403
  5218 2 2       1      1  3294  3402  3403
  5219 2 2       1      1  3294  1116  3402
  5220 2 2       1      1  3403  3402  1144
  5221 2 2       1      1  1116  3404  3402
  5222 2 2       1      1  3404  3405  3402
  5223 2 2       1      1  3404  1143  3405
  5224 2 2       1      1  3402  3405  1144
  5225 2 2       1      1  1116  3298  3404
  5226 2 2       1      1  3298  3406  3404
  5227 2 2       1      1  3298   536  3406
  5228 2 2       1      1  3404  3406  1143
  5229 2 2       1      1  1144  3405  3408
  5230 2 2       1      1  3405  3407  3408
  5231 2 2       1      1  3405  1143  3407
  5232 2 2       1      1  3408  3407   554
  5233 2 2       1      1   541  3334  3410
  5234 2 2       1      1  3334  3409  3410
  5235 2 2       1      1  3334  1126  3409
  5236 2 2       1      1  3410  3409  1146
  5237 2 2       1      1  1126  3411  3409
  5238 2 2       1      1  3411  3412  3409
  5239 2 2       1      1  3411  1145  3412
  5240 2 2       1      1  3409  3412  1146
  5241 2 2       1      1  1126  3339  3411
  5242 2 2       1      1  3339  3413  3411
  5243 2 2       1      1  3339   542  3413
  5244 2 2       1      1  3411  3413  1145
  5245 2 2       1      1  1146  3412  3415
  5246 2 2       1      1  3412  3414  3415
  5247 2 2       1      1  3412  1145  3414
  5248 2 2       1      1  3415  3414   555
  5249 2 2       1      1   536  2592  3406
  5250 2 2       1      1  2592  3416  3406
  5251 2 2       1      1  2592   950  3416
  5252 2 2       1      1  3406  3416  1143
  5253 2 2       1      1   950  3417  3416
  5254 2 2       1      1  3417  3418  3416
  5255 2 2       1      1  3417   645  3418
  5256 2 2       1      1  3416  3418  1143
  5257 2 2       1      1   950  2591  3417
  5258 2 2       1      1  2591  1463  3417
  5259 2 2       1      1  2591   397  1463
  5260 2 2       1      1  3417  1463   645
  5261 2 2       1      1  1143  3418  3407
  5262 2 2       1      1  3418  1468  3407
  5263 2 2       1      1  3418   645  1468
  5264 2 2       1      1  3407  1468   554
  5265 2 2       1      1   407  3076  3420
  5266 2 2       1      1  3076  3419  3420
  5267 2 2       1      1  3076  1074  3419
  5268 2 2       1      1  3420  3419  1147
  5269 2 2       1      1  1074  3421  3419
  5270 2 2       1      1  3421  3422  3419
  5271 2 2       1      1  3421  1146  3422
  5272 2 2       1      1  3419  3422  1147
  5273 2 2       1      1  1074  3079  3421
  5274 2 2       1      1  3079  3410  3421
  5275 2 2       1      1  3079   541  3410
  5276 2 2       1      1  3421  3410  1146
  5277 2 2       1      1  1147  3422  3423
  5278 2 2       1      1  3422  3415  3423
  5279 2 2       1      1  3422  1146  3415
  5280 2 2       1      1  3423  3415   555
  5281 2 2       1      1   426  1540  3425
  5282 2 2       1      1  1540  3424  3425
  5283 2 2       1      1  1540   667  3424
  5284 2 2       1      1  3425  3424  1149
  5285 2 2       1      1   667  3426  3424
  5286 2 2       1      1  3426  3427  3424
  5287 2 2       1      1  3426  1148  3427
  5288 2 2       1      1  3424  3427  1149
  5289 2 2       1      1   667  1545  3426
  5290 2 2       1      1  1545  3428  3426
  5291 2 2       1      1  1545   464  3428
  5292 2 2       1      1  3426  3428  1148
  5293 2 2       1      1  1149  3427  3430
  5294 2 2       1      1  3427  3429  3430
  5295 2 2       1      1  3427  1148  3429
  5296 2 2       1      1  3430  3429   590
  5297 2 2       1      1   413  1589  3432
  5298 2 2       1      1  1589  3431  3432
  5299 2 2       1      1  1589   682  3431
  5300 2 2       1      1  3432  3431  1151
  5301 2 2       1      1   682  3433  3431
  5302 2 2       1      1  3433  3434  3431
  5303 2 2       1      1  3433  1150  3434
  5304 2 2       1      1  3431  3434  1151
  5305 2 2       1      1   682  1593  3433
  5306 2 2       1      1  1593  3435  3433
  5307 2 2       1      1  1593   453  3435
  5308 2 2       1      1  3433  3435  1150
  5309 2 2       1      1  1151  3434  3437
  5310 2 2       1      1  3434  3436  3437
  5311 2 2       1      1  3434  1150  3436
  5312 2 2       1      1  3437  3436   556
  5313 2 2       1      1   452  1958  1704
  5314 2 2       1      1  1958  3438  1704
  5315 2 2       1      1  1958   780  3438
  5316 2 2       1      1  1704  3438   715
  5317 2 2       1      1   780  3439  3438
  5318 2 2       1      1  3439  3440  3438
  5319 2 2       1      1  3439   694  3440
  5320 2 2       1      1  3438  3440   715
  5321 2 2       1      1   780  1963  3439
  5322 2 2       1      1  1963  1627  3439
  5323 2 2       1      1  1963   453  1627
  5324 2 2       1      1  3439  1627   694
  5325 2 2       1      1   715  3440  1705
  5326 2 2       1      1  3440  1632  1705
  5327 2 2       1      1  3440   694  1632
  5328 2 2       1      1  1705  1632   606
  5329 2 2       1      1   431  1821  3442
  5330 2 2       1      1  1821  3441  3442
  5331 2 2       1      1  1821   746  3441
  5332 2 2       1      1  3442  3441  1152
  5333 2 2       1      1   746  3443  3441
  5334 2 2       1      1  3443  3444  3441
  5335 2 2       1      1  3443   698  3444
  5336 2 2       1      1  3441  3444  1152
  5337 2 2       1      1   746  1826  3443
  5338 2 2       1      1  1826  1641  3443
  5339 2 2       1      1  1826   437  1641
  5340 2 2       1      1  3443  1641   698
  5341 2 2       1      1  1152  3444  3445
  5342 2 2       1      1  3444  1646  3445
  5343 2 2       1      1  3444   698  1646
  5344 2 2       1      1  3445  1646   557
  5345 2 2       1      1   411  1835  3447
  5346 2 2       1      1  1835  3446  3447
  5347 2 2       1      1  1835   750  3446
  5348 2 2       1      1  3447  3446  1153
  5349 2 2       1      1   750  3448  3446
  5350 2 2       1      1  3448  3449  3446
  5351 2 2       1      1  3448   700  3449
  5352 2 2       1      1  3446  3449  1153
  5353 2 2       1      1   750  1840  3448
  5354 2 2       1      1  1840  1648  3448
  5355 2 2       1      1  1840   456  1648
  5356 2 2       1      1  3448  1648   700
  5357 2 2       1      1  1153  3449  3450
  5358 2 2       1      1  3449  1653  3450
  5359 2 2       1      1  3449   700  1653
  5360 2 2       1      1  3450  1653   558
  5361 2 2       1      1   453  1962  3435
  5362 2 2       1      1  1962  3451  3435
  5363 2 2       1      1  1962   779  3451
  5364 2 2       1      1  3435  3451  1150
  5365 2 2       1      1   779  3452  3451
  5366 2 2       1      1  3452  3453  3451
  5367 2 2       1      1  3452  1154  3453
  5368 2 2       1      1  3451  3453  1150
  5369 2 2       1      1   779  1961  3452
  5370 2 2       1      1  1961  3454  3452
  5371 2 2       1      1  1961   450  3454
  5372 2 2       1      1  3452  3454  1154
  5373 2 2       1      1  1150  3453  3436
  5374 2 2       1      1  3453  3455  3436
  5375 2 2       1      1  3453  1154  3455
  5376 2 2       1      1  3436  3455   556
  5377 2 2       1      1    20     9  3457
  5378 2 2       1      1     9  3456  3457
  5379 2 2       1      1     9    15  3456
  5380 2 2       1      1  3457  3456  1156
  5381 2 2       1      1    15  3458  3456
  5382 2 2       1      1  3458  3459  3456
  5383 2 2       1      1  3458  1155  3459
  5384 2 2       1      1  3456  3459  1156
  5385 2 2       1      1    15     8  3458
  5386 2 2       1      1     8  3460  3458
  5387 2 2       1      1     8    19  3460
  5388 2 2       1      1  3458  3460  1155
  5389 2 2       1      1  1156  3459  3462
  5390 2 2       1      1  3459  3461  3462
  5391 2 2       1      1  3459  1155  3461
  5392 2 2       1      1  3462  3461   557
  5393 2 2       1      1   217   206  3464
  5394 2 2       1      1   206  3463  3464
  5395 2 2       1      1   206   212  3463
  5396 2 2       1      1  3464  3463  1158
  5397 2 2       1      1   212  3465  3463
  5398 2 2       1      1  3465  3466  3463
  5399 2 2       1      1  3465  1157  3466
  5400 2 2       1      1  3463  3466  1158
  5401 2 2       1      1   212   205  3465
  5402 2 2       1      1   205  3467  3465
  5403 2 2       1      1   205   216  3467
  5404 2 2       1      1  3465  3467  1157
  5405 2 2       1      1  1158  3466  3469
  5406 2 2       1      1  3466  3468  3469
  5407 2 2       1      1  3466  1157  3468
  5408 2 2       1      1  3469  3468   558
  5409 2 2       1      1   447  1780  3471
  5410 2 2       1      1  1780  3470  3471
  5411 2 2       1      1  1780   733  3470
  5412 2 2       1      1  3471  3470  1160
  5413 2 2       1      1   733  3472  3470
  5414 2 2       1      1  3472  3473  3470
  5415 2 2       1      1  3472  1159  3473
  5416 2 2       1      1  3470  3473  1160
  5417 2 2       1      1   733  1779  3472
  5418 2 2       1      1  1779  3474  3472
  5419 2 2       1      1  1779   446  3474
  5420 2 2       1      1  3472  3474  1159
  5421 2 2       1      1  1160  3473  3476
  5422 2 2       1      1  3473  3475  3476
  5423 2 2       1      1  3473  1159  3475
  5424 2 2       1      1  3476  3475   556
  5425 2 2       1      1   197    46  3478
  5426 2 2       1      1    46  3477  3478
  5427 2 2       1      1    46   153  3477
  5428 2 2       1      1  3478  3477  1162
  5429 2 2       1      1   153  3479  3477
  5430 2 2       1      1  3479  3480  3477
  5431 2 2       1      1  3479  1161  3480
  5432 2 2       1      1  3477  3480  1162
  5433 2 2       1      1   153    47  3479
  5434 2 2       1      1    47  3481  3479
  5435 2 2       1      1    47   196  3481
  5436 2 2       1      1  3479  3481  1161
  5437 2 2       1      1  1162  3480  3483
  5438 2 2       1      1  3480  3482  3483
  5439 2 2       1      1  3480  1161  3482
  5440 2 2       1      1  3483  3482   559
  5441 2 2       1      1   362   242  3485
  5442 2 2       1      1   242  3484  3485
  5443 2 2       1      1   242   349  3484
  5444 2 2       1      1  3485  3484  1164
  5445 2 2       1      1   349  3486  3484
  5446 2 2       1      1  3486  3487  3484
  5447 2 2       1      1  3486  1163  3487
  5448 2 2       1      1  3484  3487  1164
  5449 2 2       1      1   349   243  3486
  5450 2 2       1      1   243  3488  3486
  5451 2 2       1      1   243   361  3488
  5452 2 2       1      1  3486  3488  1163
  5453 2 2       1      1  1164  3487  3490
  5454 2 2       1      1  3487  3489  3490
  5455 2 2       1      1  3487  1163  3489
  5456 2 2       1      1  3490  3489   560
  5457 2 2       1      1   563  3491  1793
  5458 2 2       1      1  3491  3492  1793
  5459 2 2       1      1  3491  1165  3492
  5460 2 2       1      1  1793  3492   737
  5461 2 2       1      1  1165  3493  3492
  5462 2 2       1      1  3493  3494  3492
  5463 2 2       1      1  3493  1166  3494
  5464 2 2       1      1  3492  3494   737
  5465 2 2       1      1  1165  3495  3493
  5466 2 2       1      1  3495  3496  3493
  5467 2 2       1      1  3495   518  3496
  5468 2 2       1      1  3493  3496  1166
  5469 2 2       1      1   737  3494  1794
  5470 2 2       1      1  3494  3497  1794
  5471 2 2       1      1  3494  1166  3497
  5472 2 2       1      1  1794  3497   579
  5473 2 2       1      1   494  3403  3499
  5474 2 2       1      1  3403  3498  3499
  5475 2 2       1      1  3403  1144  3498
  5476 2 2       1      1  3499  3498  1168
  5477 2 2       1      1  1144  3500  3498
  5478 2 2       1      1  3500  3501  3498
  5479 2 2       1      1  3500  1167  3501
  5480 2 2       1      1  3498  3501  1168
  5481 2 2       1      1  1144  3408  3500
  5482 2 2       1      1  3408  3502  3500
  5483 2 2       1      1  3408   554  3502
  5484 2 2       1      1  3500  3502  1167
  5485 2 2       1      1  1168  3501  3504
  5486 2 2       1      1  3501  3503  3504
  5487 2 2       1      1  3501  1167  3503
  5488 2 2       1      1  3504  3503   564
  5489 2 2       1      1   182    32  3506
  5490 2 2       1      1    32  3505  3506
  5491 2 2       1      1    32   138  3505
  5492 2 2       1      1  3506  3505  1169
  5493 2 2       1      1   138  3507  3505
  5494 2 2       1      1  3507  3508  3505
  5495 2 2       1      1  3507   702  3508
  5496 2 2       1      1  3505  3508  1169
  5497 2 2       1      1   138    22  3507
  5498 2 2       1      1    22  1664  3507
  5499 2 2       1      1    22   181  1664
  5500 2 2       1      1  3507  1664   702
  5501 2 2       1      1  1169  3508  3509
  5502 2 2       1      1  3508  1659  3509
  5503 2 2       1      1  3508   702  1659
  5504 2 2       1      1  3509  1659   561
  5505 2 2       1      1   181    34  1665
  5506 2 2       1      1    34  3510  1665
  5507 2 2       1      1    34   137  3510
  5508 2 2       1      1  1665  3510   703
  5509 2 2       1      1   137  3511  3510
  5510 2 2       1      1  3511  3512  3510
  5511 2 2       1      1  3511  1170  3512
  5512 2 2       1      1  3510  3512   703
  5513 2 2       1      1   137    35  3511
  5514 2 2       1      1    35  3513  3511
  5515 2 2       1      1    35   180  3513
  5516 2 2       1      1  3511  3513  1170
  5517 2 2       1      1   703  3512  1666
  5518 2 2       1      1  3512  3514  1666
  5519 2 2       1      1  3512  1170  3514
  5520 2 2       1      1  1666  3514   562
  5521 2 2       1      1   424  2883  1787
  5522 2 2       1      1  2883  3515  1787
  5523 2 2       1      1  2883  1030  3515
  5524 2 2       1      1  1787  3515   736
  5525 2 2       1      1  1030  3516  3515
  5526 2 2       1      1  3516  3517  3515
  5527 2 2       1      1  3516  1171  3517
  5528 2 2       1      1  3515  3517   736
  5529 2 2       1      1  1030  2886  3516
  5530 2 2       1      1  2886  3518  3516
  5531 2 2       1      1  2886   531  3518
  5532 2 2       1      1  3516  3518  1171
  5533 2 2       1      1   736  3517  1792
  5534 2 2       1      1  3517  3519  1792
  5535 2 2       1      1  3517  1171  3519
  5536 2 2       1      1  1792  3519   563
  5537 2 2       1      1   554  1683  3502
  5538 2 2       1      1  1683  3520  3502
  5539 2 2       1      1  1683   709  3520
  5540 2 2       1      1  3502  3520  1167
  5541 2 2       1      1   709  3521  3520
  5542 2 2       1      1  3521  3522  3520
  5543 2 2       1      1  3521  1172  3522
  5544 2 2       1      1  3520  3522  1167
  5545 2 2       1      1   709  1682  3521
  5546 2 2       1      1  1682  3523  3521
  5547 2 2       1      1  1682   451  3523
  5548 2 2       1      1  3521  3523  1172
  5549 2 2       1      1  1167  3522  3503
  5550 2 2       1      1  3522  3524  3503
  5551 2 2       1      1  3522  1172  3524
  5552 2 2       1      1  3503  3524   564
  5553 2 2       1      1   481  2559  3526
  5554 2 2       1      1  2559  3525  3526
  5555 2 2       1      1  2559   941  3525
  5556 2 2       1      1  3526  3525  1174
  5557 2 2       1      1   941  3527  3525
  5558 2 2       1      1  3527  3528  3525
  5559 2 2       1      1  3527  1173  3528
  5560 2 2       1      1  3525  3528  1174
  5561 2 2       1      1   941  2558  3527
  5562 2 2       1      1  2558  3529  3527
  5563 2 2       1      1  2558   480  3529
  5564 2 2       1      1  3527  3529  1173
  5565 2 2       1      1  1174  3528  3531
  5566 2 2       1      1  3528  3530  3531
  5567 2 2       1      1  3528  1173  3530
  5568 2 2       1      1  3531  3530   588
  5569 2 2       1      1   477  2555  3533
  5570 2 2       1      1  2555  3532  3533
  5571 2 2       1      1  2555   942  3532
  5572 2 2       1      1  3533  3532  1176
  5573 2 2       1      1   942  3534  3532
  5574 2 2       1      1  3534  3535  3532
  5575 2 2       1      1  3534  1175  3535
  5576 2 2       1      1  3532  3535  1176
  5577 2 2       1      1   942  2560  3534
  5578 2 2       1      1  2560  3536  3534
  5579 2 2       1      1  2560   481  3536
  5580 2 2       1      1  3534  3536  1175
  5581 2 2       1      1  1176  3535  3538
  5582 2 2       1      1  3535  3537  3538
  5583 2 2       1      1  3535  1175  3537
  5584 2 2       1      1  3538  3537   587
  5585 2 2       1      1   553  3332  3540
  5586 2 2       1      1  3332  3539  3540
  5587 2 2       1      1  3332  1124  3539
  5588 2 2       1      1  3540  3539  1178
  5589 2 2       1      1  1124  3541  3539
  5590 2 2       1      1  3541  3542  3539
  5591 2 2       1      1  3541  1177  3542
  5592 2 2       1      1  3539  3542  1178
  5593 2 2       1      1  1124  3331  3541
  5594 2 2       1      1  3331  3543  3541
  5595 2 2       1      1  3331   518  3543
  5596 2 2       1      1  3541  3543  1177
  5597 2 2       1      1  1178  3542  3545
  5598 2 2       1      1  3542  3544  3545
  5599 2 2       1      1  3542  1177  3544
  5600 2 2       1      1  3545  3544   589
  5601 2 2       1      1   160  2709  3547
  5602 2 2       1      1  2709  3546  3547
  5603 2 2       1      1  2709   983  3546
  5604 2 2       1      1  3547  3546  1179
  5605 2 2       1      1   983  3548  3546
  5606 2 2       1      1  3548  3549  3546
  5607 2 2       1      1  3548  1149  3549
  5608 2 2       1      1  3546  3549  1179
  5609 2 2       1      1   983  2714  3548
  5610 2 2       1      1  2714  3425  3548
  5611 2 2       1      1  2714   426  3425
  5612 2 2       1      1  3548  3425  1149
  5613 2 2       1      1  1179  3549  3550
  5614 2 2       1      1  3549  3430  3550
  5615 2 2       1      1  3549  1149  3430
  5616 2 2       1      1  3550  3430   590
  5617 2 2       1      1   425  2805  3552
  5618 2 2       1      1  2805  3551  3552
  5619 2 2       1      1  2805  1009  3551
  5620 2 2       1      1  3552  3551  1181
  5621 2 2       1      1  1009  3553  3551
  5622 2 2       1      1  3553  3554  3551
  5623 2 2       1      1  3553  1180  3554
  5624 2 2       1      1  3551  3554  1181
  5625 2 2       1      1  1009  2804  3553
  5626 2 2       1      1  2804  3555  3553
  5627 2 2       1      1  2804   161  3555
  5628 2 2       1      1  3553  3555  1180
  5629 2 2       1      1  1181  3554  3557
  5630 2 2       1      1  3554  3556  3557
  5631 2 2       1      1  3554  1180  3556
  5632 2 2       1      1  3557  3556   590
  5633 2 2       1      1   395  1574  3559
  5634 2 2       1      1  1574  3558  3559
  5635 2 2       1      1  1574   678  3558
  5636 2 2       1      1  3559  3558  1182
  5637 2 2       1      1   678  3560  3558
  5638 2 2       1      1  3560  3561  3558
  5639 2 2       1      1  3560   651  3561
  5640 2 2       1      1  3558  3561  1182
  5641 2 2       1      1   678  1579  3560
  5642 2 2       1      1  1579  1484  3560
  5643 2 2       1      1  1579   443  1484
  5644 2 2       1      1  3560  1484   651
  5645 2 2       1      1  1182  3561  3562
  5646 2 2       1      1  3561  1489  3562
  5647 2 2       1      1  3561   651  1489
  5648 2 2       1      1  3562  1489   598
  5649 2 2       1      1   412  1581  3564
  5650 2 2       1      1  1581  3563  3564
  5651 2 2       1      1  1581   680  3563
  5652 2 2       1      1  3564  3563  1183
  5653 2 2       1      1   680  3565  3563
  5654 2 2       1      1  3565  3566  3563
  5655 2 2       1      1  3565   653  3566
  5656 2 2       1      1  3563  3566  1183
  5657 2 2       1      1   680  1586  3565
  5658 2 2       1      1  1586  1491  3565
  5659 2 2       1      1  1586   462  1491
  5660 2 2       1      1  3565  1491   653
  5661 2 2       1      1  1183  3566  3567
  5662 2 2       1      1  3566  1496  3567
  5663 2 2       1      1  3566   653  1496
  5664 2 2       1      1  3567  1496   599
  5665 2 2       1      1   450  1943  3454
  5666 2 2       1      1  1943  3568  3454
  5667 2 2       1      1  1943   774  3568
  5668 2 2       1      1  3454  3568  1154
  5669 2 2       1      1   774  3569  3568
  5670 2 2       1      1  3569  3570  3568
  5671 2 2       1      1  3569  1160  3570
  5672 2 2       1      1  3568  3570  1154
  5673 2 2       1      1   774  1942  3569
  5674 2 2       1      1  1942  3471  3569
  5675 2 2       1      1  1942   447  3471
  5676 2 2       1      1  3569  3471  1160
  5677 2 2       1      1  1154  3570  3455
  5678 2 2       1      1  3570  3476  3455
  5679 2 2       1      1  3570  1160  3476
  5680 2 2       1      1  3455  3476   556
  5681 2 2       1      1    19  1880  3460
  5682 2 2       1      1  1880  3571  3460
  5683 2 2       1      1  1880   761  3571
  5684 2 2       1      1  3460  3571  1155
  5685 2 2       1      1   761  3572  3571
  5686 2 2       1      1  3572  3573  3571
  5687 2 2       1      1  3572  1152  3573
  5688 2 2       1      1  3571  3573  1155
  5689 2 2       1      1   761  1883  3572
  5690 2 2       1      1  1883  3442  3572
  5691 2 2       1      1  1883   431  3442
  5692 2 2       1      1  3572  3442  1152
  5693 2 2       1      1  1155  3573  3461
  5694 2 2       1      1  3573  3445  3461
  5695 2 2       1      1  3573  1152  3445
  5696 2 2       1      1  3461  3445   557
  5697 2 2       1      1   216  1890  3467
  5698 2 2       1      1  1890  3574  3467
  5699 2 2       1      1  1890   763  3574
  5700 2 2       1      1  3467  3574  1157
  5701 2 2       1      1   763  3575  3574
  5702 2 2       1      1  3575  3576  3574
  5703 2 2       1      1  3575  1153  3576
  5704 2 2       1      1  3574  3576  1157
  5705 2 2       1      1   763  1893  3575
  5706 2 2       1      1  1893  3447  3575
  5707 2 2       1      1  1893   411  3447
  5708 2 2       1      1  3575  3447  1153
  5709 2 2       1      1  1157  3576  3468
  5710 2 2       1      1  3576  3450  3468
  5711 2 2       1      1  3576  1153  3450
  5712 2 2       1      1  3468  3450   558
  5713 2 2       1      1   196  2912  3481
  5714 2 2       1      1  2912  3577  3481
  5715 2 2       1      1  2912  1038  3577
  5716 2 2       1      1  3481  3577  1161
  5717 2 2       1      1  1038  3578  3577
  5718 2 2       1      1  3578  3579  3577
  5719 2 2       1      1  3578   613  3579
  5720 2 2       1      1  3577  3579  1161
  5721 2 2       1      1  1038  2917  3578
  5722 2 2       1      1  2917  1362  3578
  5723 2 2       1      1  2917   414  1362
  5724 2 2       1      1  3578  1362   613
  5725 2 2       1      1  1161  3579  3482
  5726 2 2       1      1  3579  1368  3482
  5727 2 2       1      1  3579   613  1368
  5728 2 2       1      1  3482  1368   559
  5729 2 2       1      1   361  3379  3488
  5730 2 2       1      1  3379  3580  3488
  5731 2 2       1      1  3379  1138  3580
  5732 2 2       1      1  3488  3580  1163
  5733 2 2       1      1  1138  3581  3580
  5734 2 2       1      1  3581  3582  3580
  5735 2 2       1      1  3581   616  3582
  5736 2 2       1      1  3580  3582  1163
  5737 2 2       1      1  1138  3384  3581
  5738 2 2       1      1  3384  1371  3581
  5739 2 2       1      1  3384   432  1371
  5740 2 2       1      1  3581  1371   616
  5741 2 2       1      1  1163  3582  3489
  5742 2 2       1      1  3582  1377  3489
  5743 2 2       1      1  3582   616  1377
  5744 2 2       1      1  3489  1377   560
  5745 2 2       1      1   396  1533  3584
  5746 2 2       1      1  1533  3583  3584
  5747 2 2       1      1  1533   665  3583
  5748 2 2       1      1  3584  3583  1185
  5749 2 2       1      1   665  3585  3583
  5750 2 2       1      1  3585  3586  3583
  5751 2 2       1      1  3585  1184  3586
  5752 2 2       1      1  3583  3586  1185
  5753 2 2       1      1   665  1538  3585
  5754 2 2       1      1  1538  3587  3585
  5755 2 2       1      1  1538   445  3587
  5756 2 2       1      1  3585  3587  1184
  5757 2 2       1      1  1185  3586  3589
  5758 2 2       1      1  3586  3588  3589
  5759 2 2       1      1  3586  1184  3588
  5760 2 2       1      1  3589  3588   591
  5761 2 2       1      1   545  3364  1657
  5762 2 2       1      1  3364  3590  1657
  5763 2 2       1      1  3364  1132  3590
  5764 2 2       1      1  1657  3590   701
  5765 2 2       1      1  1132  3591  3590
  5766 2 2       1      1  3591  3592  3590
  5767 2 2       1      1  3591  1186  3592
  5768 2 2       1      1  3590  3592   701
  5769 2 2       1      1  1132  3363  3591
  5770 2 2       1      1  3363  3593  3591
  5771 2 2       1      1  3363   544  3593
  5772 2 2       1      1  3591  3593  1186
  5773 2 2       1      1   701  3592  1658
  5774 2 2       1      1  3592  3594  1658
  5775 2 2       1      1  3592  1186  3594
  5776 2 2       1      1  1658  3594   592
  5777 2 2       1      1   395  3174  1799
  5778 2 2       1      1  3174  3595  1799
  5779 2 2       1      1  3174  1091  3595
  5780 2 2       1      1  1799  3595   739
  5781 2 2       1      1  1091  3596  3595
  5782 2 2       1      1  3596  3597  3595
  5783 2 2       1      1  3596  1187  3597
  5784 2 2       1      1  3595  3597   739
  5785 2 2       1      1  1091  3173  3596
  5786 2 2       1      1  3173  3598  3596
  5787 2 2       1      1  3173   354  3598
  5788 2 2       1      1  3596  3598  1187
  5789 2 2       1      1   739  3597  1800
  5790 2 2       1      1  3597  3599  1800
  5791 2 2       1      1  3597  1187  3599
  5792 2 2       1      1  1800  3599   593
  5793 2 2       1      1   412  2761  1804
  5794 2 2       1      1  2761  3600  1804
  5795 2 2       1      1  2761   997  3600
  5796 2 2       1      1  1804  3600   740
  5797 2 2       1      1   997  3601  3600
  5798 2 2       1      1  3601  3602  3600
  5799 2 2       1      1  3601  1188  3602
  5800 2 2       1      1  3600  3602   740
  5801 2 2       1      1   997  2760  3601
  5802 2 2       1      1  2760  3603  3601
  5803 2 2       1      1  2760   157  3603
  5804 2 2       1      1  3601  3603  1188
  5805 2 2       1      1   740  3602  1805
  5806 2 2       1      1  3602  3604  1805
  5807 2 2       1      1  3602  1188  3604
  5808 2 2       1      1  1805  3604   594
  5809 2 2       1      1   438  1846  3606
  5810 2 2       1      1  1846  3605  3606
  5811 2 2       1      1  1846   751  3605
  5812 2 2       1      1  3606  3605  1189
  5813 2 2       1      1   751  3607  3605
  5814 2 2       1      1  3607  3608  3605
  5815 2 2       1      1  3607   624  3608
  5816 2 2       1      1  3605  3608  1189
  5817 2 2       1      1   751  1845  3607
  5818 2 2       1      1  1845  1397  3607
  5819 2 2       1      1  1845   436  1397
  5820 2 2       1      1  3607  1397   624
  5821 2 2       1      1  1189  3608  3609
  5822 2 2       1      1  3608  1402  3609
  5823 2 2       1      1  3608   624  1402
  5824 2 2       1      1  3609  1402   595
  5825 2 2       1      1   457  1853  3611
  5826 2 2       1      1  1853  3610  3611
  5827 2 2       1      1  1853   753  3610
  5828 2 2       1      1  3611  3610  1190
  5829 2 2       1      1   753  3612  3610
  5830 2 2       1      1  3612  3613  3610
  5831 2 2       1      1  3612   626  3613
  5832 2 2       1      1  3610  3613  1190
  5833 2 2       1      1   753  1852  3612
  5834 2 2       1      1  1852  1404  3612
  5835 2 2       1      1  1852   455  1404
  5836 2 2       1      1  3612  1404   626
  5837 2 2       1      1  1190  3613  3614
  5838 2 2       1      1  3613  1409  3614
  5839 2 2       1      1  3613   626  1409
  5840 2 2       1      1  3614  1409   596
  5841 2 2       1      1   353  3386  3616
  5842 2 2       1      1  3386  3615  3616
  5843 2 2       1      1  3386  1140  3615
  5844 2 2       1      1  3616  3615  1191
  5845 2 2       1      1  1140  3617  3615
  5846 2 2       1      1  3617  3618  3615
  5847 2 2       1      1  3617   658  3618
  5848 2 2       1      1  3615  3618  1191
  5849 2 2       1      1  1140  3391  3617
  5850 2 2       1      1  3391  1507  3617
  5851 2 2       1      1  3391   433  1507
  5852 2 2       1      1  3617  1507   658
  5853 2 2       1      1  1191  3618  3619
  5854 2 2       1      1  3618  1512  3619
  5855 2 2       1      1  3618   658  1512
  5856 2 2       1      1  3619  1512   593
  5857 2 2       1      1   156  3393  3621
  5858 2 2       1      1  3393  3620  3621
  5859 2 2       1      1  3393  1142  3620
  5860 2 2       1      1  3621  3620  1192
  5861 2 2       1      1  1142  3622  3620
  5862 2 2       1      1  3622  3623  3620
  5863 2 2       1      1  3622   660  3623
  5864 2 2       1      1  3620  3623  1192
  5865 2 2       1      1  1142  3398  3622
  5866 2 2       1      1  3398  1514  3622
  5867 2 2       1      1  3398   434  1514
  5868 2 2       1      1  3622  1514   660
  5869 2 2       1      1  1192  3623  3624
  5870 2 2       1      1  3623  1519  3624
  5871 2 2       1      1  3623   660  1519
  5872 2 2       1      1  3624  1519   594
  5873 2 2       1      1   532  3345  1674
  5874 2 2       1      1  3345  3625  1674
  5875 2 2       1      1  3345  1127  3625
  5876 2 2       1      1  1674  3625   706
  5877 2 2       1      1  1127  3626  3625
  5878 2 2       1      1  3626  3627  3625
  5879 2 2       1      1  3626  1193  3627
  5880 2 2       1      1  3625  3627   706
  5881 2 2       1      1  1127  3344  3626
  5882 2 2       1      1  3344  3628  3626
  5883 2 2       1      1  3344   425  3628
  5884 2 2       1      1  3626  3628  1193
  5885 2 2       1      1   706  3627  1675
  5886 2 2       1      1  3627  3629  1675
  5887 2 2       1      1  3627  1193  3629
  5888 2 2       1      1  1675  3629   603
  5889 2 2       1      1   407  3420  3631
  5890 2 2       1      1  3420  3630  3631
  5891 2 2       1      1  3420  1147  3630
  5892 2 2       1      1  3631  3630  1194
  5893 2 2       1      1  1147  3632  3630
  5894 2 2       1      1  3632  3633  3630
  5895 2 2       1      1  3632   696  3633
  5896 2 2       1      1  3630  3633  1194
  5897 2 2       1      1  1147  3423  3632
  5898 2 2       1      1  3423  1634  3632
  5899 2 2       1      1  3423   555  1634
  5900 2 2       1      1  3632  1634   696
  5901 2 2       1      1  1194  3633  3634
  5902 2 2       1      1  3633  1639  3634
  5903 2 2       1      1  3633   696  1639
  5904 2 2       1      1  3634  1639   592
  5905 2 2       1      1   396  3167  1487
  5906 2 2       1      1  3167  3635  1487
  5907 2 2       1      1  3167  1089  3635
  5908 2 2       1      1  1487  3635   650
  5909 2 2       1      1  1089  3636  3635
  5910 2 2       1      1  3636  3637  3635
  5911 2 2       1      1  3636  1195  3637
  5912 2 2       1      1  3635  3637   650
  5913 2 2       1      1  1089  3166  3636
  5914 2 2       1      1  3166  3638  3636
  5915 2 2       1      1  3166   356  3638
  5916 2 2       1      1  3636  3638  1195
  5917 2 2       1      1   650  3637  1488
  5918 2 2       1      1  3637  3639  1488
  5919 2 2       1      1  3637  1195  3639
  5920 2 2       1      1  1488  3639   598
  5921 2 2       1      1   355  3170  3641
  5922 2 2       1      1  3170  3640  3641
  5923 2 2       1      1  3170  1092  3640
  5924 2 2       1      1  3641  3640  1196
  5925 2 2       1      1  1092  3642  3640
  5926 2 2       1      1  3642  3643  3640
  5927 2 2       1      1  3642  1182  3643
  5928 2 2       1      1  3640  3643  1196
  5929 2 2       1      1  1092  3175  3642
  5930 2 2       1      1  3175  3559  3642
  5931 2 2       1      1  3175   395  3559
  5932 2 2       1      1  3642  3559  1182
  5933 2 2       1      1  1196  3643  3644
  5934 2 2       1      1  3643  3562  3644
  5935 2 2       1      1  3643  1182  3562
  5936 2 2       1      1  3644  3562   598
  5937 2 2       1      1   426  2713  1494
  5938 2 2       1      1  2713  3645  1494
  5939 2 2       1      1  2713   982  3645
  5940 2 2       1      1  1494  3645   652
  5941 2 2       1      1   982  3646  3645
  5942 2 2       1      1  3646  3647  3645
  5943 2 2       1      1  3646  1197  3647
  5944 2 2       1      1  3645  3647   652
  5945 2 2       1      1   982  2712  3646
  5946 2 2       1      1  2712  3648  3646
  5947 2 2       1      1  2712   159  3648
  5948 2 2       1      1  3646  3648  1197
  5949 2 2       1      1   652  3647  1495
  5950 2 2       1      1  3647  3649  1495
  5951 2 2       1      1  3647  1197  3649
  5952 2 2       1      1  1495  3649   599
  5953 2 2       1      1   158  2757  3651
  5954 2 2       1      1  2757  3650  3651
  5955 2 2       1      1  2757   998  3650
  5956 2 2       1      1  3651  3650  1198
  5957 2 2       1      1   998  3652  3650
  5958 2 2       1      1  3652  3653  3650
  5959 2 2       1      1  3652  1183  3653
  5960 2 2       1      1  3650  3653  1198
  5961 2 2       1      1   998  2762  3652
  5962 2 2       1      1  2762  3564  3652
  5963 2 2       1      1  2762   412  3564
  5964 2 2       1      1  3652  3564  1183
  5965 2 2       1      1  1198  3653  3654
  5966 2 2       1      1  3653  3567  3654
  5967 2 2       1      1  3653  1183  3567
  5968 2 2       1      1  3654  3567   599
  5969 2 2       1      1   551  3232  1748
  5970 2 2       1      1  3232  3655  1748
  5971 2 2       1      1  3232  1102  3655
  5972 2 2       1      1  1748  3655   725
  5973 2 2       1      1  1102  3656  3655
  5974 2 2       1      1  3656  3657  3655
  5975 2 2       1      1  3656  1199  3657
  5976 2 2       1      1  3655  3657   725
  5977 2 2       1      1  1102  3231  3656
  5978 2 2       1      1  3231  3658  3656
  5979 2 2       1      1  3231   415  3658
  5980 2 2       1      1  3656  3658  1199
  5981 2 2       1      1   725  3657  1749
  5982 2 2       1      1  3657  3659  1749
  5983 2 2       1      1  3657  1199  3659
  5984 2 2       1      1  1749  3659   601
  5985 2 2       1      1    17     3  3661
  5986 2 2       1      1     3  3660  3661
  5987 2 2       1      1     3     1  3660
  5988 2 2       1      1  3661  3660  1201
  5989 2 2       1      1     1  3662  3660
  5990 2 2       1      1  3662  3663  3660
  5991 2 2       1      1  3662  1200  3663
  5992 2 2       1      1  3660  3663  1201
  5993 2 2       1      1     1     2  3662
  5994 2 2       1      1     2  3664  3662
  5995 2 2       1      1     2    21  3664
  5996 2 2       1      1  3662  3664  1200
  5997 2 2       1      1  1201  3663  3666
  5998 2 2       1      1  3663  3665  3666
  5999 2 2       1      1  3663  1200  3665
  6000 2 2       1      1  3666  3665   607
  6001 2 2       1      1   524  3377  1755
  6002 2 2       1      1  3377  3667  1755
  6003 2 2       1      1  3377  1136  3667
  6004 2 2       1      1  1755  3667   727
  6005 2 2       1      1  1136  3668  3667
  6006 2 2       1      1  3668  3669  3667
  6007 2 2       1      1  3668  1202  3669
  6008 2 2       1      1  3667  3669   727
  6009 2 2       1      1  1136  3376  3668
  6010 2 2       1      1  3376  3670  3668
  6011 2 2       1      1  3376   408  3670
  6012 2 2       1      1  3668  3670  1202
  6013 2 2       1      1   727  3669  1756
  6014 2 2       1      1  3669  3671  1756
  6015 2 2       1      1  3669  1202  3671
  6016 2 2       1      1  1756  3671   602
  6017 2 2       1      1   214   200  3673
  6018 2 2       1      1   200  3672  3673
  6019 2 2       1      1   200   209  3672
  6020 2 2       1      1  3673  3672  1204
  6021 2 2       1      1   209  3674  3672
  6022 2 2       1      1  3674  3675  3672
  6023 2 2       1      1  3674  1203  3675
  6024 2 2       1      1  3672  3675  1204
  6025 2 2       1      1   209   199  3674
  6026 2 2       1      1   199  3676  3674
  6027 2 2       1      1   199   208  3676
  6028 2 2       1      1  3674  3676  1203
  6029 2 2       1      1  1204  3675  3678
  6030 2 2       1      1  3675  3677  3678
  6031 2 2       1      1  3675  1203  3677
  6032 2 2       1      1  3678  3677   608
  6033 2 2       1      1    21    99  3664
  6034 2 2       1      1    99  3679  3664
  6035 2 2       1      1    99   110  3679
  6036 2 2       1      1  3664  3679  1200
  6037 2 2       1      1   110  3680  3679
  6038 2 2       1      1  3680  3681  3679
  6039 2 2       1      1  3680  1205  3681
  6040 2 2       1      1  3679  3681  1200
  6041 2 2       1      1   110    45  3680
  6042 2 2       1      1    45  3682  3680
  6043 2 2       1      1    45   197  3682
  6044 2 2       1      1  3680  3682  1205
  6045 2 2       1      1  1200  3681  3665
  6046 2 2       1      1  3681  3683  3665
  6047 2 2       1      1  3681  1205  3683
  6048 2 2       1      1  3665  3683   607
  6049 2 2       1      1   208   295  3676
  6050 2 2       1      1   295  3684  3676
  6051 2 2       1      1   295   306  3684
  6052 2 2       1      1  3676  3684  1203
  6053 2 2       1      1   306  3685  3684
  6054 2 2       1      1  3685  3686  3684
  6055 2 2       1      1  3685  1206  3686
  6056 2 2       1      1  3684  3686  1203
  6057 2 2       1      1   306   241  3685
  6058 2 2       1      1   241  3687  3685
  6059 2 2       1      1   241   362  3687
  6060 2 2       1      1  3685  3687  1206
  6061 2 2       1      1  1203  3686  3677
  6062 2 2       1      1  3686  3688  3677
  6063 2 2       1      1  3686  1206  3688
  6064 2 2       1      1  3677  3688   608
  6065 2 2       1      1   359   268  3690
  6066 2 2       1      1   268  3689  3690
  6067 2 2       1      1   268   314  3689
  6068 2 2       1      1  3690  3689  1207
  6069 2 2       1      1   314  3691  3689
  6070 2 2       1      1  3691  3692  3689
  6071 2 2       1      1  3691   656  3692
  6072 2 2       1      1  3689  3692  1207
  6073 2 2       1      1   314   269  3691
  6074 2 2       1      1   269  1499  3691
  6075 2 2       1      1   269   358  1499
  6076 2 2       1      1  3691  1499   656
  6077 2 2       1      1  1207  3692  3693
  6078 2 2       1      1  3692  1505  3693
  6079 2 2       1      1  3692   656  1505
  6080 2 2       1      1  3693  1505   604
  6081 2 2       1      1   561  1763  3695
  6082 2 2       1      1  1763  3694  3695
  6083 2 2       1      1  1763   729  3694
  6084 2 2       1      1  3695  3694  1208
  6085 2 2       1      1   729  3696  3694
  6086 2 2       1      1  3696  3697  3694
  6087 2 2       1      1  3696  1174  3697
  6088 2 2       1      1  3694  3697  1208
  6089 2 2       1      1   729  1758  3696
  6090 2 2       1      1  1758  3526  3696
  6091 2 2       1      1  1758   481  3526
  6092 2 2       1      1  3696  3526  1174
  6093 2 2       1      1  1208  3697  3698
  6094 2 2       1      1  3697  3531  3698
  6095 2 2       1      1  3697  1174  3531
  6096 2 2       1      1  3698  3531   588
  6097 2 2       1      1   481  1760  3536
  6098 2 2       1      1  1760  3699  3536
  6099 2 2       1      1  1760   730  3699
  6100 2 2       1      1  3536  3699  1175
  6101 2 2       1      1   730  3700  3699
  6102 2 2       1      1  3700  3701  3699
  6103 2 2       1      1  3700  1209  3701
  6104 2 2       1      1  3699  3701  1175
  6105 2 2       1      1   730  1764  3700
  6106 2 2       1      1  1764  3702  3700
  6107 2 2       1      1  1764   562  3702
  6108 2 2       1      1  3700  3702  1209
  6109 2 2       1      1  1175  3701  3537
  6110 2 2       1      1  3701  3703  3537
  6111 2 2       1      1  3701  1209  3703
  6112 2 2       1      1  3537  3703   587
  6113 2 2       1      1   518  3495  3543
  6114 2 2       1      1  3495  3704  3543
  6115 2 2       1      1  3495  1165  3704
  6116 2 2       1      1  3543  3704  1177
  6117 2 2       1      1  1165  3705  3704
  6118 2 2       1      1  3705  3706  3704
  6119 2 2       1      1  3705  1210  3706
  6120 2 2       1      1  3704  3706  1177
  6121 2 2       1      1  1165  3491  3705
  6122 2 2       1      1  3491  3707  3705
  6123 2 2       1      1  3491   563  3707
  6124 2 2       1      1  3705  3707  1210
  6125 2 2       1      1  1177  3706  3544
  6126 2 2       1      1  3706  3708  3544
  6127 2 2       1      1  3706  1210  3708
  6128 2 2       1      1  3544  3708   589
  6129 2 2       1      1   418  2922  3710
  6130 2 2       1      1  2922  3709  3710
  6131 2 2       1      1  2922  1039  3709
  6132 2 2       1      1  3710  3709  1211
  6133 2 2       1      1  1039  3711  3709
  6134 2 2       1      1  3711  3712  3709
  6135 2 2       1      1  3711  1169  3712
  6136 2 2       1      1  3709  3712  1211
  6137 2 2       1      1  1039  2921  3711
  6138 2 2       1      1  2921  3506  3711
  6139 2 2       1      1  2921   182  3506
  6140 2 2       1      1  3711  3506  1169
  6141 2 2       1      1  1211  3712  3713
  6142 2 2       1      1  3712  3509  3713
  6143 2 2       1      1  3712  1169  3509
  6144 2 2       1      1  3713  3509   561
  6145 2 2       1      1   180  2924  3513
  6146 2 2       1      1  2924  3714  3513
  6147 2 2       1      1  2924  1041  3714
  6148 2 2       1      1  3513  3714  1170
  6149 2 2       1      1  1041  3715  3714
  6150 2 2       1      1  3715  3716  3714
  6151 2 2       1      1  3715  1212  3716
  6152 2 2       1      1  3714  3716  1170
  6153 2 2       1      1  1041  2929  3715
  6154 2 2       1      1  2929  3717  3715
  6155 2 2       1      1  2929   394  3717
  6156 2 2       1      1  3715  3717  1212
  6157 2 2       1      1  1170  3716  3514
  6158 2 2       1      1  3716  3718  3514
  6159 2 2       1      1  3716  1212  3718
  6160 2 2       1      1  3514  3718   562
  6161 2 2       1      1   531  3341  3518
  6162 2 2       1      1  3341  3719  3518
  6163 2 2       1      1  3341  1128  3719
  6164 2 2       1      1  3518  3719  1171
  6165 2 2       1      1  1128  3720  3719
  6166 2 2       1      1  3720  3721  3719
  6167 2 2       1      1  3720  1213  3721
  6168 2 2       1      1  3719  3721  1171
  6169 2 2       1      1  1128  3346  3720
  6170 2 2       1      1  3346  3722  3720
  6171 2 2       1      1  3346   532  3722
  6172 2 2       1      1  3720  3722  1213
  6173 2 2       1      1  1171  3721  3519
  6174 2 2       1      1  3721  3723  3519
  6175 2 2       1      1  3721  1213  3723
  6176 2 2       1      1  3519  3723   563
  6177 2 2       1      1   493  3305  3725
  6178 2 2       1      1  3305  3724  3725
  6179 2 2       1      1  3305  1118  3724
  6180 2 2       1      1  3725  3724  1214
  6181 2 2       1      1  1118  3726  3724
  6182 2 2       1      1  3726  3727  3724
  6183 2 2       1      1  3726  1168  3727
  6184 2 2       1      1  3724  3727  1214
  6185 2 2       1      1  1118  3308  3726
  6186 2 2       1      1  3308  3499  3726
  6187 2 2       1      1  3308   494  3499
  6188 2 2       1      1  3726  3499  1168
  6189 2 2       1      1  1214  3727  3728
  6190 2 2       1      1  3727  3504  3728
  6191 2 2       1      1  3727  1168  3504
  6192 2 2       1      1  3728  3504   564
  6193 2 2       1      1   358   270  1497
  6194 2 2       1      1   270  3729  1497
  6195 2 2       1      1   270   313  3729
  6196 2 2       1      1  1497  3729   654
  6197 2 2       1      1   313  3730  3729
  6198 2 2       1      1  3730  3731  3729
  6199 2 2       1      1  3730  1215  3731
  6200 2 2       1      1  3729  3731   654
  6201 2 2       1      1   313   271  3730
  6202 2 2       1      1   271  3732  3730
  6203 2 2       1      1   271   357  3732
  6204 2 2       1      1  3730  3732  1215
  6205 2 2       1      1   654  3731  1502
  6206 2 2       1      1  3731  3733  1502
  6207 2 2       1      1  3731  1215  3733
  6208 2 2       1      1  1502  3733   591
  6209 2 2       1      1   189  2948  3735
  6210 2 2       1      1  2948  3734  3735
  6211 2 2       1      1  2948  1047  3734
  6212 2 2       1      1  3735  3734  1216
  6213 2 2       1      1  1047  3736  3734
  6214 2 2       1      1  3736  3737  3734
  6215 2 2       1      1  3736   716  3737
  6216 2 2       1      1  3734  3737  1216
  6217 2 2       1      1  1047  2953  3736
  6218 2 2       1      1  2953  1700  3736
  6219 2 2       1      1  2953   416  1700
  6220 2 2       1      1  3736  1700   716
  6221 2 2       1      1  1216  3737  3738
  6222 2 2       1      1  3737  1706  3738
  6223 2 2       1      1  3737   716  1706
  6224 2 2       1      1  3738  1706   606
  6225 2 2       1      1   555  3414  3740
  6226 2 2       1      1  3414  3739  3740
  6227 2 2       1      1  3414  1145  3739
  6228 2 2       1      1  3740  3739  1218
  6229 2 2       1      1  1145  3741  3739
  6230 2 2       1      1  3741  3742  3739
  6231 2 2       1      1  3741  1217  3742
  6232 2 2       1      1  3739  3742  1218
  6233 2 2       1      1  1145  3413  3741
  6234 2 2       1      1  3413  3743  3741
  6235 2 2       1      1  3413   542  3743
  6236 2 2       1      1  3741  3743  1217
  6237 2 2       1      1  1218  3742  3745
  6238 2 2       1      1  3742  3744  3745
  6239 2 2       1      1  3742  1217  3744
  6240 2 2       1      1  3745  3744   605
  6241 2 2       1      1   565  3746  3748
  6242 2 2       1      1  3746  3747  3748
  6243 2 2       1      1  3746  1219  3747
  6244 2 2       1      1  3748  3747  1221
  6245 2 2       1      1  1219  3749  3747
  6246 2 2       1      1  3749  3750  3747
  6247 2 2       1      1  3749  1220  3750
  6248 2 2       1      1  3747  3750  1221
  6249 2 2       1      1  1219  3751  3749
  6250 2 2       1      1  3751  3752  3749
  6251 2 2       1      1  3751   418  3752
  6252 2 2       1      1  3749  3752  1220
  6253 2 2       1      1  1221  3750  3754
  6254 2 2       1      1  3750  3753  3754
  6255 2 2       1      1  3750  1220  3753
  6256 2 2       1      1  3754  3753   588
  6257 2 2       1      1   394  3755  3757
  6258 2 2       1      1  3755  3756  3757
  6259 2 2       1      1  3755  1222  3756
  6260 2 2       1      1  3757  3756  1224
  6261 2 2       1      1  1222  3758  3756
  6262 2 2       1      1  3758  3759  3756
  6263 2 2       1      1  3758  1223  3759
  6264 2 2       1      1  3756  3759  1224
  6265 2 2       1      1  1222  3760  3758
  6266 2 2       1      1  3760  3761  3758
  6267 2 2       1      1  3760   569  3761
  6268 2 2       1      1  3758  3761  1223
  6269 2 2       1      1  1224  3759  3763
  6270 2 2       1      1  3759  3762  3763
  6271 2 2       1      1  3759  1223  3762
  6272 2 2       1      1  3763  3762   587
  6273 2 2       1      1   570  3764  3766
  6274 2 2       1      1  3764  3765  3766
  6275 2 2       1      1  3764  1225  3765
  6276 2 2       1      1  3766  3765  1227
  6277 2 2       1      1  1225  3767  3765
  6278 2 2       1      1  3767  3768  3765
  6279 2 2       1      1  3767  1226  3768
  6280 2 2       1      1  3765  3768  1227
  6281 2 2       1      1  1225  3769  3767
  6282 2 2       1      1  3769  3770  3767
  6283 2 2       1      1  3769   493  3770
  6284 2 2       1      1  3767  3770  1226
  6285 2 2       1      1  1227  3768  3772
  6286 2 2       1      1  3768  3771  3772
  6287 2 2       1      1  3768  1226  3771
  6288 2 2       1      1  3772  3771   586
  6289 2 2       1      1   470  3773  3775
  6290 2 2       1      1  3773  3774  3775
  6291 2 2       1      1  3773  1228  3774
  6292 2 2       1      1  3775  3774  1230
  6293 2 2       1      1  1228  3776  3774
  6294 2 2       1      1  3776  3777  3774
  6295 2 2       1      1  3776  1229  3777
  6296 2 2       1      1  3774  3777  1230
  6297 2 2       1      1  1228  3778  3776
  6298 2 2       1      1  3778  3779  3776
  6299 2 2       1      1  3778   583  3779
  6300 2 2       1      1  3776  3779  1229
  6301 2 2       1      1  1230  3777  3781
  6302 2 2       1      1  3777  3780  3781
  6303 2 2       1      1  3777  1229  3780
  6304 2 2       1      1  3781  3780   585
  6305 2 2       1      1   583  3782  3779
  6306 2 2       1      1  3782  3783  3779
  6307 2 2       1      1  3782  1231  3783
  6308 2 2       1      1  3779  3783  1229
  6309 2 2       1      1  1231  3784  3783
  6310 2 2       1      1  3784  3785  3783
  6311 2 2       1      1  3784  1232  3785
  6312 2 2       1      1  3783  3785  1229
  6313 2 2       1      1  1231  3786  3784
  6314 2 2       1      1  3786  3787  3784
  6315 2 2       1      1  3786   552  3787
  6316 2 2       1      1  3784  3787  1232
  6317 2 2       1      1  1229  3785  3780
  6318 2 2       1      1  3785  3788  3780
  6319 2 2       1      1  3785  1232  3788
  6320 2 2       1      1  3780  3788   585
  6321 2 2       1      1   472  2041  3790
  6322 2 2       1      1  2041  3789  3790
  6323 2 2       1      1  2041   802  3789
  6324 2 2       1      1  3790  3789  1234
  6325 2 2       1      1   802  3791  3789
  6326 2 2       1      1  3791  3792  3789
  6327 2 2       1      1  3791  1233  3792
  6328 2 2       1      1  3789  3792  1234
  6329 2 2       1      1   802  2036  3791
  6330 2 2       1      1  2036  3793  3791
  6331 2 2       1      1  2036   478  3793
  6332 2 2       1      1  3791  3793  1233
  6333 2 2       1      1  1234  3792  3795
  6334 2 2       1      1  3792  3794  3795
  6335 2 2       1      1  3792  1233  3794
  6336 2 2       1      1  3795  3794   580
  6337 2 2       1      1   430  2292  3797
  6338 2 2       1      1  2292  3796  3797
  6339 2 2       1      1  2292   877  3796
  6340 2 2       1      1  3797  3796  1236
  6341 2 2       1      1   877  3798  3796
  6342 2 2       1      1  3798  3799  3796
  6343 2 2       1      1  3798  1235  3799
  6344 2 2       1      1  3796  3799  1236
  6345 2 2       1      1   877  2298  3798
  6346 2 2       1      1  2298  3800  3798
  6347 2 2       1      1  2298   519  3800
  6348 2 2       1      1  3798  3800  1235
  6349 2 2       1      1  1236  3799  3802
  6350 2 2       1      1  3799  3801  3802
  6351 2 2       1      1  3799  1235  3801
  6352 2 2       1      1  3802  3801   584
  6353 2 2       1      1   470  2513  3773
  6354 2 2       1      1  2513  3803  3773
  6355 2 2       1      1  2513   931  3803
  6356 2 2       1      1  3773  3803  1228
  6357 2 2       1      1   931  3804  3803
  6358 2 2       1      1  3804  3805  3803
  6359 2 2       1      1  3804  1237  3805
  6360 2 2       1      1  3803  3805  1228
  6361 2 2       1      1   931  2517  3804
  6362 2 2       1      1  2517  3806  3804
  6363 2 2       1      1  2517   472  3806
  6364 2 2       1      1  3804  3806  1237
  6365 2 2       1      1  1228  3805  3778
  6366 2 2       1      1  3805  3807  3778
  6367 2 2       1      1  3805  1237  3807
  6368 2 2       1      1  3778  3807   583
  6369 2 2       1      1   508  3808  3810
  6370 2 2       1      1  3808  3809  3810
  6371 2 2       1      1  3808  1238  3809
  6372 2 2       1      1  3810  3809  1240
  6373 2 2       1      1  1238  3811  3809
  6374 2 2       1      1  3811  3812  3809
  6375 2 2       1      1  3811  1239  3812
  6376 2 2       1      1  3809  3812  1240
  6377 2 2       1      1  1238  3813  3811
  6378 2 2       1      1  3813  3814  3811
  6379 2 2       1      1  3813   573  3814
  6380 2 2       1      1  3811  3814  1239
  6381 2 2       1      1  1240  3812  3816
  6382 2 2       1      1  3812  3815  3816
  6383 2 2       1      1  3812  1239  3815
  6384 2 2       1      1  3816  3815   574
  6385 2 2       1      1   573  3817  3814
  6386 2 2       1      1  3817  3818  3814
  6387 2 2       1      1  3817  1241  3818
  6388 2 2       1      1  3814  3818  1239
  6389 2 2       1      1  1241  3819  3818
  6390 2 2       1      1  3819  3820  3818
  6391 2 2       1      1  3819  1242  3820
  6392 2 2       1      1  3818  3820  1239
  6393 2 2       1      1  1241  3821  3819
  6394 2 2       1      1  3821  3822  3819
  6395 2 2       1      1  3821   539  3822
  6396 2 2       1      1  3819  3822  1242
  6397 2 2       1      1  1239  3820  3815
  6398 2 2       1      1  3820  3823  3815
  6399 2 2       1      1  3820  1242  3823
  6400 2 2       1      1  3815  3823   574
  6401 2 2       1      1   478  2522  3825
  6402 2 2       1      1  2522  3824  3825
  6403 2 2       1      1  2522   932  3824
  6404 2 2       1      1  3825  3824  1244
  6405 2 2       1      1   932  3826  3824
  6406 2 2       1      1  3826  3827  3824
  6407 2 2       1      1  3826  1243  3827
  6408 2 2       1      1  3824  3827  1244
  6409 2 2       1      1   932  2521  3826
  6410 2 2       1      1  2521  3828  3826
  6411 2 2       1      1  2521   476  3828
  6412 2 2       1      1  3826  3828  1243
  6413 2 2       1      1  1244  3827  3830
  6414 2 2       1      1  3827  3829  3830
  6415 2 2       1      1  3827  1243  3829
  6416 2 2       1      1  3830  3829   569
  6417 2 2       1      1   565  3831  3833
  6418 2 2       1      1  3831  3832  3833
  6419 2 2       1      1  3831  1245  3832
  6420 2 2       1      1  3833  3832  1247
  6421 2 2       1      1  1245  3834  3832
  6422 2 2       1      1  3834  3835  3832
  6423 2 2       1      1  3834  1246  3835
  6424 2 2       1      1  3832  3835  1247
  6425 2 2       1      1  1245  3836  3834
  6426 2 2       1      1  3836  3837  3834
  6427 2 2       1      1  3836   485  3837
  6428 2 2       1      1  3834  3837  1246
  6429 2 2       1      1  1247  3835  3839
  6430 2 2       1      1  3835  3838  3839
  6431 2 2       1      1  3835  1246  3838
  6432 2 2       1      1  3839  3838   566
  6433 2 2       1      1   483  2572  3841
  6434 2 2       1      1  2572  3840  3841
  6435 2 2       1      1  2572   946  3840
  6436 2 2       1      1  3841  3840  1248
  6437 2 2       1      1   946  3842  3840
  6438 2 2       1      1  3842  3843  3840
  6439 2 2       1      1  3842  1245  3843
  6440 2 2       1      1  3840  3843  1248
  6441 2 2       1      1   946  2577  3842
  6442 2 2       1      1  2577  3836  3842
  6443 2 2       1      1  2577   485  3836
  6444 2 2       1      1  3842  3836  1245
  6445 2 2       1      1  1248  3843  3844
  6446 2 2       1      1  3843  3831  3844
  6447 2 2       1      1  3843  1245  3831
  6448 2 2       1      1  3844  3831   565
  6449 2 2       1      1   485  2704  3837
  6450 2 2       1      1  2704  3845  3837
  6451 2 2       1      1  2704   981  3845
  6452 2 2       1      1  3837  3845  1246
  6453 2 2       1      1   981  3846  3845
  6454 2 2       1      1  3846  3847  3845
  6455 2 2       1      1  3846  1249  3847
  6456 2 2       1      1  3845  3847  1246
  6457 2 2       1      1   981  2707  3846
  6458 2 2       1      1  2707  3848  3846
  6459 2 2       1      1  2707   487  3848
  6460 2 2       1      1  3846  3848  1249
  6461 2 2       1      1  1246  3847  3838
  6462 2 2       1      1  3847  3849  3838
  6463 2 2       1      1  3847  1249  3849
  6464 2 2       1      1  3838  3849   566
  6465 2 2       1      1   566  3849  3851
  6466 2 2       1      1  3849  3850  3851
  6467 2 2       1      1  3849  1249  3850
  6468 2 2       1      1  3851  3850  1251
  6469 2 2       1      1  1249  3852  3850
  6470 2 2       1      1  3852  3853  3850
  6471 2 2       1      1  3852  1250  3853
  6472 2 2       1      1  3850  3853  1251
  6473 2 2       1      1  1249  3848  3852
  6474 2 2       1      1  3848  3854  3852
  6475 2 2       1      1  3848   487  3854
  6476 2 2       1      1  3852  3854  1250
  6477 2 2       1      1  1251  3853  3856
  6478 2 2       1      1  3853  3855  3856
  6479 2 2       1      1  3853  1250  3855
  6480 2 2       1      1  3856  3855   567
  6481 2 2       1      1   487  3177  3854
  6482 2 2       1      1  3177  3857  3854
  6483 2 2       1      1  3177  1093  3857
  6484 2 2       1      1  3854  3857  1250
  6485 2 2       1      1  1093  3858  3857
  6486 2 2       1      1  3858  3859  3857
  6487 2 2       1      1  3858  1252  3859
  6488 2 2       1      1  3857  3859  1250
  6489 2 2       1      1  1093  3180  3858
  6490 2 2       1      1  3180  3860  3858
  6491 2 2       1      1  3180   489  3860
  6492 2 2       1      1  3858  3860  1252
  6493 2 2       1      1  1250  3859  3855
  6494 2 2       1      1  3859  3861  3855
  6495 2 2       1      1  3859  1252  3861
  6496 2 2       1      1  3855  3861   567
  6497 2 2       1      1   567  3861  3863
  6498 2 2       1      1  3861  3862  3863
  6499 2 2       1      1  3861  1252  3862
  6500 2 2       1      1  3863  3862  1254
  6501 2 2       1      1  1252  3864  3862
  6502 2 2       1      1  3864  3865  3862
  6503 2 2       1      1  3864  1253  3865
  6504 2 2       1      1  3862  3865  1254
  6505 2 2       1      1  1252  3860  3864
  6506 2 2       1      1  3860  3866  3864
  6507 2 2       1      1  3860   489  3866
  6508 2 2       1      1  3864  3866  1253
  6509 2 2       1      1  1254  3865  3868
  6510 2 2       1      1  3865  3867  3868
  6511 2 2       1      1  3865  1253  3867
  6512 2 2       1      1  3868  3867   568
  6513 2 2       1      1   504  2547  3870
  6514 2 2       1      1  2547  3869  3870
  6515 2 2       1      1  2547   938  3869
  6516 2 2       1      1  3870  3869  1256
  6517 2 2       1      1   938  3871  3869
  6518 2 2       1      1  3871  3872  3869
  6519 2 2       1      1  3871  1255  3872
  6520 2 2       1      1  3869  3872  1256
  6521 2 2       1      1   938  2546  3871
  6522 2 2       1      1  2546  3873  3871
  6523 2 2       1      1  2546   502  3873
  6524 2 2       1      1  3871  3873  1255
  6525 2 2       1      1  1256  3872  3875
  6526 2 2       1      1  3872  3874  3875
  6527 2 2       1      1  3872  1255  3874
  6528 2 2       1      1  3875  3874   571
  6529 2 2       1      1   489  3134  3866
  6530 2 2       1      1  3134  3876  3866
  6531 2 2       1      1  3134  1086  3876
  6532 2 2       1      1  3866  3876  1253
  6533 2 2       1      1  1086  3877  3876
  6534 2 2       1      1  3877  3878  3876
  6535 2 2       1      1  3877  1257  3878
  6536 2 2       1      1  3876  3878  1253
  6537 2 2       1      1  1086  3139  3877
  6538 2 2       1      1  3139  3879  3877
  6539 2 2       1      1  3139   491  3879
  6540 2 2       1      1  3877  3879  1257
  6541 2 2       1      1  1253  3878  3867
  6542 2 2       1      1  3878  3880  3867
  6543 2 2       1      1  3878  1257  3880
  6544 2 2       1      1  3867  3880   568
  6545 2 2       1      1   506  2599  3882
  6546 2 2       1      1  2599  3881  3882
  6547 2 2       1      1  2599   952  3881
  6548 2 2       1      1  3882  3881  1259
  6549 2 2       1      1   952  3883  3881
  6550 2 2       1      1  3883  3884  3881
  6551 2 2       1      1  3883  1258  3884
  6552 2 2       1      1  3881  3884  1259
  6553 2 2       1      1   952  2598  3883
  6554 2 2       1      1  2598  3885  3883
  6555 2 2       1      1  2598   504  3885
  6556 2 2       1      1  3883  3885  1258
  6557 2 2       1      1  1259  3884  3887
  6558 2 2       1      1  3884  3886  3887
  6559 2 2       1      1  3884  1258  3886
  6560 2 2       1      1  3887  3886   572
  6561 2 2       1      1   504  3870  3885
  6562 2 2       1      1  3870  3888  3885
  6563 2 2       1      1  3870  1256  3888
  6564 2 2       1      1  3885  3888  1258
  6565 2 2       1      1  1256  3889  3888
  6566 2 2       1      1  3889  3890  3888
  6567 2 2       1      1  3889  1260  3890
  6568 2 2       1      1  3888  3890  1258
  6569 2 2       1      1  1256  3875  3889
  6570 2 2       1      1  3875  3891  3889
  6571 2 2       1      1  3875   571  3891
  6572 2 2       1      1  3889  3891  1260
  6573 2 2       1      1  1258  3890  3886
  6574 2 2       1      1  3890  3892  3886
  6575 2 2       1      1  3890  1260  3892
  6576 2 2       1      1  3886  3892   572
  6577 2 2       1      1   506  3882  3894
  6578 2 2       1      1  3882  3893  3894
  6579 2 2       1      1  3882  1259  3893
  6580 2 2       1      1  3894  3893  1262
  6581 2 2       1      1  1259  3895  3893
  6582 2 2       1      1  3895  3896  3893
  6583 2 2       1      1  3895  1261  3896
  6584 2 2       1      1  3893  3896  1262
  6585 2 2       1      1  1259  3887  3895
  6586 2 2       1      1  3887  3897  3895
  6587 2 2       1      1  3887   572  3897
  6588 2 2       1      1  3895  3897  1261
  6589 2 2       1      1  1262  3896  3899
  6590 2 2       1      1  3896  3898  3899
  6591 2 2       1      1  3896  1261  3898
  6592 2 2       1      1  3899  3898   573
  6593 2 2       1      1   508  2685  3808
  6594 2 2       1      1  2685  3900  3808
  6595 2 2       1      1  2685   974  3900
  6596 2 2       1      1  3808  3900  1238
  6597 2 2       1      1   974  3901  3900
  6598 2 2       1      1  3901  3902  3900
  6599 2 2       1      1  3901  1262  3902
  6600 2 2       1      1  3900  3902  1238
  6601 2 2       1      1   974  2684  3901
  6602 2 2       1      1  2684  3894  3901
  6603 2 2       1      1  2684   506  3894
  6604 2 2       1      1  3901  3894  1262
  6605 2 2       1      1  1238  3902  3813
  6606 2 2       1      1  3902  3899  3813
  6607 2 2       1      1  3902  1262  3899
  6608 2 2       1      1  3813  3899   573
  6609 2 2       1      1   520  2289  3904
  6610 2 2       1      1  2289  3903  3904
  6611 2 2       1      1  2289   874  3903
  6612 2 2       1      1  3904  3903  1264
  6613 2 2       1      1   874  3905  3903
  6614 2 2       1      1  3905  3906  3903
  6615 2 2       1      1  3905  1263  3906
  6616 2 2       1      1  3903  3906  1264
  6617 2 2       1      1   874  2288  3905
  6618 2 2       1      1  2288  3907  3905
  6619 2 2       1      1  2288   420  3907
  6620 2 2       1      1  3905  3907  1263
  6621 2 2       1      1  1264  3906  3909
  6622 2 2       1      1  3906  3908  3909
  6623 2 2       1      1  3906  1263  3908
  6624 2 2       1      1  3909  3908   576
  6625 2 2       1      1   527  2729  3911
  6626 2 2       1      1  2729  3910  3911
  6627 2 2       1      1  2729   987  3910
  6628 2 2       1      1  3911  3910  1265
  6629 2 2       1      1   987  3912  3910
  6630 2 2       1      1  3912  3913  3910
  6631 2 2       1      1  3912  1219  3913
  6632 2 2       1      1  3910  3913  1265
  6633 2 2       1      1   987  2728  3912
  6634 2 2       1      1  2728  3751  3912
  6635 2 2       1      1  2728   418  3751
  6636 2 2       1      1  3912  3751  1219
  6637 2 2       1      1  1265  3913  3914
  6638 2 2       1      1  3913  3746  3914
  6639 2 2       1      1  3913  1219  3746
  6640 2 2       1      1  3914  3746   565
  6641 2 2       1      1   529  2832  3916
  6642 2 2       1      1  2832  3915  3916
  6643 2 2       1      1  2832  1016  3915
  6644 2 2       1      1  3916  3915  1267
  6645 2 2       1      1  1016  3917  3915
  6646 2 2       1      1  3917  3918  3915
  6647 2 2       1      1  3917  1266  3918
  6648 2 2       1      1  3915  3918  1267
  6649 2 2       1      1  1016  2831  3917
  6650 2 2       1      1  2831  3919  3917
  6651 2 2       1      1  2831   417  3919
  6652 2 2       1      1  3917  3919  1266
  6653 2 2       1      1  1267  3918  3921
  6654 2 2       1      1  3918  3920  3921
  6655 2 2       1      1  3918  1266  3920
  6656 2 2       1      1  3921  3920   570
  6657 2 2       1      1   527  3911  3923
  6658 2 2       1      1  3911  3922  3923
  6659 2 2       1      1  3911  1265  3922
  6660 2 2       1      1  3923  3922  1268
  6661 2 2       1      1  1265  3924  3922
  6662 2 2       1      1  3924  3925  3922
  6663 2 2       1      1  3924  1247  3925
  6664 2 2       1      1  3922  3925  1268
  6665 2 2       1      1  1265  3914  3924
  6666 2 2       1      1  3914  3833  3924
  6667 2 2       1      1  3914   565  3833
  6668 2 2       1      1  3924  3833  1247
  6669 2 2       1      1  1268  3925  3926
  6670 2 2       1      1  3925  3839  3926
  6671 2 2       1      1  3925  1247  3839
  6672 2 2       1      1  3926  3839   566
  6673 2 2       1      1   539  3117  3822
  6674 2 2       1      1  3117  3927  3822
  6675 2 2       1      1  3117  1081  3927
  6676 2 2       1      1  3822  3927  1242
  6677 2 2       1      1  1081  3928  3927
  6678 2 2       1      1  3928  3929  3927
  6679 2 2       1      1  3928  1269  3929
  6680 2 2       1      1  3927  3929  1242
  6681 2 2       1      1  1081  3116  3928
  6682 2 2       1      1  3116  3930  3928
  6683 2 2       1      1  3116   422  3930
  6684 2 2       1      1  3928  3930  1269
  6685 2 2       1      1  1242  3929  3823
  6686 2 2       1      1  3929  3931  3823
  6687 2 2       1      1  3929  1269  3931
  6688 2 2       1      1  3823  3931   574
  6689 2 2       1      1   574  3931  3933
  6690 2 2       1      1  3931  3932  3933
  6691 2 2       1      1  3931  1269  3932
  6692 2 2       1      1  3933  3932  1271
  6693 2 2       1      1  1269  3934  3932
  6694 2 2       1      1  3934  3935  3932
  6695 2 2       1      1  3934  1270  3935
  6696 2 2       1      1  3932  3935  1271
  6697 2 2       1      1  1269  3930  3934
  6698 2 2       1      1  3930  3936  3934
  6699 2 2       1      1  3930   422  3936
  6700 2 2       1      1  3934  3936  1270
  6701 2 2       1      1  1271  3935  3938
  6702 2 2       1      1  3935  3937  3938
  6703 2 2       1      1  3935  1270  3937
  6704 2 2       1      1  3938  3937   575
  6705 2 2       1      1   422  2698  3936
  6706 2 2       1      1  2698  3939  3936
  6707 2 2       1      1  2698   980  3939
  6708 2 2       1      1  3936  3939  1270
  6709 2 2       1      1   980  3940  3939
  6710 2 2       1      1  3940  3941  3939
  6711 2 2       1      1  3940  1272  3941
  6712 2 2       1      1  3939  3941  1270
  6713 2 2       1      1   980  2702  3940
  6714 2 2       1      1  2702  3942  3940
  6715 2 2       1      1  2702   530  3942
  6716 2 2       1      1  3940  3942  1272
  6717 2 2       1      1  1270  3941  3937
  6718 2 2       1      1  3941  3943  3937
  6719 2 2       1      1  3941  1272  3943
  6720 2 2       1      1  3937  3943   575
  6721 2 2       1      1   419  2770  3945
  6722 2 2       1      1  2770  3944  3945
  6723 2 2       1      1  2770  1002  3944
  6724 2 2       1      1  3945  3944  1273
  6725 2 2       1      1  1002  3946  3944
  6726 2 2       1      1  3946  3947  3944
  6727 2 2       1      1  3946  1268  3947
  6728 2 2       1      1  3944  3947  1273
  6729 2 2       1      1  1002  2776  3946
  6730 2 2       1      1  2776  3923  3946
  6731 2 2       1      1  2776   527  3923
  6732 2 2       1      1  3946  3923  1268
  6733 2 2       1      1  1273  3947  3948
  6734 2 2       1      1  3947  3926  3948
  6735 2 2       1      1  3947  1268  3926
  6736 2 2       1      1  3948  3926   566
  6737 2 2       1      1   575  3943  3950
  6738 2 2       1      1  3943  3949  3950
  6739 2 2       1      1  3943  1272  3949
  6740 2 2       1      1  3950  3949  1275
  6741 2 2       1      1  1272  3951  3949
  6742 2 2       1      1  3951  3952  3949
  6743 2 2       1      1  3951  1274  3952
  6744 2 2       1      1  3949  3952  1275
  6745 2 2       1      1  1272  3942  3951
  6746 2 2       1      1  3942  3953  3951
  6747 2 2       1      1  3942   530  3953
  6748 2 2       1      1  3951  3953  1274
  6749 2 2       1      1  1275  3952  3955
  6750 2 2       1      1  3952  3954  3955
  6751 2 2       1      1  3952  1274  3954
  6752 2 2       1      1  3955  3954   577
  6753 2 2       1      1   530  2647  3953
  6754 2 2       1      1  2647  3956  3953
  6755 2 2       1      1  2647   964  3956
  6756 2 2       1      1  3953  3956  1274
  6757 2 2       1      1   964  3957  3956
  6758 2 2       1      1  3957  3958  3956
  6759 2 2       1      1  3957  1276  3958
  6760 2 2       1      1  3956  3958  1274
  6761 2 2       1      1   964  2646  3957
  6762 2 2       1      1  2646  3959  3957
  6763 2 2       1      1  2646   423  3959
  6764 2 2       1      1  3957  3959  1276
  6765 2 2       1      1  1274  3958  3954
  6766 2 2       1      1  3958  3960  3954
  6767 2 2       1      1  3958  1276  3960
  6768 2 2       1      1  3954  3960   577
  6769 2 2       1      1   577  3960  3962
  6770 2 2       1      1  3960  3961  3962
  6771 2 2       1      1  3960  1276  3961
  6772 2 2       1      1  3962  3961  1278
  6773 2 2       1      1  1276  3963  3961
  6774 2 2       1      1  3963  3964  3961
  6775 2 2       1      1  3963  1277  3964
  6776 2 2       1      1  3961  3964  1278
  6777 2 2       1      1  1276  3959  3963
  6778 2 2       1      1  3959  3965  3963
  6779 2 2       1      1  3959   423  3965
  6780 2 2       1      1  3963  3965  1277
  6781 2 2       1      1  1278  3964  3967
  6782 2 2       1      1  3964  3966  3967
  6783 2 2       1      1  3964  1277  3966
  6784 2 2       1      1  3967  3966   578
  6785 2 2       1      1   419  3945  3969
  6786 2 2       1      1  3945  3968  3969
  6787 2 2       1      1  3945  1273  3968
  6788 2 2       1      1  3969  3968  1279
  6789 2 2       1      1  1273  3970  3968
  6790 2 2       1      1  3970  3971  3968
  6791 2 2       1      1  3970  1251  3971
  6792 2 2       1      1  3968  3971  1279
  6793 2 2       1      1  1273  3948  3970
  6794 2 2       1      1  3948  3851  3970
  6795 2 2       1      1  3948   566  3851
  6796 2 2       1      1  3970  3851  1251
  6797 2 2       1      1  1279  3971  3972
  6798 2 2       1      1  3971  3856  3972
  6799 2 2       1      1  3971  1251  3856
  6800 2 2       1      1  3972  3856   567
  6801 2 2       1      1   423  2813  3965
  6802 2 2       1      1  2813  3973  3965
  6803 2 2       1      1  2813  1013  3973
  6804 2 2       1      1  3965  3973  1277
  6805 2 2       1      1  1013  3974  3973
  6806 2 2       1      1  3974  3975  3973
  6807 2 2       1      1  3974  1280  3975
  6808 2 2       1      1  3973  3975  1277
  6809 2 2       1      1  1013  2819  3974
  6810 2 2       1      1  2819  3976  3974
  6811 2 2       1      1  2819   535  3976
  6812 2 2       1      1  3974  3976  1280
  6813 2 2       1      1  1277  3975  3966
  6814 2 2       1      1  3975  3977  3966
  6815 2 2       1      1  3975  1280  3977
  6816 2 2       1      1  3966  3977   578
  6817 2 2       1      1   537  3223  3979
  6818 2 2       1      1  3223  3978  3979
  6819 2 2       1      1  3223  1101  3978
  6820 2 2       1      1  3979  3978  1281
  6821 2 2       1      1  1101  3980  3978
  6822 2 2       1      1  3980  3981  3978
  6823 2 2       1      1  3980  1279  3981
  6824 2 2       1      1  3978  3981  1281
  6825 2 2       1      1  1101  3222  3980
  6826 2 2       1      1  3222  3969  3980
  6827 2 2       1      1  3222   419  3969
  6828 2 2       1      1  3980  3969  1279
  6829 2 2       1      1  1281  3981  3982
  6830 2 2       1      1  3981  3972  3982
  6831 2 2       1      1  3981  1279  3972
  6832 2 2       1      1  3982  3972   567
  6833 2 2       1      1   478  3825  3793
  6834 2 2       1      1  3825  3983  3793
  6835 2 2       1      1  3825  1244  3983
  6836 2 2       1      1  3793  3983  1233
  6837 2 2       1      1  1244  3984  3983
  6838 2 2       1      1  3984  3985  3983
  6839 2 2       1      1  3984  1282  3985
  6840 2 2       1      1  3983  3985  1233
  6841 2 2       1      1  1244  3830  3984
  6842 2 2       1      1  3830  3986  3984
  6843 2 2       1      1  3830   569  3986
  6844 2 2       1      1  3984  3986  1282
  6845 2 2       1      1  1233  3985  3794
  6846 2 2       1      1  3985  3987  3794
  6847 2 2       1      1  3985  1282  3987
  6848 2 2       1      1  3794  3987   580
  6849 2 2       1      1   537  3979  3989
  6850 2 2       1      1  3979  3988  3989
  6851 2 2       1      1  3979  1281  3988
  6852 2 2       1      1  3989  3988  1283
  6853 2 2       1      1  1281  3990  3988
  6854 2 2       1      1  3990  3991  3988
  6855 2 2       1      1  3990  1254  3991
  6856 2 2       1      1  3988  3991  1283
  6857 2 2       1      1  1281  3982  3990
  6858 2 2       1      1  3982  3863  3990
  6859 2 2       1      1  3982   567  3863
  6860 2 2       1      1  3990  3863  1254
  6861 2 2       1      1  1283  3991  3992
  6862 2 2       1      1  3991  3868  3992
  6863 2 2       1      1  3991  1254  3868
  6864 2 2       1      1  3992  3868   568
  6865 2 2       1      1   417  2689  3994
  6866 2 2       1      1  2689  3993  3994
  6867 2 2       1      1  2689   978  3993
  6868 2 2       1      1  3994  3993  1284
  6869 2 2       1      1   978  3995  3993
  6870 2 2       1      1  3995  3996  3993
  6871 2 2       1      1  3995  1283  3996
  6872 2 2       1      1  3993  3996  1284
  6873 2 2       1      1   978  2695  3995
  6874 2 2       1      1  2695  3989  3995
  6875 2 2       1      1  2695   537  3989
  6876 2 2       1      1  3995  3989  1283
  6877 2 2       1      1  1284  3996  3997
  6878 2 2       1      1  3996  3992  3997
  6879 2 2       1      1  3996  1283  3992
  6880 2 2       1      1  3997  3992   568
  6881 2 2       1      1   491  3011  3999
  6882 2 2       1      1  3011  3998  3999
  6883 2 2       1      1  3011  1058  3998
  6884 2 2       1      1  3999  3998  1285
  6885 2 2       1      1  1058  4000  3998
  6886 2 2       1      1  4000  4001  3998
  6887 2 2       1      1  4000  1225  4001
  6888 2 2       1      1  3998  4001  1285
  6889 2 2       1      1  1058  3017  4000
  6890 2 2       1      1  3017  3769  4000
  6891 2 2       1      1  3017   493  3769
  6892 2 2       1      1  4000  3769  1225
  6893 2 2       1      1  1285  4001  4002
  6894 2 2       1      1  4001  3764  4002
  6895 2 2       1      1  4001  1225  3764
  6896 2 2       1      1  4002  3764   570
  6897 2 2       1      1   420  2847  4004
  6898 2 2       1      1  2847  4003  4004
  6899 2 2       1      1  2847  1021  4003
  6900 2 2       1      1  4004  4003  1287
  6901 2 2       1      1  1021  4005  4003
  6902 2 2       1      1  4005  4006  4003
  6903 2 2       1      1  4005  1286  4006
  6904 2 2       1      1  4003  4006  1287
  6905 2 2       1      1  1021  2850  4005
  6906 2 2       1      1  2850  4007  4005
  6907 2 2       1      1  2850   534  4007
  6908 2 2       1      1  4005  4007  1286
  6909 2 2       1      1  1287  4006  4009
  6910 2 2       1      1  4006  4008  4009
  6911 2 2       1      1  4006  1286  4008
  6912 2 2       1      1  4009  4008   571
  6913 2 2       1      1   571  4008  3891
  6914 2 2       1      1  4008  4010  3891
  6915 2 2       1      1  4008  1286  4010
  6916 2 2       1      1  3891  4010  1260
  6917 2 2       1      1  1286  4011  4010
  6918 2 2       1      1  4011  4012  4010
  6919 2 2       1      1  4011  1288  4012
  6920 2 2       1      1  4010  4012  1260
  6921 2 2       1      1  1286  4007  4011
  6922 2 2       1      1  4007  4013  4011
  6923 2 2       1      1  4007   534  4013
  6924 2 2       1      1  4011  4013  1288
  6925 2 2       1      1  1260  4012  3892
  6926 2 2       1      1  4012  4014  3892
  6927 2 2       1      1  4012  1288  4014
  6928 2 2       1      1  3892  4014   572
  6929 2 2       1      1   534  2738  4013
  6930 2 2       1      1  2738  4015  4013
  6931 2 2       1      1  2738   990  4015
  6932 2 2       1      1  4013  4015  1288
  6933 2 2       1      1   990  4016  4015
  6934 2 2       1      1  4016  4017  4015
  6935 2 2       1      1  4016  1289  4017
  6936 2 2       1      1  4015  4017  1288
  6937 2 2       1      1   990  2737  4016
  6938 2 2       1      1  2737  4018  4016
  6939 2 2       1      1  2737   421  4018
  6940 2 2       1      1  4016  4018  1289
  6941 2 2       1      1  1288  4017  4014
  6942 2 2       1      1  4017  4019  4014
  6943 2 2       1      1  4017  1289  4019
  6944 2 2       1      1  4014  4019   572
  6945 2 2       1      1   394  3255  3755
  6946 2 2       1      1  3255  4020  3755
  6947 2 2       1      1  3255  1108  4020
  6948 2 2       1      1  3755  4020  1222
  6949 2 2       1      1  1108  4021  4020
  6950 2 2       1      1  4021  4022  4020
  6951 2 2       1      1  4021  1290  4022
  6952 2 2       1      1  4020  4022  1222
  6953 2 2       1      1  1108  3258  4021
  6954 2 2       1      1  3258  4023  4021
  6955 2 2       1      1  3258   550  4023
  6956 2 2       1      1  4021  4023  1290
  6957 2 2       1      1  1222  4022  3760
  6958 2 2       1      1  4022  4024  3760
  6959 2 2       1      1  4022  1290  4024
  6960 2 2       1      1  3760  4024   569
  6961 2 2       1      1   572  4019  3897
  6962 2 2       1      1  4019  4025  3897
  6963 2 2       1      1  4019  1289  4025
  6964 2 2       1      1  3897  4025  1261
  6965 2 2       1      1  1289  4026  4025
  6966 2 2       1      1  4026  4027  4025
  6967 2 2       1      1  4026  1291  4027
  6968 2 2       1      1  4025  4027  1261
  6969 2 2       1      1  1289  4018  4026
  6970 2 2       1      1  4018  4028  4026
  6971 2 2       1      1  4018   421  4028
  6972 2 2       1      1  4026  4028  1291
  6973 2 2       1      1  1261  4027  3898
  6974 2 2       1      1  4027  4029  3898
  6975 2 2       1      1  4027  1291  4029
  6976 2 2       1      1  3898  4029   573
  6977 2 2       1      1   421  2932  4028
  6978 2 2       1      1  2932  4030  4028
  6979 2 2       1      1  2932  1044  4030
  6980 2 2       1      1  4028  4030  1291
  6981 2 2       1      1  1044  4031  4030
  6982 2 2       1      1  4031  4032  4030
  6983 2 2       1      1  4031  1241  4032
  6984 2 2       1      1  4030  4032  1291
  6985 2 2       1      1  1044  2938  4031
  6986 2 2       1      1  2938  3821  4031
  6987 2 2       1      1  2938   539  3821
  6988 2 2       1      1  4031  3821  1241
  6989 2 2       1      1  1291  4032  4029
  6990 2 2       1      1  4032  3817  4029
  6991 2 2       1      1  4032  1241  3817
  6992 2 2       1      1  4029  3817   573
  6993 2 2       1      1   519  2427  4034
  6994 2 2       1      1  2427  4033  4034
  6995 2 2       1      1  2427   907  4033
  6996 2 2       1      1  4034  4033  1293
  6997 2 2       1      1   907  4035  4033
  6998 2 2       1      1  4035  4036  4033
  6999 2 2       1      1  4035  1292  4036
  7000 2 2       1      1  4033  4036  1293
  7001 2 2       1      1   907  2426  4035
  7002 2 2       1      1  2426  4037  4035
  7003 2 2       1      1  2426   428  4037
  7004 2 2       1      1  4035  4037  1292
  7005 2 2       1      1  1293  4036  4039
  7006 2 2       1      1  4036  4038  4039
  7007 2 2       1      1  4036  1292  4038
  7008 2 2       1      1  4039  4038   582
  7009 2 2       1      1   510  2998  4041
  7010 2 2       1      1  2998  4040  4041
  7011 2 2       1      1  2998  1053  4040
  7012 2 2       1      1  4041  4040  1294
  7013 2 2       1      1  1053  4042  4040
  7014 2 2       1      1  4042  4043  4040
  7015 2 2       1      1  4042  1240  4043
  7016 2 2       1      1  4040  4043  1294
  7017 2 2       1      1  1053  2997  4042
  7018 2 2       1      1  2997  3810  4042
  7019 2 2       1      1  2997   508  3810
  7020 2 2       1      1  4042  3810  1240
  7021 2 2       1      1  1294  4043  4044
  7022 2 2       1      1  4043  3816  4044
  7023 2 2       1      1  4043  1240  3816
  7024 2 2       1      1  4044  3816   574
  7025 2 2       1      1   510  4041  4046
  7026 2 2       1      1  4041  4045  4046
  7027 2 2       1      1  4041  1294  4045
  7028 2 2       1      1  4046  4045  1295
  7029 2 2       1      1  1294  4047  4045
  7030 2 2       1      1  4047  4048  4045
  7031 2 2       1      1  4047  1271  4048
  7032 2 2       1      1  4045  4048  1295
  7033 2 2       1      1  1294  4044  4047
  7034 2 2       1      1  4044  3933  4047
  7035 2 2       1      1  4044   574  3933
  7036 2 2       1      1  4047  3933  1271
  7037 2 2       1      1  1295  4048  4049
  7038 2 2       1      1  4048  3938  4049
  7039 2 2       1      1  4048  1271  3938
  7040 2 2       1      1  4049  3938   575
  7041 2 2       1      1   502  2480  4051
  7042 2 2       1      1  2480  4050  4051
  7043 2 2       1      1  2480   921  4050
  7044 2 2       1      1  4051  4050  1297
  7045 2 2       1      1   921  4052  4050
  7046 2 2       1      1  4052  4053  4050
  7047 2 2       1      1  4052  1296  4053
  7048 2 2       1      1  4050  4053  1297
  7049 2 2       1      1   921  2479  4052
  7050 2 2       1      1  2479  4054  4052
  7051 2 2       1      1  2479   500  4054
  7052 2 2       1      1  4052  4054  1296
  7053 2 2       1      1  1297  4053  4056
  7054 2 2       1      1  4053  4055  4056
  7055 2 2       1      1  4053  1296  4055
  7056 2 2       1      1  4056  4055   576
  7057 2 2       1      1   512  2858  4058
  7058 2 2       1      1  2858  4057  4058
  7059 2 2       1      1  2858  1023  4057
  7060 2 2       1      1  4058  4057  1298
  7061 2 2       1      1  1023  4059  4057
  7062 2 2       1      1  4059  4060  4057
  7063 2 2       1      1  4059  1295  4060
  7064 2 2       1      1  4057  4060  1298
  7065 2 2       1      1  1023  2857  4059
  7066 2 2       1      1  2857  4046  4059
  7067 2 2       1      1  2857   510  4046
  7068 2 2       1      1  4059  4046  1295
  7069 2 2       1      1  1298  4060  4061
  7070 2 2       1      1  4060  4049  4061
  7071 2 2       1      1  4060  1295  4049
  7072 2 2       1      1  4061  4049   575
  7073 2 2       1      1   512  4058  4063
  7074 2 2       1      1  4058  4062  4063
  7075 2 2       1      1  4058  1298  4062
  7076 2 2       1      1  4063  4062  1299
  7077 2 2       1      1  1298  4064  4062
  7078 2 2       1      1  4064  4065  4062
  7079 2 2       1      1  4064  1275  4065
  7080 2 2       1      1  4062  4065  1299
  7081 2 2       1      1  1298  4061  4064
  7082 2 2       1      1  4061  3950  4064
  7083 2 2       1      1  4061   575  3950
  7084 2 2       1      1  4064  3950  1275
  7085 2 2       1      1  1299  4065  4066
  7086 2 2       1      1  4065  3955  4066
  7087 2 2       1      1  4065  1275  3955
  7088 2 2       1      1  4066  3955   577
  7089 2 2       1      1   514  2986  4068
  7090 2 2       1      1  2986  4067  4068
  7091 2 2       1      1  2986  1051  4067
  7092 2 2       1      1  4068  4067  1300
  7093 2 2       1      1  1051  4069  4067
  7094 2 2       1      1  4069  4070  4067
  7095 2 2       1      1  4069  1299  4070
  7096 2 2       1      1  4067  4070  1300
  7097 2 2       1      1  1051  2985  4069
  7098 2 2       1      1  2985  4063  4069
  7099 2 2       1      1  2985   512  4063
  7100 2 2       1      1  4069  4063  1299
  7101 2 2       1      1  1300  4070  4071
  7102 2 2       1      1  4070  4066  4071
  7103 2 2       1      1  4070  1299  4066
  7104 2 2       1      1  4071  4066   577
  7105 2 2       1      1   552  2553  3787
  7106 2 2       1      1  2553  4072  3787
  7107 2 2       1      1  2553   940  4072
  7108 2 2       1      1  3787  4072  1232
  7109 2 2       1      1   940  4073  4072
  7110 2 2       1      1  4073  4074  4072
  7111 2 2       1      1  4073  1301  4074
  7112 2 2       1      1  4072  4074  1232
  7113 2 2       1      1   940  2552  4073
  7114 2 2       1      1  2552  4075  4073
  7115 2 2       1      1  2552   430  4075
  7116 2 2       1      1  4073  4075  1301
  7117 2 2       1      1  1232  4074  3788
  7118 2 2       1      1  4074  4076  3788
  7119 2 2       1      1  4074  1301  4076
  7120 2 2       1      1  3788  4076   585
  7121 2 2       1      1   514  4068  4078
  7122 2 2       1      1  4068  4077  4078
  7123 2 2       1      1  4068  1300  4077
  7124 2 2       1      1  4078  4077  1302
  7125 2 2       1      1  1300  4079  4077
  7126 2 2       1      1  4079  4080  4077
  7127 2 2       1      1  4079  1278  4080
  7128 2 2       1      1  4077  4080  1302
  7129 2 2       1      1  1300  4071  4079
  7130 2 2       1      1  4071  3962  4079
  7131 2 2       1      1  4071   577  3962
  7132 2 2       1      1  4079  3962  1278
  7133 2 2       1      1  1302  4080  4081
  7134 2 2       1      1  4080  3967  4081
  7135 2 2       1      1  4080  1278  3967
  7136 2 2       1      1  4081  3967   578
  7137 2 2       1      1   472  3790  3806
  7138 2 2       1      1  3790  4082  3806
  7139 2 2       1      1  3790  1234  4082
  7140 2 2       1      1  3806  4082  1237
  7141 2 2       1      1  1234  4083  4082
  7142 2 2       1      1  4083  4084  4082
  7143 2 2       1      1  4083  1303  4084
  7144 2 2       1      1  4082  4084  1237
  7145 2 2       1      1  1234  3795  4083
  7146 2 2       1      1  3795  4085  4083
  7147 2 2       1      1  3795   580  4085
  7148 2 2       1      1  4083  4085  1303
  7149 2 2       1      1  1237  4084  3807
  7150 2 2       1      1  4084  4086  3807
  7151 2 2       1      1  4084  1303  4086
  7152 2 2       1      1  3807  4086   583
  7153 2 2       1      1   516  2899  4088
  7154 2 2       1      1  2899  4087  4088
  7155 2 2       1      1  2899  1033  4087
  7156 2 2       1      1  4088  4087  1304
  7157 2 2       1      1  1033  4089  4087
  7158 2 2       1      1  4089  4090  4087
  7159 2 2       1      1  4089  1302  4090
  7160 2 2       1      1  4087  4090  1304
  7161 2 2       1      1  1033  2898  4089
  7162 2 2       1      1  2898  4078  4089
  7163 2 2       1      1  2898   514  4078
  7164 2 2       1      1  4089  4078  1302
  7165 2 2       1      1  1304  4090  4091
  7166 2 2       1      1  4090  4081  4091
  7167 2 2       1      1  4090  1302  4081
  7168 2 2       1      1  4091  4081   578
  7169 2 2       1      1   428  2329  4093
  7170 2 2       1      1  2329  4092  4093
  7171 2 2       1      1  2329   885  4092
  7172 2 2       1      1  4093  4092  1306
  7173 2 2       1      1   885  4094  4092
  7174 2 2       1      1  4094  4095  4092
  7175 2 2       1      1  4094  1305  4095
  7176 2 2       1      1  4092  4095  1306
  7177 2 2       1      1   885  2332  4094
  7178 2 2       1      1  2332  4096  4094
  7179 2 2       1      1  2332   520  4096
  7180 2 2       1      1  4094  4096  1305
  7181 2 2       1      1  1306  4095  4098
  7182 2 2       1      1  4095  4097  4098
  7183 2 2       1      1  4095  1305  4097
  7184 2 2       1      1  4098  4097   581
  7185 2 2       1      1   417  3994  3919
  7186 2 2       1      1  3994  4099  3919
  7187 2 2       1      1  3994  1284  4099
  7188 2 2       1      1  3919  4099  1266
  7189 2 2       1      1  1284  4100  4099
  7190 2 2       1      1  4100  4101  4099
  7191 2 2       1      1  4100  1307  4101
  7192 2 2       1      1  4099  4101  1266
  7193 2 2       1      1  1284  3997  4100
  7194 2 2       1      1  3997  4102  4100
  7195 2 2       1      1  3997   568  4102
  7196 2 2       1      1  4100  4102  1307
  7197 2 2       1      1  1266  4101  3920
  7198 2 2       1      1  4101  4103  3920
  7199 2 2       1      1  4101  1307  4103
  7200 2 2       1      1  3920  4103   570
  7201 2 2       1      1   568  3880  4102
  7202 2 2       1      1  3880  4104  4102
  7203 2 2       1      1  3880  1257  4104
  7204 2 2       1      1  4102  4104  1307
  7205 2 2       1      1  1257  4105  4104
  7206 2 2       1      1  4105  4106  4104
  7207 2 2       1      1  4105  1285  4106
  7208 2 2       1      1  4104  4106  1307
  7209 2 2       1      1  1257  3879  4105
  7210 2 2       1      1  3879  3999  4105
  7211 2 2       1      1  3879   491  3999
  7212 2 2       1      1  4105  3999  1285
  7213 2 2       1      1  1307  4106  4103
  7214 2 2       1      1  4106  4002  4103
  7215 2 2       1      1  4106  1285  4002
  7216 2 2       1      1  4103  4002   570
  7217 2 2       1      1   535  2865  4108
  7218 2 2       1      1  2865  4107  4108
  7219 2 2       1      1  2865  1025  4107
  7220 2 2       1      1  4108  4107  1308
  7221 2 2       1      1  1025  4109  4107
  7222 2 2       1      1  4109  4110  4107
  7223 2 2       1      1  4109   738  4110
  7224 2 2       1      1  4107  4110  1308
  7225 2 2       1      1  1025  2864  4109
  7226 2 2       1      1  2864  1789  4109
  7227 2 2       1      1  2864   424  1789
  7228 2 2       1      1  4109  1789   738
  7229 2 2       1      1  1308  4110  4111
  7230 2 2       1      1  4110  1795  4111
  7231 2 2       1      1  4110   738  1795
  7232 2 2       1      1  4111  1795   579
  7233 2 2       1      1   430  3797  4075
  7234 2 2       1      1  3797  4112  4075
  7235 2 2       1      1  3797  1236  4112
  7236 2 2       1      1  4075  4112  1301
  7237 2 2       1      1  1236  4113  4112
  7238 2 2       1      1  4113  4114  4112
  7239 2 2       1      1  4113  1309  4114
  7240 2 2       1      1  4112  4114  1301
  7241 2 2       1      1  1236  3802  4113
  7242 2 2       1      1  3802  4115  4113
  7243 2 2       1      1  3802   584  4115
  7244 2 2       1      1  4113  4115  1309
  7245 2 2       1      1  1301  4114  4076
  7246 2 2       1      1  4114  4116  4076
  7247 2 2       1      1  4114  1309  4116
  7248 2 2       1      1  4076  4116   585
  7249 2 2       1      1   569  4024  3986
  7250 2 2       1      1  4024  4117  3986
  7251 2 2       1      1  4024  1290  4117
  7252 2 2       1      1  3986  4117  1282
  7253 2 2       1      1  1290  4118  4117
  7254 2 2       1      1  4118  4119  4117
  7255 2 2       1      1  4118  1310  4119
  7256 2 2       1      1  4117  4119  1282
  7257 2 2       1      1  1290  4023  4118
  7258 2 2       1      1  4023  4120  4118
  7259 2 2       1      1  4023   550  4120
  7260 2 2       1      1  4118  4120  1310
  7261 2 2       1      1  1282  4119  3987
  7262 2 2       1      1  4119  4121  3987
  7263 2 2       1      1  4119  1310  4121
  7264 2 2       1      1  3987  4121   580
  7265 2 2       1      1   420  4004  3907
  7266 2 2       1      1  4004  4122  3907
  7267 2 2       1      1  4004  1287  4122
  7268 2 2       1      1  3907  4122  1263
  7269 2 2       1      1  1287  4123  4122
  7270 2 2       1      1  4123  4124  4122
  7271 2 2       1      1  4123  1311  4124
  7272 2 2       1      1  4122  4124  1263
  7273 2 2       1      1  1287  4009  4123
  7274 2 2       1      1  4009  4125  4123
  7275 2 2       1      1  4009   571  4125
  7276 2 2       1      1  4123  4125  1311
  7277 2 2       1      1  1263  4124  3908
  7278 2 2       1      1  4124  4126  3908
  7279 2 2       1      1  4124  1311  4126
  7280 2 2       1      1  3908  4126   576
  7281 2 2       1      1   571  3874  4125
  7282 2 2       1      1  3874  4127  4125
  7283 2 2       1      1  3874  1255  4127
  7284 2 2       1      1  4125  4127  1311
  7285 2 2       1      1  1255  4128  4127
  7286 2 2       1      1  4128  4129  4127
  7287 2 2       1      1  4128  1297  4129
  7288 2 2       1      1  4127  4129  1311
  7289 2 2       1      1  1255  3873  4128
  7290 2 2       1      1  3873  4051  4128
  7291 2 2       1      1  3873   502  4051
  7292 2 2       1      1  4128  4051  1297
  7293 2 2       1      1  1311  4129  4126
  7294 2 2       1      1  4129  4056  4126
  7295 2 2       1      1  4129  1297  4056
  7296 2 2       1      1  4126  4056   576
  7297 2 2       1      1   550  3288  4120
  7298 2 2       1      1  3288  4130  4120
  7299 2 2       1      1  3288  1114  4130
  7300 2 2       1      1  4120  4130  1310
  7301 2 2       1      1  1114  4131  4130
  7302 2 2       1      1  4131  4132  4130
  7303 2 2       1      1  4131  1312  4132
  7304 2 2       1      1  4130  4132  1310
  7305 2 2       1      1  1114  3287  4131
  7306 2 2       1      1  3287  4133  4131
  7307 2 2       1      1  3287   410  4133
  7308 2 2       1      1  4131  4133  1312
  7309 2 2       1      1  1310  4132  4121
  7310 2 2       1      1  4132  4134  4121
  7311 2 2       1      1  4132  1312  4134
  7312 2 2       1      1  4121  4134   580
  7313 2 2       1      1   516  4088  4136
  7314 2 2       1      1  4088  4135  4136
  7315 2 2       1      1  4088  1304  4135
  7316 2 2       1      1  4136  4135  1314
  7317 2 2       1      1  1304  4137  4135
  7318 2 2       1      1  4137  4138  4135
  7319 2 2       1      1  4137  1313  4138
  7320 2 2       1      1  4135  4138  1314
  7321 2 2       1      1  1304  4091  4137
  7322 2 2       1      1  4091  4139  4137
  7323 2 2       1      1  4091   578  4139
  7324 2 2       1      1  4137  4139  1313
  7325 2 2       1      1  1314  4138  4141
  7326 2 2       1      1  4138  4140  4141
  7327 2 2       1      1  4138  1313  4140
  7328 2 2       1      1  4141  4140   579
  7329 2 2       1      1   578  3977  4139
  7330 2 2       1      1  3977  4142  4139
  7331 2 2       1      1  3977  1280  4142
  7332 2 2       1      1  4139  4142  1313
  7333 2 2       1      1  1280  4143  4142
  7334 2 2       1      1  4143  4144  4142
  7335 2 2       1      1  4143  1308  4144
  7336 2 2       1      1  4142  4144  1313
  7337 2 2       1      1  1280  3976  4143
  7338 2 2       1      1  3976  4108  4143
  7339 2 2       1      1  3976   535  4108
  7340 2 2       1      1  4143  4108  1308
  7341 2 2       1      1  1313  4144  4140
  7342 2 2       1      1  4144  4111  4140
  7343 2 2       1      1  4144  1308  4111
  7344 2 2       1      1  4140  4111   579
  7345 2 2       1      1   576  4055  4146
  7346 2 2       1      1  4055  4145  4146
  7347 2 2       1      1  4055  1296  4145
  7348 2 2       1      1  4146  4145  1316
  7349 2 2       1      1  1296  4147  4145
  7350 2 2       1      1  4147  4148  4145
  7351 2 2       1      1  4147  1315  4148
  7352 2 2       1      1  4145  4148  1316
  7353 2 2       1      1  1296  4054  4147
  7354 2 2       1      1  4054  4149  4147
  7355 2 2       1      1  4054   500  4149
  7356 2 2       1      1  4147  4149  1315
  7357 2 2       1      1  1316  4148  4151
  7358 2 2       1      1  4148  4150  4151
  7359 2 2       1      1  4148  1315  4150
  7360 2 2       1      1  4151  4150   581
  7361 2 2       1      1   428  4093  4037
  7362 2 2       1      1  4093  4152  4037
  7363 2 2       1      1  4093  1306  4152
  7364 2 2       1      1  4037  4152  1292
  7365 2 2       1      1  1306  4153  4152
  7366 2 2       1      1  4153  4154  4152
  7367 2 2       1      1  4153  1317  4154
  7368 2 2       1      1  4152  4154  1292
  7369 2 2       1      1  1306  4098  4153
  7370 2 2       1      1  4098  4155  4153
  7371 2 2       1      1  4098   581  4155
  7372 2 2       1      1  4153  4155  1317
  7373 2 2       1      1  1292  4154  4038
  7374 2 2       1      1  4154  4156  4038
  7375 2 2       1      1  4154  1317  4156
  7376 2 2       1      1  4038  4156   582
  7377 2 2       1      1   520  3904  4096
  7378 2 2       1      1  3904  4157  4096
  7379 2 2       1      1  3904  1264  4157
  7380 2 2       1      1  4096  4157  1305
  7381 2 2       1      1  1264  4158  4157
  7382 2 2       1      1  4158  4159  4157
  7383 2 2       1      1  4158  1316  4159
  7384 2 2       1      1  4157  4159  1305
  7385 2 2       1      1  1264  3909  4158
  7386 2 2       1      1  3909  4146  4158
  7387 2 2       1      1  3909   576  4146
  7388 2 2       1      1  4158  4146  1316
  7389 2 2       1      1  1305  4159  4097
  7390 2 2       1      1  4159  4151  4097
  7391 2 2       1      1  4159  1316  4151
  7392 2 2       1      1  4097  4151   581
  7393 2 2       1      1   519  4034  3800
  7394 2 2       1      1  4034  4160  3800
  7395 2 2       1      1  4034  1293  4160
  7396 2 2       1      1  3800  4160  1235
  7397 2 2       1      1  1293  4161  4160
  7398 2 2       1      1  4161  4162  4160
  7399 2 2       1      1  4161  1318  4162
  7400 2 2       1      1  4160  4162  1235
  7401 2 2       1      1  1293  4039  4161
  7402 2 2       1      1  4039  4163  4161
  7403 2 2       1      1  4039   582  4163
  7404 2 2       1      1  4161  4163  1318
  7405 2 2       1      1  1235  4162  3801
  7406 2 2       1      1  4162  4164  3801
  7407 2 2       1      1  4162  1318  4164
  7408 2 2       1      1  3801  4164   584
  7409 2 2       1      1   500  2454  4149
  7410 2 2       1      1  2454  4165  4149
  7411 2 2       1      1  2454   914  4165
  7412 2 2       1      1  4149  4165  1315
  7413 2 2       1      1   914  4166  4165
  7414 2 2       1      1  4166  4167  4165
  7415 2 2       1      1  4166  1319  4167
  7416 2 2       1      1  4165  4167  1315
  7417 2 2       1      1   914  2453  4166
  7418 2 2       1      1  2453  4168  4166
  7419 2 2       1      1  2453   498  4168
  7420 2 2       1      1  4166  4168  1319
  7421 2 2       1      1  1315  4167  4150
  7422 2 2       1      1  4167  4169  4150
  7423 2 2       1      1  4167  1319  4169
  7424 2 2       1      1  4150  4169   581
  7425 2 2       1      1   581  4169  4155
  7426 2 2       1      1  4169  4170  4155
  7427 2 2       1      1  4169  1319  4170
  7428 2 2       1      1  4155  4170  1317
  7429 2 2       1      1  1319  4171  4170
  7430 2 2       1      1  4171  4172  4170
  7431 2 2       1      1  4171  1320  4172
  7432 2 2       1      1  4170  4172  1317
  7433 2 2       1      1  1319  4168  4171
  7434 2 2       1      1  4168  4173  4171
  7435 2 2       1      1  4168   498  4173
  7436 2 2       1      1  4171  4173  1320
  7437 2 2       1      1  1317  4172  4156
  7438 2 2       1      1  4172  4174  4156
  7439 2 2       1      1  4172  1320  4174
  7440 2 2       1      1  4156  4174   582
  7441 2 2       1      1   498  2486  4173
  7442 2 2       1      1  2486  4175  4173
  7443 2 2       1      1  2486   923  4175
  7444 2 2       1      1  4173  4175  1320
  7445 2 2       1      1   923  4176  4175
  7446 2 2       1      1  4176  4177  4175
  7447 2 2       1      1  4176  1321  4177
  7448 2 2       1      1  4175  4177  1320
  7449 2 2       1      1   923  2485  4176
  7450 2 2       1      1  2485  4178  4176
  7451 2 2       1      1  2485   496  4178
  7452 2 2       1      1  4176  4178  1321
  7453 2 2       1      1  1320  4177  4174
  7454 2 2       1      1  4177  4179  4174
  7455 2 2       1      1  4177  1321  4179
  7456 2 2       1      1  4174  4179   582
  7457 2 2       1      1   580  4134  4085
  7458 2 2       1      1  4134  4180  4085
  7459 2 2       1      1  4134  1312  4180
  7460 2 2       1      1  4085  4180  1303
  7461 2 2       1      1  1312  4181  4180
  7462 2 2       1      1  4181  4182  4180
  7463 2 2       1      1  4181  1322  4182
  7464 2 2       1      1  4180  4182  1303
  7465 2 2       1      1  1312  4133  4181
  7466 2 2       1      1  4133  4183  4181
  7467 2 2       1      1  4133   410  4183
  7468 2 2       1      1  4181  4183  1322
  7469 2 2       1      1  1303  4182  4086
  7470 2 2       1      1  4182  4184  4086
  7471 2 2       1      1  4182  1322  4184
  7472 2 2       1      1  4086  4184   583
  7473 2 2       1      1   582  4179  4163
  7474 2 2       1      1  4179  4185  4163
  7475 2 2       1      1  4179  1321  4185
  7476 2 2       1      1  4163  4185  1318
  7477 2 2       1      1  1321  4186  4185
  7478 2 2       1      1  4186  4187  4185
  7479 2 2       1      1  4186  1323  4187
  7480 2 2       1      1  4185  4187  1318
  7481 2 2       1      1  1321  4178  4186
  7482 2 2       1      1  4178  4188  4186
  7483 2 2       1      1  4178   496  4188
  7484 2 2       1      1  4186  4188  1323
  7485 2 2       1      1  1318  4187  4164
  7486 2 2       1      1  4187  4189  4164
  7487 2 2       1      1  4187  1323  4189
  7488 2 2       1      1  4164  4189   584
  7489 2 2       1      1   496  2658  4188
  7490 2 2       1      1  2658  4190  4188
  7491 2 2       1      1  2658   967  4190
  7492 2 2       1      1  4188  4190  1323
  7493 2 2       1      1   967  4191  4190
  7494 2 2       1      1  4191  4192  4190
  7495 2 2       1      1  4191  1324  4192
  7496 2 2       1      1  4190  4192  1323
  7497 2 2       1      1   967  2657  4191
  7498 2 2       1      1  2657  4193  4191
  7499 2 2       1      1  2657   471  4193
  7500 2 2       1      1  4191  4193  1324
  7501 2 2       1      1  1323  4192  4189
  7502 2 2       1      1  4192  4194  4189
  7503 2 2       1      1  4192  1324  4194
  7504 2 2       1      1  4189  4194   584
  7505 2 2       1      1   410  2437  4183
  7506 2 2       1      1  2437  4195  4183
  7507 2 2       1      1  2437   911  4195
  7508 2 2       1      1  4183  4195  1322
  7509 2 2       1      1   911  4196  4195
  7510 2 2       1      1  4196  4197  4195
  7511 2 2       1      1  4196  1231  4197
  7512 2 2       1      1  4195  4197  1322
  7513 2 2       1      1   911  2441  4196
  7514 2 2       1      1  2441  3786  4196
  7515 2 2       1      1  2441   552  3786
  7516 2 2       1      1  4196  3786  1231
  7517 2 2       1      1  1322  4197  4184
  7518 2 2       1      1  4197  3782  4184
  7519 2 2       1      1  4197  1231  3782
  7520 2 2       1      1  4184  3782   583
  7521 2 2       1      1   584  4194  4115
  7522 2 2       1      1  4194  4198  4115
  7523 2 2       1      1  4194  1324  4198
  7524 2 2       1      1  4115  4198  1309
  7525 2 2       1      1  1324  4199  4198
  7526 2 2       1      1  4199  4200  4198
  7527 2 2       1      1  4199  1325  4200
  7528 2 2       1      1  4198  4200  1309
  7529 2 2       1      1  1324  4193  4199
  7530 2 2       1      1  4193  4201  4199
  7531 2 2       1      1  4193   471  4201
  7532 2 2       1      1  4199  4201  1325
  7533 2 2       1      1  1309  4200  4116
  7534 2 2       1      1  4200  4202  4116
  7535 2 2       1      1  4200  1325  4202
  7536 2 2       1      1  4116  4202   585
  7537 2 2       1      1   471  3273  4201
  7538 2 2       1      1  3273  4203  4201
  7539 2 2       1      1  3273  1111  4203
  7540 2 2       1      1  4201  4203  1325
  7541 2 2       1      1  1111  4204  4203
  7542 2 2       1      1  4204  4205  4203
  7543 2 2       1      1  4204  1230  4205
  7544 2 2       1      1  4203  4205  1325
  7545 2 2       1      1  1111  3272  4204
  7546 2 2       1      1  3272  3775  4204
  7547 2 2       1      1  3272   470  3775
  7548 2 2       1      1  4204  3775  1230
  7549 2 2       1      1  1325  4205  4202
  7550 2 2       1      1  4205  3781  4202
  7551 2 2       1      1  4205  1230  3781
  7552 2 2       1      1  4202  3781   585
  7553 2 2       1      1   518  3314  3496
  7554 2 2       1      1  3314  4206  3496
  7555 2 2       1      1  3314  1119  4206
  7556 2 2       1      1  3496  4206  1166
  7557 2 2       1      1  1119  4207  4206
  7558 2 2       1      1  4207  4208  4206
  7559 2 2       1      1  4207  1314  4208
  7560 2 2       1      1  4206  4208  1166
  7561 2 2       1      1  1119  3313  4207
  7562 2 2       1      1  3313  4136  4207
  7563 2 2       1      1  3313   516  4136
  7564 2 2       1      1  4207  4136  1314
  7565 2 2       1      1  1166  4208  3497
  7566 2 2       1      1  4208  4141  3497
  7567 2 2       1      1  4208  1314  4141
  7568 2 2       1      1  3497  4141   579
  7569 2 2       1      1   529  3916  4210
  7570 2 2       1      1  3916  4209  4210
  7571 2 2       1      1  3916  1267  4209
  7572 2 2       1      1  4210  4209  1326
  7573 2 2       1      1  1267  4211  4209
  7574 2 2       1      1  4211  4212  4209
  7575 2 2       1      1  4211  1227  4212
  7576 2 2       1      1  4209  4212  1326
  7577 2 2       1      1  1267  3921  4211
  7578 2 2       1      1  3921  3766  4211
  7579 2 2       1      1  3921   570  3766
  7580 2 2       1      1  4211  3766  1227
  7581 2 2       1      1  1326  4212  4213
  7582 2 2       1      1  4212  3772  4213
  7583 2 2       1      1  4212  1227  3772
  7584 2 2       1      1  4213  3772   586
  7585 2 2       1      1   483  3841  4215
  7586 2 2       1      1  3841  4214  4215
  7587 2 2       1      1  3841  1248  4214
  7588 2 2       1      1  4215  4214  1327
  7589 2 2       1      1  1248  4216  4214
  7590 2 2       1      1  4216  4217  4214
  7591 2 2       1      1  4216  1221  4217
  7592 2 2       1      1  4214  4217  1327
  7593 2 2       1      1  1248  3844  4216
  7594 2 2       1      1  3844  3748  4216
  7595 2 2       1      1  3844   565  3748
  7596 2 2       1      1  4216  3748  1221
  7597 2 2       1      1  1327  4217  4218
  7598 2 2       1      1  4217  3754  4218
  7599 2 2       1      1  4217  1221  3754
  7600 2 2       1      1  4218  3754   588
  7601 2 2       1      1   569  3829  3761
  7602 2 2       1      1  3829  4219  3761
  7603 2 2       1      1  3829  1243  4219
  7604 2 2       1      1  3761  4219  1223
  7605 2 2       1      1  1243  4220  4219
  7606 2 2       1      1  4220  4221  4219
  7607 2 2       1      1  4220  1328  4221
  7608 2 2       1      1  4219  4221  1223
  7609 2 2       1      1  1243  3828  4220
  7610 2 2       1      1  3828  4222  4220
  7611 2 2       1      1  3828   476  4222
  7612 2 2       1      1  4220  4222  1328
  7613 2 2       1      1  1223  4221  3762
  7614 2 2       1      1  4221  4223  3762
  7615 2 2       1      1  4221  1328  4223
  7616 2 2       1      1  3762  4223   587
  7617 2 2       1      1   416  3215  4225
  7618 2 2       1      1  3215  4224  4225
  7619 2 2       1      1  3215  1100  4224
  7620 2 2       1      1  4225  4224  1329
  7621 2 2       1      1  1100  4226  4224
  7622 2 2       1      1  4226  4227  4224
  7623 2 2       1      1  4226  1326  4227
  7624 2 2       1      1  4224  4227  1329
  7625 2 2       1      1  1100  3218  4226
  7626 2 2       1      1  3218  4210  4226
  7627 2 2       1      1  3218   529  4210
  7628 2 2       1      1  4226  4210  1326
  7629 2 2       1      1  1329  4227  4228
  7630 2 2       1      1  4227  4213  4228
  7631 2 2       1      1  4227  1326  4213
  7632 2 2       1      1  4228  4213   586
  7633 2 2       1      1   476  2462  4222
  7634 2 2       1      1  2462  4229  4222
  7635 2 2       1      1  2462   918  4229
  7636 2 2       1      1  4222  4229  1328
  7637 2 2       1      1   918  4230  4229
  7638 2 2       1      1  4230  4231  4229
  7639 2 2       1      1  4230  1176  4231
  7640 2 2       1      1  4229  4231  1328
  7641 2 2       1      1   918  2467  4230
  7642 2 2       1      1  2467  3533  4230
  7643 2 2       1      1  2467   477  3533
  7644 2 2       1      1  4230  3533  1176
  7645 2 2       1      1  1328  4231  4223
  7646 2 2       1      1  4231  3538  4223
  7647 2 2       1      1  4231  1176  3538
  7648 2 2       1      1  4223  3538   587
  7649 2 2       1      1   480  2531  3529
  7650 2 2       1      1  2531  4232  3529
  7651 2 2       1      1  2531   936  4232
  7652 2 2       1      1  3529  4232  1173
  7653 2 2       1      1   936  4233  4232
  7654 2 2       1      1  4233  4234  4232
  7655 2 2       1      1  4233  1327  4234
  7656 2 2       1      1  4232  4234  1173
  7657 2 2       1      1   936  2536  4233
  7658 2 2       1      1  2536  4215  4233
  7659 2 2       1      1  2536   483  4215
  7660 2 2       1      1  4233  4215  1327
  7661 2 2       1      1  1173  4234  3530
  7662 2 2       1      1  4234  4218  3530
  7663 2 2       1      1  4234  1327  4218
  7664 2 2       1      1  3530  4218   588
  7665 2 2       1      1   542  3348  4236
  7666 2 2       1      1  3348  4235  4236
  7667 2 2       1      1  3348  1129  4235
  7668 2 2       1      1  4236  4235  1330
  7669 2 2       1      1  1129  4237  4235
  7670 2 2       1      1  4237  4238  4235
  7671 2 2       1      1  4237  1178  4238
  7672 2 2       1      1  4235  4238  1330
  7673 2 2       1      1  1129  3351  4237
  7674 2 2       1      1  3351  3540  4237
  7675 2 2       1      1  3351   553  3540
  7676 2 2       1      1  4237  3540  1178
  7677 2 2       1      1  1330  4238  4239
  7678 2 2       1      1  4238  3545  4239
  7679 2 2       1      1  4238  1178  3545
  7680 2 2       1      1  4239  3545   589
  7681 2 2       1      1    12    11  4241
  7682 2 2       1      1    11  4240  4241
  7683 2 2       1      1    11    16  4240
  7684 2 2       1      1  4241  4240  1332
  7685 2 2       1      1    16  4242  4240
  7686 2 2       1      1  4242  4243  4240
  7687 2 2       1      1  4242  1331  4243
  7688 2 2       1      1  4240  4243  1332
  7689 2 2       1      1    16    10  4242
  7690 2 2       1      1    10  4244  4242
  7691 2 2       1      1    10    20  4244
  7692 2 2       1      1  4242  4244  1331
  7693 2 2       1      1  1332  4243  4246
  7694 2 2       1      1  4243  4245  4246
  7695 2 2       1      1  4243  1331  4245
  7696 2 2       1      1  4246  4245   609
  7697 2 2       1      1   154   198  4248
  7698 2 2       1      1   198  4247  4248
  7699 2 2       1      1   198   213  4247
  7700 2 2       1      1  4248  4247  1334
  7701 2 2       1      1   213  4249  4247
  7702 2 2       1      1  4249  4250  4247
  7703 2 2       1      1  4249  1333  4250
  7704 2 2       1      1  4247  4250  1334
  7705 2 2       1      1   213   207  4249
  7706 2 2       1      1   207  4251  4249
  7707 2 2       1      1   207   217  4251
  7708 2 2       1      1  4249  4251  1333
  7709 2 2       1      1  1334  4250  4253
  7710 2 2       1      1  4250  4252  4253
  7711 2 2       1      1  4250  1333  4252
  7712 2 2       1      1  4253  4252   610
  7713 2 2       1      1   352   282  4255
  7714 2 2       1      1   282  4254  4255
  7715 2 2       1      1   282   307  4254
  7716 2 2       1      1  4255  4254  1335
  7717 2 2       1      1   307  4256  4254
  7718 2 2       1      1  4256  4257  4254
  7719 2 2       1      1  4256  1332  4257
  7720 2 2       1      1  4254  4257  1335
  7721 2 2       1      1   307   283  4256
  7722 2 2       1      1   283  4241  4256
  7723 2 2       1      1   283    12  4241
  7724 2 2       1      1  4256  4241  1332
  7725 2 2       1      1  1335  4257  4258
  7726 2 2       1      1  4257  4246  4258
  7727 2 2       1      1  4257  1332  4246
  7728 2 2       1      1  4258  4246   609
  7729 2 2       1      1   155    86  4260
  7730 2 2       1      1    86  4259  4260
  7731 2 2       1      1    86   111  4259
  7732 2 2       1      1  4260  4259  1336
  7733 2 2       1      1   111  4261  4259
  7734 2 2       1      1  4261  4262  4259
  7735 2 2       1      1  4261  1334  4262
  7736 2 2       1      1  4259  4262  1336
  7737 2 2       1      1   111    87  4261
  7738 2 2       1      1    87  4248  4261
  7739 2 2       1      1    87   154  4248
  7740 2 2       1      1  4261  4248  1334
  7741 2 2       1      1  1336  4262  4263
  7742 2 2       1      1  4262  4253  4263
  7743 2 2       1      1  4262  1334  4253
  7744 2 2       1      1  4263  4253   610
  7745 2 2       1      1   466  1566  1695
  7746 2 2       1      1  1566  4264  1695
  7747 2 2       1      1  1566   676  4264
  7748 2 2       1      1  1695  4264   712
  7749 2 2       1      1   676  4265  4264
  7750 2 2       1      1  4265  4266  4264
  7751 2 2       1      1  4265  1218  4266
  7752 2 2       1      1  4264  4266   712
  7753 2 2       1      1   676  1572  4265
  7754 2 2       1      1  1572  3740  4265
  7755 2 2       1      1  1572   555  3740
  7756 2 2       1      1  4265  3740  1218
  7757 2 2       1      1   712  4266  1696
  7758 2 2       1      1  4266  3745  1696
  7759 2 2       1      1  4266  1218  3745
  7760 2 2       1      1  1696  3745   605
  7761 2 2       1      1   526  3357  1688
  7762 2 2       1      1  3357  4267  1688
  7763 2 2       1      1  3357  1130  4267
  7764 2 2       1      1  1688  4267   710
  7765 2 2       1      1  1130  4268  4267
  7766 2 2       1      1  4268  4269  4267
  7767 2 2       1      1  4268  1337  4269
  7768 2 2       1      1  4267  4269   710
  7769 2 2       1      1  1130  3356  4268
  7770 2 2       1      1  3356  4270  4268
  7771 2 2       1      1  3356   525  4270
  7772 2 2       1      1  4268  4270  1337
  7773 2 2       1      1   710  4269  1689
  7774 2 2       1      1  4269  4271  1689
  7775 2 2       1      1  4269  1337  4271
  7776 2 2       1      1  1689  4271   597
  7777 2 2       1      1   161    74  3555
  7778 2 2       1      1    74  4272  3555
  7779 2 2       1      1    74   117  4272
  7780 2 2       1      1  3555  4272  1180
  7781 2 2       1      1   117  4273  4272
  7782 2 2       1      1  4273  4274  4272
  7783 2 2       1      1  4273  1179  4274
  7784 2 2       1      1  4272  4274  1180
  7785 2 2       1      1   117    75  4273
  7786 2 2       1      1    75  3547  4273
  7787 2 2       1      1    75   160  3547
  7788 2 2       1      1  4273  3547  1179
  7789 2 2       1      1  1180  4274  3556
  7790 2 2       1      1  4274  3550  3556
  7791 2 2       1      1  4274  1179  3550
  7792 2 2       1      1  3556  3550   590
  7793 2 2       1      1   357  3163  3732
  7794 2 2       1      1  3163  4275  3732
  7795 2 2       1      1  3163  1090  4275
  7796 2 2       1      1  3732  4275  1215
  7797 2 2       1      1  1090  4276  4275
  7798 2 2       1      1  4276  4277  4275
  7799 2 2       1      1  4276  1185  4277
  7800 2 2       1      1  4275  4277  1215
  7801 2 2       1      1  1090  3168  4276
  7802 2 2       1      1  3168  3584  4276
  7803 2 2       1      1  3168   396  3584
  7804 2 2       1      1  4276  3584  1185
  7805 2 2       1      1  1215  4277  3733
  7806 2 2       1      1  4277  3589  3733
  7807 2 2       1      1  4277  1185  3589
  7808 2 2       1      1  3733  3589   591
  7809 2 2       1      1   445  1807  3587
  7810 2 2       1      1  1807  4278  3587
  7811 2 2       1      1  1807   742  4278
  7812 2 2       1      1  3587  4278  1184
  7813 2 2       1      1   742  4279  4278
  7814 2 2       1      1  4279  4280  4278
  7815 2 2       1      1  4279   661  4280
  7816 2 2       1      1  4278  4280  1184
  7817 2 2       1      1   742  1812  4279
  7818 2 2       1      1  1812  1524  4279
  7819 2 2       1      1  1812   448  1524
  7820 2 2       1      1  4279  1524   661
  7821 2 2       1      1  1184  4280  3588
  7822 2 2       1      1  4280  1520  3588
  7823 2 2       1      1  4280   661  1520
  7824 2 2       1      1  3588  1520   591
  7825 2 2       1      1   418  3710  3752
  7826 2 2       1      1  3710  4281  3752
  7827 2 2       1      1  3710  1211  4281
  7828 2 2       1      1  3752  4281  1220
  7829 2 2       1      1  1211  4282  4281
  7830 2 2       1      1  4282  4283  4281
  7831 2 2       1      1  4282  1208  4283
  7832 2 2       1      1  4281  4283  1220
  7833 2 2       1      1  1211  3713  4282
  7834 2 2       1      1  3713  3695  4282
  7835 2 2       1      1  3713   561  3695
  7836 2 2       1      1  4282  3695  1208
  7837 2 2       1      1  1220  4283  3753
  7838 2 2       1      1  4283  3698  3753
  7839 2 2       1      1  4283  1208  3698
  7840 2 2       1      1  3753  3698   588
  7841 2 2       1      1   562  3718  3702
  7842 2 2       1      1  3718  4284  3702
  7843 2 2       1      1  3718  1212  4284
  7844 2 2       1      1  3702  4284  1209
  7845 2 2       1      1  1212  4285  4284
  7846 2 2       1      1  4285  4286  4284
  7847 2 2       1      1  4285  1224  4286
  7848 2 2       1      1  4284  4286  1209
  7849 2 2       1      1  1212  3717  4285
  7850 2 2       1      1  3717  3757  4285
  7851 2 2       1      1  3717   394  3757
  7852 2 2       1      1  4285  3757  1224
  7853 2 2       1      1  1209  4286  3703
  7854 2 2       1      1  4286  3763  3703
  7855 2 2       1      1  4286  1224  3763
  7856 2 2       1      1  3703  3763   587
  7857 2 2       1      1   563  3723  3707
  7858 2 2       1      1  3723  4287  3707
  7859 2 2       1      1  3723  1213  4287
  7860 2 2       1      1  3707  4287  1210
  7861 2 2       1      1  1213  4288  4287
  7862 2 2       1      1  4288  4289  4287
  7863 2 2       1      1  4288  1338  4289
  7864 2 2       1      1  4287  4289  1210
  7865 2 2       1      1  1213  3722  4288
  7866 2 2       1      1  3722  4290  4288
  7867 2 2       1      1  3722   532  4290
  7868 2 2       1      1  4288  4290  1338
  7869 2 2       1      1  1210  4289  3708
  7870 2 2       1      1  4289  4291  3708
  7871 2 2       1      1  4289  1338  4291
  7872 2 2       1      1  3708  4291   589
  7873 2 2       1      1   493  3725  3770
  7874 2 2       1      1  3725  4292  3770
  7875 2 2       1      1  3725  1214  4292
  7876 2 2       1      1  3770  4292  1226
  7877 2 2       1      1  1214  4293  4292
  7878 2 2       1      1  4293  4294  4292
  7879 2 2       1      1  4293  1339  4294
  7880 2 2       1      1  4292  4294  1226
  7881 2 2       1      1  1214  3728  4293
  7882 2 2       1      1  3728  4295  4293
  7883 2 2       1      1  3728   564  4295
  7884 2 2       1      1  4293  4295  1339
  7885 2 2       1      1  1226  4294  3771
  7886 2 2       1      1  4294  4296  3771
  7887 2 2       1      1  4294  1339  4296
  7888 2 2       1      1  3771  4296   586
  7889 2 2       1      1   526  1475  4298
  7890 2 2       1      1  1475  4297  4298
  7891 2 2       1      1  1475   647  4297
  7892 2 2       1      1  4298  4297  1341
  7893 2 2       1      1   647  4299  4297
  7894 2 2       1      1  4299  4300  4297
  7895 2 2       1      1  4299  1340  4300
  7896 2 2       1      1  4297  4300  1341
  7897 2 2       1      1   647  1474  4299
  7898 2 2       1      1  1474  4301  4299
  7899 2 2       1      1  1474   442  4301
  7900 2 2       1      1  4299  4301  1340
  7901 2 2       1      1  1341  4300  4303
  7902 2 2       1      1  4300  4302  4303
  7903 2 2       1      1  4300  1340  4302
  7904 2 2       1      1  4303  4302   601
  7905 2 2       1      1   545  1461  4305
  7906 2 2       1      1  1461  4304  4305
  7907 2 2       1      1  1461   643  4304
  7908 2 2       1      1  4305  4304  1343
  7909 2 2       1      1   643  4306  4304
  7910 2 2       1      1  4306  4307  4304
  7911 2 2       1      1  4306  1342  4307
  7912 2 2       1      1  4304  4307  1343
  7913 2 2       1      1   643  1460  4306
  7914 2 2       1      1  1460  4308  4306
  7915 2 2       1      1  1460   461  4308
  7916 2 2       1      1  4306  4308  1342
  7917 2 2       1      1  1343  4307  4310
  7918 2 2       1      1  4307  4309  4310
  7919 2 2       1      1  4307  1342  4309
  7920 2 2       1      1  4310  4309   602
  7921 2 2       1      1   461  1915  4308
  7922 2 2       1      1  1915  4311  4308
  7923 2 2       1      1  1915   768  4311
  7924 2 2       1      1  4308  4311  1342
  7925 2 2       1      1   768  4312  4311
  7926 2 2       1      1  4312  4313  4311
  7927 2 2       1      1  4312   728  4313
  7928 2 2       1      1  4311  4313  1342
  7929 2 2       1      1   768  1914  4312
  7930 2 2       1      1  1914  1752  4312
  7931 2 2       1      1  1914   460  1752
  7932 2 2       1      1  4312  1752   728
  7933 2 2       1      1  1342  4313  4309
  7934 2 2       1      1  4313  1757  4309
  7935 2 2       1      1  4313   728  1757
  7936 2 2       1      1  4309  1757   602
  7937 2 2       1      1   442  1937  4301
  7938 2 2       1      1  1937  4314  4301
  7939 2 2       1      1  1937   773  4314
  7940 2 2       1      1  4301  4314  1340
  7941 2 2       1      1   773  4315  4314
  7942 2 2       1      1  4315  4316  4314
  7943 2 2       1      1  4315   726  4316
  7944 2 2       1      1  4314  4316  1340
  7945 2 2       1      1   773  1936  4315
  7946 2 2       1      1  1936  1745  4315
  7947 2 2       1      1  1936   441  1745
  7948 2 2       1      1  4315  1745   726
  7949 2 2       1      1  1340  4316  4302
  7950 2 2       1      1  4316  1750  4302
  7951 2 2       1      1  4316   726  1750
  7952 2 2       1      1  4302  1750   601
  7953 2 2       1      1   525  2666  4270
  7954 2 2       1      1  2666  4317  4270
  7955 2 2       1      1  2666   969  4317
  7956 2 2       1      1  4270  4317  1337
  7957 2 2       1      1   969  4318  4317
  7958 2 2       1      1  4318  4319  4317
  7959 2 2       1      1  4318  1344  4319
  7960 2 2       1      1  4317  4319  1337
  7961 2 2       1      1   969  2665  4318
  7962 2 2       1      1  2665  4320  4318
  7963 2 2       1      1  2665   413  4320
  7964 2 2       1      1  4318  4320  1344
  7965 2 2       1      1  1337  4319  4271
  7966 2 2       1      1  4319  4321  4271
  7967 2 2       1      1  4319  1344  4321
  7968 2 2       1      1  4271  4321   597
  7969 2 2       1      1   425  3552  3628
  7970 2 2       1      1  3552  4322  3628
  7971 2 2       1      1  3552  1181  4322
  7972 2 2       1      1  3628  4322  1193
  7973 2 2       1      1  1181  4323  4322
  7974 2 2       1      1  4323  4324  4322
  7975 2 2       1      1  4323  1345  4324
  7976 2 2       1      1  4322  4324  1193
  7977 2 2       1      1  1181  3557  4323
  7978 2 2       1      1  3557  4325  4323
  7979 2 2       1      1  3557   590  4325
  7980 2 2       1      1  4323  4325  1345
  7981 2 2       1      1  1193  4324  3629
  7982 2 2       1      1  4324  4326  3629
  7983 2 2       1      1  4324  1345  4326
  7984 2 2       1      1  3629  4326   603
  7985 2 2       1      1   544  3123  3593
  7986 2 2       1      1  3123  4327  3593
  7987 2 2       1      1  3123  1082  4327
  7988 2 2       1      1  3593  4327  1186
  7989 2 2       1      1  1082  4328  4327
  7990 2 2       1      1  4328  4329  4327
  7991 2 2       1      1  4328  1194  4329
  7992 2 2       1      1  4327  4329  1186
  7993 2 2       1      1  1082  3122  4328
  7994 2 2       1      1  3122  3631  4328
  7995 2 2       1      1  3122   407  3631
  7996 2 2       1      1  4328  3631  1194
  7997 2 2       1      1  1186  4329  3594
  7998 2 2       1      1  4329  3634  3594
  7999 2 2       1      1  4329  1194  3634
  8000 2 2       1      1  3594  3634   592
  8001 2 2       1      1   354   278  3598
  8002 2 2       1      1   278  4330  3598
  8003 2 2       1      1   278   309  4330
  8004 2 2       1      1  3598  4330  1187
  8005 2 2       1      1   309  4331  4330
  8006 2 2       1      1  4331  4332  4330
  8007 2 2       1      1  4331  1191  4332
  8008 2 2       1      1  4330  4332  1187
  8009 2 2       1      1   309   279  4331
  8010 2 2       1      1   279  3616  4331
  8011 2 2       1      1   279   353  3616
  8012 2 2       1      1  4331  3616  1191
  8013 2 2       1      1  1187  4332  3599
  8014 2 2       1      1  4332  3619  3599
  8015 2 2       1      1  4332  1191  3619
  8016 2 2       1      1  3599  3619   593
  8017 2 2       1      1   157    82  3603
  8018 2 2       1      1    82  4333  3603
  8019 2 2       1      1    82   113  4333
  8020 2 2       1      1  3603  4333  1188
  8021 2 2       1      1   113  4334  4333
  8022 2 2       1      1  4334  4335  4333
  8023 2 2       1      1  4334  1192  4335
  8024 2 2       1      1  4333  4335  1188
  8025 2 2       1      1   113    83  4334
  8026 2 2       1      1    83  3621  4334
  8027 2 2       1      1    83   156  3621
  8028 2 2       1      1  4334  3621  1192
  8029 2 2       1      1  1188  4335  3604
  8030 2 2       1      1  4335  3624  3604
  8031 2 2       1      1  4335  1192  3624
  8032 2 2       1      1  3604  3624   594
  8033 2 2       1      1   441  1931  1614
  8034 2 2       1      1  1931  4336  1614
  8035 2 2       1      1  1931   771  4336
  8036 2 2       1      1  1614  4336   688
  8037 2 2       1      1   771  4337  4336
  8038 2 2       1      1  4337  4338  4336
  8039 2 2       1      1  4337  1189  4338
  8040 2 2       1      1  4336  4338   688
  8041 2 2       1      1   771  1930  4337
  8042 2 2       1      1  1930  3606  4337
  8043 2 2       1      1  1930   438  3606
  8044 2 2       1      1  4337  3606  1189
  8045 2 2       1      1   688  4338  1615
  8046 2 2       1      1  4338  3609  1615
  8047 2 2       1      1  4338  1189  3609
  8048 2 2       1      1  1615  3609   595
  8049 2 2       1      1   460  1925  1623
  8050 2 2       1      1  1925  4339  1623
  8051 2 2       1      1  1925   770  4339
  8052 2 2       1      1  1623  4339   691
  8053 2 2       1      1   770  4340  4339
  8054 2 2       1      1  4340  4341  4339
  8055 2 2       1      1  4340  1190  4341
  8056 2 2       1      1  4339  4341   691
  8057 2 2       1      1   770  1924  4340
  8058 2 2       1      1  1924  3611  4340
  8059 2 2       1      1  1924   457  3611
  8060 2 2       1      1  4340  3611  1190
  8061 2 2       1      1   691  4341  1624
  8062 2 2       1      1  4341  3614  1624
  8063 2 2       1      1  4341  1190  3614
  8064 2 2       1      1  1624  3614   596
  8065 2 2       1      1   556  3475  4343
  8066 2 2       1      1  3475  4342  4343
  8067 2 2       1      1  3475  1159  4342
  8068 2 2       1      1  4343  4342  1346
  8069 2 2       1      1  1159  4344  4342
  8070 2 2       1      1  4344  4345  4342
  8071 2 2       1      1  4344   711  4345
  8072 2 2       1      1  4342  4345  1346
  8073 2 2       1      1  1159  3474  4344
  8074 2 2       1      1  3474  1685  4344
  8075 2 2       1      1  3474   446  1685
  8076 2 2       1      1  4344  1685   711
  8077 2 2       1      1  1346  4345  4346
  8078 2 2       1      1  4345  1690  4346
  8079 2 2       1      1  4345   711  1690
  8080 2 2       1      1  4346  1690   597
  8081 2 2       1      1   416  4225  1731
  8082 2 2       1      1  4225  4347  1731
  8083 2 2       1      1  4225  1329  4347
  8084 2 2       1      1  1731  4347   721
  8085 2 2       1      1  1329  4348  4347
  8086 2 2       1      1  4348  4349  4347
  8087 2 2       1      1  4348  1347  4349
  8088 2 2       1      1  4347  4349   721
  8089 2 2       1      1  1329  4228  4348
  8090 2 2       1      1  4228  4350  4348
  8091 2 2       1      1  4228   586  4350
  8092 2 2       1      1  4348  4350  1347
  8093 2 2       1      1   721  4349  1732
  8094 2 2       1      1  4349  4351  1732
  8095 2 2       1      1  4349  1347  4351
  8096 2 2       1      1  1732  4351   600
  8097 2 2       1      1   451  1951  4353
  8098 2 2       1      1  1951  4352  4353
  8099 2 2       1      1  1951   778  4352
  8100 2 2       1      1  4353  4352  1348
  8101 2 2       1      1   778  4354  4352
  8102 2 2       1      1  4354  4355  4352
  8103 2 2       1      1  4354   722  4355
  8104 2 2       1      1  4352  4355  1348
  8105 2 2       1      1   778  1956  4354
  8106 2 2       1      1  1956  1728  4354
  8107 2 2       1      1  1956   452  1728
  8108 2 2       1      1  4354  1728   722
  8109 2 2       1      1  1348  4355  4356
  8110 2 2       1      1  4355  1733  4356
  8111 2 2       1      1  4355   722  1733
  8112 2 2       1      1  4356  1733   600
  8113 2 2       1      1   356   274  3638
  8114 2 2       1      1   274  4357  3638
  8115 2 2       1      1   274   311  4357
  8116 2 2       1      1  3638  4357  1195
  8117 2 2       1      1   311  4358  4357
  8118 2 2       1      1  4358  4359  4357
  8119 2 2       1      1  4358  1196  4359
  8120 2 2       1      1  4357  4359  1195
  8121 2 2       1      1   311   275  4358
  8122 2 2       1      1   275  3641  4358
  8123 2 2       1      1   275   355  3641
  8124 2 2       1      1  4358  3641  1196
  8125 2 2       1      1  1195  4359  3639
  8126 2 2       1      1  4359  3644  3639
  8127 2 2       1      1  4359  1196  3644
  8128 2 2       1      1  3639  3644   598
  8129 2 2       1      1   159    78  3648
  8130 2 2       1      1    78  4360  3648
  8131 2 2       1      1    78   115  4360
  8132 2 2       1      1  3648  4360  1197
  8133 2 2       1      1   115  4361  4360
  8134 2 2       1      1  4361  4362  4360
  8135 2 2       1      1  4361  1198  4362
  8136 2 2       1      1  4360  4362  1197
  8137 2 2       1      1   115    79  4361
  8138 2 2       1      1    79  3651  4361
  8139 2 2       1      1    79   158  3651
  8140 2 2       1      1  4361  3651  1198
  8141 2 2       1      1  1197  4362  3649
  8142 2 2       1      1  4362  3654  3649
  8143 2 2       1      1  4362  1198  3654
  8144 2 2       1      1  3649  3654   599
  8145 2 2       1      1   415  3353  3658
  8146 2 2       1      1  3353  4363  3658
  8147 2 2       1      1  3353  1131  4363
  8148 2 2       1      1  3658  4363  1199
  8149 2 2       1      1  1131  4364  4363
  8150 2 2       1      1  4364  4365  4363
  8151 2 2       1      1  4364  1341  4365
  8152 2 2       1      1  4363  4365  1199
  8153 2 2       1      1  1131  3358  4364
  8154 2 2       1      1  3358  4298  4364
  8155 2 2       1      1  3358   526  4298
  8156 2 2       1      1  4364  4298  1341
  8157 2 2       1      1  1199  4365  3659
  8158 2 2       1      1  4365  4303  3659
  8159 2 2       1      1  4365  1341  4303
  8160 2 2       1      1  3659  4303   601
  8161 2 2       1      1   408  3360  3670
  8162 2 2       1      1  3360  4366  3670
  8163 2 2       1      1  3360  1133  4366
  8164 2 2       1      1  3670  4366  1202
  8165 2 2       1      1  1133  4367  4366
  8166 2 2       1      1  4367  4368  4366
  8167 2 2       1      1  4367  1343  4368
  8168 2 2       1      1  4366  4368  1202
  8169 2 2       1      1  1133  3365  4367
  8170 2 2       1      1  3365  4305  4367
  8171 2 2       1      1  3365   545  4305
  8172 2 2       1      1  4367  4305  1343
  8173 2 2       1      1  1202  4368  3671
  8174 2 2       1      1  4368  4310  3671
  8175 2 2       1      1  4368  1343  4310
  8176 2 2       1      1  3671  4310   602
  8177 2 2       1      1   464  1783  4370
  8178 2 2       1      1  1783  4369  4370
  8179 2 2       1      1  1783   735  4369
  8180 2 2       1      1  4370  4369  1349
  8181 2 2       1      1   735  4371  4369
  8182 2 2       1      1  4371  4372  4369
  8183 2 2       1      1  4371   707  4372
  8184 2 2       1      1  4369  4372  1349
  8185 2 2       1      1   735  1786  4371
  8186 2 2       1      1  1786  1670  4371
  8187 2 2       1      1  1786   466  1670
  8188 2 2       1      1  4371  1670   707
  8189 2 2       1      1  1349  4372  4373
  8190 2 2       1      1  4372  1676  4373
  8191 2 2       1      1  4372   707  1676
  8192 2 2       1      1  4373  1676   603
  8193 2 2       1      1    20  3457  4244
  8194 2 2       1      1  3457  4374  4244
  8195 2 2       1      1  3457  1156  4374
  8196 2 2       1      1  4244  4374  1331
  8197 2 2       1      1  1156  4375  4374
  8198 2 2       1      1  4375  4376  4374
  8199 2 2       1      1  4375  1350  4376
  8200 2 2       1      1  4374  4376  1331
  8201 2 2       1      1  1156  3462  4375
  8202 2 2       1      1  3462  4377  4375
  8203 2 2       1      1  3462   557  4377
  8204 2 2       1      1  4375  4377  1350
  8205 2 2       1      1  1331  4376  4245
  8206 2 2       1      1  4376  4378  4245
  8207 2 2       1      1  4376  1350  4378
  8208 2 2       1      1  4245  4378   609
  8209 2 2       1      1   217  3464  4251
  8210 2 2       1      1  3464  4379  4251
  8211 2 2       1      1  3464  1158  4379
  8212 2 2       1      1  4251  4379  1333
  8213 2 2       1      1  1158  4380  4379
  8214 2 2       1      1  4380  4381  4379
  8215 2 2       1      1  4380  1351  4381
  8216 2 2       1      1  4379  4381  1333
  8217 2 2       1      1  1158  3469  4380
  8218 2 2       1      1  3469  4382  4380
  8219 2 2       1      1  3469   558  4382
  8220 2 2       1      1  4380  4382  1351
  8221 2 2       1      1  1333  4381  4252
  8222 2 2       1      1  4381  4383  4252
  8223 2 2       1      1  4381  1351  4383
  8224 2 2       1      1  4252  4383   610
  8225 2 2       1      1   413  3432  4320
  8226 2 2       1      1  3432  4384  4320
  8227 2 2       1      1  3432  1151  4384
  8228 2 2       1      1  4320  4384  1344
  8229 2 2       1      1  1151  4385  4384
  8230 2 2       1      1  4385  4386  4384
  8231 2 2       1      1  4385  1346  4386
  8232 2 2       1      1  4384  4386  1344
  8233 2 2       1      1  1151  3437  4385
  8234 2 2       1      1  3437  4343  4385
  8235 2 2       1      1  3437   556  4343
  8236 2 2       1      1  4385  4343  1346
  8237 2 2       1      1  1344  4386  4321
  8238 2 2       1      1  4386  4346  4321
  8239 2 2       1      1  4386  1346  4346
  8240 2 2       1      1  4321  4346   597
  8241 2 2       1      1   397  2876  1452
  8242 2 2       1      1  2876  4387  1452
  8243 2 2       1      1  2876  1028  4387
  8244 2 2       1      1  1452  4387   640
  8245 2 2       1      1  1028  4388  4387
  8246 2 2       1      1  4388  4389  4387
  8247 2 2       1      1  4388  1207  4389
  8248 2 2       1      1  4387  4389   640
  8249 2 2       1      1  1028  2875  4388
  8250 2 2       1      1  2875  3690  4388
  8251 2 2       1      1  2875   359  3690
  8252 2 2       1      1  4388  3690  1207
  8253 2 2       1      1   640  4389  1453
  8254 2 2       1      1  4389  3693  1453
  8255 2 2       1      1  4389  1207  3693
  8256 2 2       1      1  1453  3693   604
  8257 2 2       1      1   197  3478  3682
  8258 2 2       1      1  3478  4390  3682
  8259 2 2       1      1  3478  1162  4390
  8260 2 2       1      1  3682  4390  1205
  8261 2 2       1      1  1162  4391  4390
  8262 2 2       1      1  4391  4392  4390
  8263 2 2       1      1  4391  1352  4392
  8264 2 2       1      1  4390  4392  1205
  8265 2 2       1      1  1162  3483  4391
  8266 2 2       1      1  3483  4393  4391
  8267 2 2       1      1  3483   559  4393
  8268 2 2       1      1  4391  4393  1352
  8269 2 2       1      1  1205  4392  3683
  8270 2 2       1      1  4392  4394  3683
  8271 2 2       1      1  4392  1352  4394
  8272 2 2       1      1  3683  4394   607
  8273 2 2       1      1   362  3485  3687
  8274 2 2       1      1  3485  4395  3687
  8275 2 2       1      1  3485  1164  4395
  8276 2 2       1      1  3687  4395  1206
  8277 2 2       1      1  1164  4396  4395
  8278 2 2       1      1  4396  4397  4395
  8279 2 2       1      1  4396  1353  4397
  8280 2 2       1      1  4395  4397  1206
  8281 2 2       1      1  1164  3490  4396
  8282 2 2       1      1  3490  4398  4396
  8283 2 2       1      1  3490   560  4398
  8284 2 2       1      1  4396  4398  1353
  8285 2 2       1      1  1206  4397  3688
  8286 2 2       1      1  4397  4399  3688
  8287 2 2       1      1  4397  1353  4399
  8288 2 2       1      1  3688  4399   608
  8289 2 2       1      1   190    60  1630
  8290 2 2       1      1    60  4400  1630
  8291 2 2       1      1    60   146  4400
  8292 2 2       1      1  1630  4400   693
  8293 2 2       1      1   146  4401  4400
  8294 2 2       1      1  4401  4402  4400
  8295 2 2       1      1  4401  1216  4402
  8296 2 2       1      1  4400  4402   693
  8297 2 2       1      1   146    61  4401
  8298 2 2       1      1    61  3735  4401
  8299 2 2       1      1    61   189  3735
  8300 2 2       1      1  4401  3735  1216
  8301 2 2       1      1   693  4402  1631
  8302 2 2       1      1  4402  3738  1631
  8303 2 2       1      1  4402  1216  3738
  8304 2 2       1      1  1631  3738   606
  8305 2 2       1      1   435  1903  4404
  8306 2 2       1      1  1903  4403  4404
  8307 2 2       1      1  1903   765  4403
  8308 2 2       1      1  4404  4403  1354
  8309 2 2       1      1   765  4405  4403
  8310 2 2       1      1  4405  4406  4403
  8311 2 2       1      1  4405  1201  4406
  8312 2 2       1      1  4403  4406  1354
  8313 2 2       1      1   765  1902  4405
  8314 2 2       1      1  1902  3661  4405
  8315 2 2       1      1  1902    17  3661
  8316 2 2       1      1  4405  3661  1201
  8317 2 2       1      1  1354  4406  4407
  8318 2 2       1      1  4406  3666  4407
  8319 2 2       1      1  4406  1201  3666
  8320 2 2       1      1  4407  3666   607
  8321 2 2       1      1   454  1920  4409
  8322 2 2       1      1  1920  4408  4409
  8323 2 2       1      1  1920   769  4408
  8324 2 2       1      1  4409  4408  1355
  8325 2 2       1      1   769  4410  4408
  8326 2 2       1      1  4410  4411  4408
  8327 2 2       1      1  4410  1204  4411
  8328 2 2       1      1  4408  4411  1355
  8329 2 2       1      1   769  1919  4410
  8330 2 2       1      1  1919  3673  4410
  8331 2 2       1      1  1919   214  3673
  8332 2 2       1      1  4410  3673  1204
  8333 2 2       1      1  1355  4411  4412
  8334 2 2       1      1  4411  3678  4412
  8335 2 2       1      1  4411  1204  3678
  8336 2 2       1      1  4412  3678   608
  8337 2 2       1      1   433  3390  4414
  8338 2 2       1      1  3390  4413  4414
  8339 2 2       1      1  3390  1139  4413
  8340 2 2       1      1  4414  4413  1356
  8341 2 2       1      1  1139  4415  4413
  8342 2 2       1      1  4415  4416  4413
  8343 2 2       1      1  4415  1335  4416
  8344 2 2       1      1  4413  4416  1356
  8345 2 2       1      1  1139  3389  4415
  8346 2 2       1      1  3389  4255  4415
  8347 2 2       1      1  3389   352  4255
  8348 2 2       1      1  4415  4255  1335
  8349 2 2       1      1  1356  4416  4417
  8350 2 2       1      1  4416  4258  4417
  8351 2 2       1      1  4416  1335  4258
  8352 2 2       1      1  4417  4258   609
  8353 2 2       1      1   434  3397  4419
  8354 2 2       1      1  3397  4418  4419
  8355 2 2       1      1  3397  1141  4418
  8356 2 2       1      1  4419  4418  1357
  8357 2 2       1      1  1141  4420  4418
  8358 2 2       1      1  4420  4421  4418
  8359 2 2       1      1  4420  1336  4421
  8360 2 2       1      1  4418  4421  1357
  8361 2 2       1      1  1141  3396  4420
  8362 2 2       1      1  3396  4260  4420
  8363 2 2       1      1  3396   155  4260
  8364 2 2       1      1  4420  4260  1336
  8365 2 2       1      1  1357  4421  4422
  8366 2 2       1      1  4421  4263  4422
  8367 2 2       1      1  4421  1336  4263
  8368 2 2       1      1  4422  4263   610
  8369 2 2       1      1   590  3429  4325
  8370 2 2       1      1  3429  4423  4325
  8371 2 2       1      1  3429  1148  4423
  8372 2 2       1      1  4325  4423  1345
  8373 2 2       1      1  1148  4424  4423
  8374 2 2       1      1  4424  4425  4423
  8375 2 2       1      1  4424  1349  4425
  8376 2 2       1      1  4423  4425  1345
  8377 2 2       1      1  1148  3428  4424
  8378 2 2       1      1  3428  4370  4424
  8379 2 2       1      1  3428   464  4370
  8380 2 2       1      1  4424  4370  1349
  8381 2 2       1      1  1345  4425  4326
  8382 2 2       1      1  4425  4373  4326
  8383 2 2       1      1  4425  1349  4373
  8384 2 2       1      1  4326  4373   603
  8385 2 2       1      1   589  4291  4427
  8386 2 2       1      1  4291  4426  4427
  8387 2 2       1      1  4291  1338  4426
  8388 2 2       1      1  4427  4426  1358
  8389 2 2       1      1  1338  4428  4426
  8390 2 2       1      1  4428  4429  4426
  8391 2 2       1      1  4428   713  4429
  8392 2 2       1      1  4426  4429  1358
  8393 2 2       1      1  1338  4290  4428
  8394 2 2       1      1  4290  1692  4428
  8395 2 2       1      1  4290   532  1692
  8396 2 2       1      1  4428  1692   713
  8397 2 2       1      1  1358  4429  4430
  8398 2 2       1      1  4429  1697  4430
  8399 2 2       1      1  4429   713  1697
  8400 2 2       1      1  4430  1697   605
  8401 2 2       1      1   557  1645  4377
  8402 2 2       1      1  1645  4431  4377
  8403 2 2       1      1  1645   697  4431
  8404 2 2       1      1  4377  4431  1350
  8405 2 2       1      1   697  4432  4431
  8406 2 2       1      1  4432  4433  4431
  8407 2 2       1      1  4432  1356  4433
  8408 2 2       1      1  4431  4433  1350
  8409 2 2       1      1   697  1644  4432
  8410 2 2       1      1  1644  4414  4432
  8411 2 2       1      1  1644   433  4414
  8412 2 2       1      1  4432  4414  1356
  8413 2 2       1      1  1350  4433  4378
  8414 2 2       1      1  4433  4417  4378
  8415 2 2       1      1  4433  1356  4417
  8416 2 2       1      1  4378  4417   609
  8417 2 2       1      1   558  1652  4382
  8418 2 2       1      1  1652  4434  4382
  8419 2 2       1      1  1652   699  4434
  8420 2 2       1      1  4382  4434  1351
  8421 2 2       1      1   699  4435  4434
  8422 2 2       1      1  4435  4436  4434
  8423 2 2       1      1  4435  1357  4436
  8424 2 2       1      1  4434  4436  1351
  8425 2 2       1      1   699  1651  4435
  8426 2 2       1      1  1651  4419  4435
  8427 2 2       1      1  1651   434  4419
  8428 2 2       1      1  4435  4419  1357
  8429 2 2       1      1  1351  4436  4383
  8430 2 2       1      1  4436  4422  4383
  8431 2 2       1      1  4436  1357  4422
  8432 2 2       1      1  4383  4422   610
  8433 2 2       1      1   564  3524  4438
  8434 2 2       1      1  3524  4437  4438
  8435 2 2       1      1  3524  1172  4437
  8436 2 2       1      1  4438  4437  1359
  8437 2 2       1      1  1172  4439  4437
  8438 2 2       1      1  4439  4440  4437
  8439 2 2       1      1  4439  1348  4440
  8440 2 2       1      1  4437  4440  1359
  8441 2 2       1      1  1172  3523  4439
  8442 2 2       1      1  3523  4353  4439
  8443 2 2       1      1  3523   451  4353
  8444 2 2       1      1  4439  4353  1348
  8445 2 2       1      1  1359  4440  4441
  8446 2 2       1      1  4440  4356  4441
  8447 2 2       1      1  4440  1348  4356
  8448 2 2       1      1  4441  4356   600
  8449 2 2       1      1   586  4296  4350
  8450 2 2       1      1  4296  4442  4350
  8451 2 2       1      1  4296  1339  4442
  8452 2 2       1      1  4350  4442  1347
  8453 2 2       1      1  1339  4443  4442
  8454 2 2       1      1  4443  4444  4442
  8455 2 2       1      1  4443  1359  4444
  8456 2 2       1      1  4442  4444  1347
  8457 2 2       1      1  1339  4295  4443
  8458 2 2       1      1  4295  4438  4443
  8459 2 2       1      1  4295   564  4438
  8460 2 2       1      1  4443  4438  1359
  8461 2 2       1      1  1347  4444  4351
  8462 2 2       1      1  4444  4441  4351
  8463 2 2       1      1  4444  1359  4441
  8464 2 2       1      1  4351  4441   600
  8465 2 2       1      1   559  1600  4393
  8466 2 2       1      1  1600  4445  4393
  8467 2 2       1      1  1600   684  4445
  8468 2 2       1      1  4393  4445  1352
  8469 2 2       1      1   684  4446  4445
  8470 2 2       1      1  4446  4447  4445
  8471 2 2       1      1  4446  1354  4447
  8472 2 2       1      1  4445  4447  1352
  8473 2 2       1      1   684  1599  4446
  8474 2 2       1      1  1599  4404  4446
  8475 2 2       1      1  1599   435  4404
  8476 2 2       1      1  4446  4404  1354
  8477 2 2       1      1  1352  4447  4394
  8478 2 2       1      1  4447  4407  4394
  8479 2 2       1      1  4447  1354  4407
  8480 2 2       1      1  4394  4407   607
  8481 2 2       1      1   560  1607  4398
  8482 2 2       1      1  1607  4448  4398
  8483 2 2       1      1  1607   686  4448
  8484 2 2       1      1  4398  4448  1353
  8485 2 2       1      1   686  4449  4448
  8486 2 2       1      1  4449  4450  4448
  8487 2 2       1      1  4449  1355  4450
  8488 2 2       1      1  4448  4450  1353
  8489 2 2       1      1   686  1606  4449
  8490 2 2       1      1  1606  4409  4449
  8491 2 2       1      1  1606   454  4409
  8492 2 2       1      1  4449  4409  1355
  8493 2 2       1      1  1353  4450  4399
  8494 2 2       1      1  4450  4412  4399
  8495 2 2       1      1  4450  1355  4412
  8496 2 2       1      1  4399  4412   608
  8497 2 2       1      1   542  4236  3743
  8498 2 2       1      1  4236  4451  3743
  8499 2 2       1      1  4236  1330  4451
  8500 2 2       1      1  3743  4451  1217
  8501 2 2       1      1  1330  4452  4451
  8502 2 2       1      1  4452  4453  4451
  8503 2 2       1      1  4452  1358  4453
  8504 2 2       1      1  4451  4453  1217
  8505 2 2       1      1  1330  4239  4452
  8506 2 2       1      1  4239  4427  4452
  8507 2 2       1      1  4239   589  4427
  8508 2 2       1      1  4452  4427  1358
  8509 2 2       1      1  1217  4453  3744
  8510 2 2       1      1  4453  4430  3744
  8511 2 2       1      1  4453  1358  4430
  8512 2 2       1      1  3744  4430   605
$EndElements
$NodeData
1
"omega"
1
 0.0
3
0
1
  4453
     1         0.0151606088
     2         0.0171997283
     3         0.0131808276
     4         0.0093493262
     5         0.0056317788
     6         0.0019767464
     7        -0.0016581915
     8        -0.0053132282
     9        -0.0090307954
    10        -0.0128623228
    11        -0.0168811499
    12        -0.0190045474
    13         0.0074798842
    14         0.0001592835
    15        -0.0071613323
    16        -0.0148420740
    17         0.0112462227
    18         0.0037992551
    19        -0.0034807651
    20        -0.0109277088
    21         0.0193231223
    22         0.0052608700
    23         0.0102671023
    24         0.0097667621
    25         0.0092663005
    26         0.0087657524
    27         0.0082651409
    28         0.0077644827
    29         0.0072637921
    30         0.0067630888
    31         0.0062624247
    32         0.0057616833
    33         0.0107672620
    34         0.0047600941
    35         0.0042592681
    36         0.0037585000
    37         0.0032577931
    38         0.0027570270
    39         0.0022562478
    40         0.0017554667
    41         0.0012546858
    42         0.0007539052
    43         0.0002531249
    44         0.0162070454
    45         0.0196456987
    46         0.0195941033
    47         0.0194158126
    48         0.0191492291
    49         0.0188189142
    50         0.0184427591
    51         0.0180335761
    52         0.0175993831
    53         0.0171470598
    54         0.0166819202
    55        -0.0002476551
    56         0.0157251548
    57         0.0152382064
    58         0.0147478639
    59         0.0142554425
    60         0.0137600718
    61         0.0132622994
    62         0.0127643315
    63         0.0122662629
    64         0.0117670881
    65         0.0112672604
    66        -0.0166758611
    67        -0.0117614290
    68        -0.0122606834
    69        -0.0127593626
    70        -0.0132571918
    71        -0.0137538264
    72        -0.0142490435
    73        -0.0147424738
    74        -0.0152332966
    75        -0.0157204546
    76        -0.0162020174
    77        -0.0112617559
    78        -0.0171409645
    79        -0.0175937839
    80        -0.0180280282
    81        -0.0184371653
    82        -0.0188134586
    83        -0.0191442861
    84        -0.0194108123
    85        -0.0195882906
    86        -0.0196398497
    87        -0.0195007625
    88        -0.0057561490
    89        -0.0007484348
    90        -0.0012492140
    91        -0.0017499927
    92        -0.0022507706
    93        -0.0027515474
    94        -0.0032523228
    95        -0.0037530961
    96        -0.0042538666
    97        -0.0047546333
    98        -0.0052553947
    99         0.0195062616
   100        -0.0062568936
   101        -0.0067576248
   102        -0.0072583379
   103        -0.0077590261
   104        -0.0082596804
   105        -0.0087602886
   106        -0.0092608338
   107        -0.0097612927
   108        -0.0102616310
   109        -0.0107617916
   110         0.0196056672
   111        -0.0196000770
   112        -0.0195124954
   113        -0.0189855774
   114        -0.0182361508
   115        -0.0173693014
   116        -0.0164400112
   117        -0.0154774018
   118        -0.0144960345
   119        -0.0135056859
   120        -0.0125101131
   121        -0.0115116441
   122        -0.0105117388
   123        -0.0095110759
   124        -0.0085099912
   125        -0.0075086856
   126        -0.0065072611
   127        -0.0055057729
   128        -0.0045042505
   129        -0.0035027097
   130        -0.0025011592
   131        -0.0014996034
   132        -0.0004980450
   133         0.0005035150
   134         0.0015050762
   135         0.0025066380
   136         0.0035081601
   137         0.0045096945
   138         0.0055112649
   139         0.0065127454
   140         0.0075141406
   141         0.0085154534
   142         0.0095165439
   143         0.0110172236
   144         0.0115172019
   145         0.0125154483
   146         0.0135113241
   147         0.0145018776
   148         0.0154822528
   149         0.0164455318
   150         0.0173750445
   151         0.0182417189
   152         0.0189908523
   153         0.0195179217
   154        -0.0193176207
   155        -0.0196330121
   156        -0.0192878064
   157        -0.0186294796
   158        -0.0178141954
   159        -0.0169087031
   160        -0.0159624946
   161        -0.0149882624
   162        -0.0140015066
   163        -0.0130084067
   164        -0.0120110835
   165        -0.0110117601
   166        -0.0100114797
   167        -0.0090105704
   168        -0.0080093582
   169        -0.0070079840
   170        -0.0060065227
   171        -0.0050050147
   172        -0.0040034817
   173        -0.0030019353
   174        -0.0020003818
   175        -0.0009988245
   176         0.0000027349
   177         0.0010042954
   178         0.0020058573
   179         0.0030074132
   180         0.0040087508
   181         0.0050104828
   182         0.0060121891
   183         0.0070134400
   184         0.0080148167
   185         0.0090160356
   186         0.0100169503
   187         0.0105172102
   188         0.0120170230
   189         0.0130124133
   190         0.0140091848
   191         0.0149930221
   192         0.0159666668
   193         0.0169159433
   194         0.0178196907
   195         0.0186351824
   196         0.0192917054
   197         0.0196398305
   198        -0.0171947886
   199         0.0168759144
   200         0.0128581446
   201         0.0090277740
   202         0.0053113573
   203         0.0016574553
   204        -0.0019763523
   205        -0.0056302586
   206        -0.0093466951
   207        -0.0131770919
   208         0.0189987431
   209         0.0148373603
   210         0.0071588974
   211        -0.0001594424
   212        -0.0074777973
   213        -0.0151562779
   214         0.0109241057
   215         0.0034793991
   216        -0.0037983609
   217        -0.0112430432
   218         0.0051791471
   219         0.0101129248
   220         0.0096198369
   221         0.0091266277
   222         0.0086333300
   223         0.0081399677
   224         0.0076465583
   225         0.0071531145
   226         0.0066596456
   227         0.0061661583
   228         0.0056726576
   229         0.0106058464
   230         0.0046856295
   231         0.0041921066
   232         0.0036985799
   233         0.0032050504
   234         0.0027115188
   235         0.0022179858
   236         0.0017244517
   237         0.0012309168
   238         0.0007373815
   239         0.0002438458
   240         0.0159660853
   241         0.0193321851
   242         0.0192878332
   243         0.0191167863
   244         0.0188574465
   245         0.0185343748
   246         0.0181654626
   247         0.0177635224
   248         0.0173365735
   249         0.0168915075
   250         0.0164336312
   251        -0.0002496900
   252         0.0154914885
   253         0.0150118483
   254         0.0145286049
   255         0.0140426158
   256         0.0135545238
   257         0.0130649532
   258         0.0125743080
   259         0.0120828959
   260         0.0115909265
   261         0.0110985410
   262        -0.0164388067
   263        -0.0115968476
   264        -0.0120888709
   265        -0.0125803425
   266        -0.0130708964
   267        -0.0135600883
   268        -0.0140480037
   269        -0.0145342526
   270        -0.0150178702
   271        -0.0154979154
   272        -0.0159722726
   273        -0.0111044242
   274        -0.0168966690
   275        -0.0173422653
   276        -0.0177692740
   277        -0.0181711714
   278        -0.0185402229
   279        -0.0188638080
   280        -0.0191230913
   281        -0.0192933260
   282        -0.0193376417
   283        -0.0191913111
   284        -0.0056784949
   285        -0.0007432257
   286        -0.0012367611
   287        -0.0017302958
   288        -0.0022238294
   289        -0.0027173614
   290        -0.0032108910
   291        -0.0037044174
   292        -0.0041979424
   293        -0.0046914664
   294        -0.0051849849
   295         0.0191855044
   296        -0.0061719969
   297        -0.0066654871
   298        -0.0071589562
   299        -0.0076523990
   300        -0.0081458089
   301        -0.0086391725
   302        -0.0091324723
   303        -0.0096256847
   304        -0.0101187779
   305        -0.0106117096
   306         0.0192885319
   307        -0.0192942474
   308        -0.0192211527
   309        -0.0187087205
   310        -0.0179737772
   311        -0.0171213969
   312        -0.0162066017
   313        -0.0152584119
   314        -0.0142914259
   315        -0.0133156845
   316        -0.0123346857
   317        -0.0113506780
   318        -0.0103652671
   319        -0.0093790912
   320        -0.0083924975
   321        -0.0074056810
   322        -0.0064187440
   323        -0.0054317410
   324        -0.0044447047
   325        -0.0034576547
   326        -0.0024705957
   327        -0.0014835286
   328        -0.0004964578
   329         0.0004906137
   330         0.0014776843
   331         0.0024647524
   332         0.0034518154
   333         0.0044388686
   334         0.0054259034
   335         0.0064129039
   336         0.0073998400
   337         0.0083866557
   338         0.0093732452
   339         0.0098663985
   340         0.0113447784
   341         0.0123286826
   342         0.0133098968
   343         0.0142859245
   344         0.0152522040
   345         0.0162008870
   346         0.0171158600
   347         0.0179680438
   348         0.0187026914
   349         0.0192152736
   350        -0.0118429180
   351        -0.0108580981
   352        -0.0193344253
   353        -0.0190037073
   354        -0.0183598645
   355        -0.0175590594
   356        -0.0166679987
   357        -0.0157364974
   358        -0.0147763652
   359        -0.0138039012
   360        -0.0128258497
   361         0.0189963009
   362         0.0193299381
   363        -0.0098722486
   364        -0.0088858317
   365        -0.0078991088
   366        -0.0069122268
   367        -0.0059252448
   368        -0.0049382280
   369        -0.0039511786
   370        -0.0029641265
   371        -0.0019770628
   372        -0.0009899934
   373        -0.0000029221
   374         0.0009841492
   375         0.0019712188
   376         0.0029582848
   377         0.0039453436
   378         0.0049323891
   379         0.0059194094
   380         0.0069063827
   381         0.0078932680
   382         0.0088799883
   383         0.0103594098
   384         0.0108522266
   385         0.0118369710
   386         0.0128197432
   387         0.0137987648
   388         0.0147705232
   389         0.0157295047
   390         0.0166640465
   391         0.0175532589
   392         0.0183542641
   393         0.0022540955
   394         0.0023086287
   395        -0.0115830527
   396        -0.0101929788
   397        -0.0085611389
   398        -0.0074116039
   399        -0.0061246598
   400        -0.0035471121
   401        -0.0048361107
   402         0.0035432225
   403         0.0048322199
   404         0.0061207631
   405         0.0074077009
   406         0.0086891440
   407         0.0101444863
   408         0.0112530574
   409         0.0009649316
   410         0.0009903746
   411        -0.0000886833
   412        -0.0118484453
   413         0.0101241361
   414         0.0121700696
   415         0.0115097090
   416         0.0081744374
   417         0.0069204692
   418         0.0042855065
   419         0.0056034375
   420        -0.0029640487
   421        -0.0042821058
   422        -0.0055999219
   423        -0.0069169312
   424        -0.0083404620
   425        -0.0098439235
   426        -0.0104355579
   427        -0.0003242420
   428        -0.0016459225
   429        -0.0016134128
   430        -0.0003277767
   431         0.0002178675
   432         0.0118826457
   433        -0.0119924910
   434        -0.0122854805
   435         0.0076520748
   436         0.0051022167
   437        -0.0035980681
   438         0.0001519436
   439        -0.0073036996
   440        -0.0034291582
   441         0.0037231473
   442         0.0001724973
   443        -0.0068369020
   444        -0.0032739116
   445        -0.0051697059
   446         0.0008836241
   447        -0.0011158900
   448        -0.0058815147
   449        -0.0037071449
   450         0.0026192410
   451         0.0008406949
   452         0.0058300274
   453         0.0089183683
   454         0.0073435895
   455         0.0048076959
   456        -0.0038930801
   457        -0.0001306381
   458        -0.0075854212
   459        -0.0037001149
   460         0.0034513705
   461        -0.0000871354
   462        -0.0070941146
   463        -0.0035232757
   464        -0.0052372743
   465         0.0006458062
   466        -0.0013261506
   467        -0.0009688288
   468        -0.0003030785
   469        -0.0000009744
   470         0.0000201897
   471        -0.0000201899
   472         0.0000605680
   473        -0.0022579894
   474        -0.0009072876
   475        -0.0012093488
   476         0.0001412664
   477         0.0001567301
   478         0.0001009407
   479        -0.0015160808
   480         0.0001857963
   481         0.0017655354
   482        -0.0018210909
   483         0.0002415792
   484        -0.0021208150
   485         0.0002799822
   486        -0.0024226743
   487         0.0003174007
   488        -0.0027250619
   489         0.0003547306
   490        -0.0030274343
   491         0.0003920024
   492        -0.0033295463
   493         0.0003800099
   494        -0.0036722354
   495         0.0003011291
   496        -0.0000605697
   497         0.0006032316
   498        -0.0001009495
   499         0.0009053323
   500        -0.0001413291
   501         0.0012074297
   502        -0.0001817082
   503         0.0015095208
   504        -0.0002220863
   505         0.0018116001
   506        -0.0002624625
   507         0.0021136576
   508        -0.0003028351
   509         0.0024156741
   510        -0.0003432005
   511         0.0027176147
   512        -0.0003835507
   513         0.0030194137
   514        -0.0004238663
   515         0.0033209454
   516        -0.0004640620
   517         0.0036219360
   518        -0.0003307589
   519        -0.0009868508
   520        -0.0023049898
   521        -0.0029032409
   522         0.0003203453
   523        -0.0006051833
   524         0.0106574394
   525         0.0110068937
   526         0.0048567069
   527         0.0049445716
   528        -0.0041931931
   529         0.0076631932
   530        -0.0062585893
   531        -0.0089959342
   532        -0.0043804089
   533         0.0016095158
   534        -0.0036230919
   535        -0.0076270498
   536        -0.0080536108
   537         0.0062621100
   538         0.0054765880
   539        -0.0049410649
   540         0.0080494959
   541         0.0093607313
   542         0.0044144777
   543         0.0028986669
   544         0.0108139436
   545         0.0046184135
   546         0.0067645748
   547        -0.0054804817
   548         0.0041877487
   549        -0.0067684764
   550         0.0016494541
   551         0.0109294690
   552         0.0003312985
   553         0.0040542864
   554        -0.0038500170
   555         0.0041932697
   556         0.0045267526
   557        -0.0071991016
   558        -0.0075043828
   559         0.0128868319
   560         0.0125859673
   561         0.0037595206
   562         0.0029920077
   563        -0.0043374077
   564         0.0003038753
   565         0.0024488685
   566         0.0027984984
   567         0.0031480460
   568         0.0034974296
   569         0.0010500331
   570         0.0038401395
   571        -0.0017477314
   572        -0.0020974322
   573        -0.0024471088
   574        -0.0027967400
   575        -0.0031462862
   576        -0.0013980177
   577        -0.0034956711
   578        -0.0038447079
   579        -0.0041611046
   580         0.0007003312
   581        -0.0010482971
   582        -0.0006985728
   583         0.0003506073
   584        -0.0003488466
   585         0.0000008804
   586         0.0041951392
   587         0.0013995200
   588         0.0020990441
   589        -0.0000688214
   590        -0.0105227097
   591        -0.0105116534
   592         0.0060834134
   593        -0.0136564380
   594        -0.0139352010
   595         0.0062741683
   596         0.0059924476
   597         0.0062801509
   598        -0.0126245810
   599        -0.0128774858
   600         0.0038754994
   601         0.0062936011
   602         0.0060345966
   603        -0.0062611638
   604        -0.0096918062
   605         0.0001349388
   606         0.0100738204
   607         0.0136348093
   608         0.0133230366
   609        -0.0133652828
   610        -0.0136694118
   611         0.0086511863
   612         0.0089583633
   613         0.0125521951
   614         0.0083602119
   615         0.0086606629
   616         0.0122580547
   617        -0.0013931805
   618         0.0005324602
   619         0.0025827892
   620        -0.0011494660
   621         0.0007759918
   622         0.0028210760
   623         0.0091987453
   624         0.0057049840
   625         0.0089141473
   626         0.0054168807
   627        -0.0085680266
   628        -0.0050209458
   629        -0.0067469742
   630        -0.0088183866
   631        -0.0052743045
   632        -0.0069937515
   633        -0.0077609008
   634        -0.0054744444
   635        -0.0096339523
   636        -0.0080549055
   637        -0.0057628270
   638        -0.0099213253
   639        -0.0061868979
   640        -0.0091183014
   641        -0.0066643983
   642        -0.0018458540
   643         0.0023114603
   644        -0.0037875556
   645        -0.0061628199
   646        -0.0015913035
   647         0.0025601263
   648         0.0115045062
   649         0.0119022476
   650        -0.0113888012
   651        -0.0097340411
   652        -0.0116364405
   653        -0.0099889526
   654        -0.0126865115
   655        -0.0101025511
   656        -0.0121878183
   657        -0.0104632983
   658        -0.0128651772
   659        -0.0107435353
   660        -0.0131510566
   661        -0.0081548748
   662        -0.0078251482
   663        -0.0047659438
   664        -0.0042531860
   665        -0.0076265141
   666        -0.0044088147
   667        -0.0077809459
   668        -0.0094911595
   669        -0.0053413057
   670        -0.0074968634
   671        -0.0097646938
   672        -0.0056176418
   673        -0.0077649858
   674        -0.0003691611
   675         0.0024740048
   676         0.0014340008
   677        -0.0051737313
   678        -0.0091661366
   679        -0.0054378847
   680        -0.0094274065
   681         0.0126045732
   682         0.0095136935
   683         0.0063958217
   684         0.0102726361
   685         0.0060943220
   686         0.0099679659
   687         0.0073179130
   688         0.0049854552
   689         0.0086402868
   690         0.0070459627
   691         0.0047086815
   692         0.0083633852
   693         0.0120098571
   694         0.0095262574
   695         0.0033645232
   696         0.0051155606
   697        -0.0096094491
   698        -0.0054122021
   699        -0.0099085879
   700        -0.0057123583
   701         0.0053758008
   702         0.0044315174
   703         0.0039547271
   704         0.0033757678
   705        -0.0029028210
   706        -0.0052981346
   707        -0.0037972180
   708        -0.0013759267
   709        -0.0015381028
   710         0.0055914450
   711         0.0035782486
   712        -0.0005772959
   713        -0.0021350697
   714         0.0070504994
   715         0.0079525951
   716         0.0091024630
   717        -0.0018614665
   718        -0.0035944458
   719        -0.0015961733
   720        -0.0033359389
   721         0.0060386163
   722         0.0048292352
   723        -0.0021598452
   724        -0.0023111361
   725         0.0085764203
   726         0.0050316995
   727         0.0083109045
   728         0.0047663237
   729         0.0027167942
   730         0.0024245006
   731         0.0115591860
   732         0.0112794591
   733        -0.0001455660
   734        -0.0030964471
   735        -0.0032365106
   736        -0.0063852156
   737        -0.0042532369
   738        -0.0062110325
   739        -0.0126176042
   740        -0.0128896833
   741        -0.0035048728
   742        -0.0055400057
   743         0.0039182599
   744         0.0026629228
   745         0.0007513118
   746        -0.0016911562
   747         0.0036107404
   748         0.0023623957
   749         0.0004565550
   750        -0.0019919421
   751         0.0026086288
   752        -0.0017098863
   753         0.0023200581
   754        -0.0019986692
   755         0.0020413581
   756         0.0057127902
   757        -0.0038488615
   758         0.0017281590
   759         0.0053986184
   760        -0.0019435278
   761        -0.0016648348
   762        -0.0035667294
   763        -0.0019769089
   764        -0.0016667301
   765         0.0094966990
   766        -0.0024571101
   767        -0.0001243272
   768         0.0016502697
   769         0.0091814025
   770         0.0016886901
   771         0.0019658575
   772         0.0001470215
   773         0.0019159998
   774         0.0007990134
   775        -0.0005692714
   776         0.0017023027
   777         0.0042717898
   778         0.0033193678
   779         0.0057533881
   780         0.0073322103
   781         0.0055574305
   782         0.0057930151
   783         0.0077288333
   784         0.0053215543
   785         0.0034715371
   786         0.0070862527
   787         0.0050854598
   788         0.0031702247
   789         0.0048492072
   790         0.0046128404
   791         0.0064427297
   792         0.0043763908
   793         0.0028685378
   794         0.0057987078
   795         0.0041398809
   796         0.0025666570
   797         0.0039033271
   798         0.0036667411
   799         0.0051544212
   800         0.0034301316
   801         0.0022646726
   802         0.0000807557
   803        -0.0002294979
   804        -0.0002949312
   805         0.0045099935
   806         0.0031935049
   807         0.0019626325
   808         0.0029568657
   809        -0.0053278846
   810        -0.0050916405
   811        -0.0070901588
   812         0.0027202172
   813         0.0038654905
   814         0.0024835620
   815         0.0016605624
   816        -0.0031785405
   817        -0.0048552419
   818        -0.0046187237
   819        -0.0064466285
   820         0.0032209473
   821         0.0022469019
   822         0.0013584763
   823         0.0020102382
   824        -0.0043821388
   825        -0.0028762735
   826        -0.0041454750
   827        -0.0058026028
   828         0.0017735719
   829         0.0025763826
   830         0.0015369036
   831         0.0010563816
   832        -0.0025738867
   833        -0.0039088533
   834        -0.0036721079
   835        -0.0051583134
   836        -0.0034357506
   837        -0.0022717805
   838        -0.0001640657
   839        -0.0004541308
   840        -0.0031997426
   841        -0.0045147193
   842        -0.0019710753
   843        -0.0029644519
   844         0.0007542823
   845         0.0013002339
   846         0.0010635632
   847        -0.0027267454
   848        -0.0038700978
   849         0.0019318064
   850        -0.0024889008
   851        -0.0016684937
   852        -0.0006465355
   853        -0.0005931433
   854        -0.0003564706
   855        -0.0008298159
   856         0.0005902199
   857         0.0004521805
   858         0.0008268918
   859        -0.0006143071
   860        -0.0010222214
   861        -0.0038779440
   862        -0.0034700031
   863         0.0012872241
   864        -0.0030617731
   865        -0.0025805791
   866         0.0006426386
   867         0.0003535475
   868        -0.0022523741
   869        -0.0032252208
   870        -0.0002063925
   871        -0.0031114248
   872        -0.0026962724
   873        -0.0035265745
   874        -0.0026345207
   875        -0.0006204899
   876        -0.0010356480
   877        -0.0006573140
   878        -0.0022811181
   879        -0.0018659624
   880        -0.0022459587
   881        -0.0018380478
   882        -0.0026538674
   883        -0.0042854775
   884        -0.0019357022
   885        -0.0019754569
   886        -0.0000019483
   887         0.0002015221
   888         0.0006094366
   889        -0.0002053314
   890         0.0001500774
   891         0.0001168750
   892        -0.0012911214
   893        -0.0010664880
   894        -0.0014301351
   895        -0.0001520263
   896        -0.0001197978
   897        -0.0003603666
   898        -0.0007562359
   899         0.0010173508
   900         0.0002098274
   901         0.0006249864
   902        -0.0013031589
   903        -0.0015398265
   904        -0.0017764885
   905        -0.0010583333
   906        -0.0014508056
   907        -0.0013163870
   908        -0.0004912340
   909        -0.0004258042
   910         0.0010401457
   911         0.0006608364
   912         0.0002939511
   913         0.0003593813
   914        -0.0001211394
   915         0.0004248112
   916         0.0004902407
   917        -0.0005684212
   918         0.0001504123
   919         0.0001630900
   920         0.0002285206
   921        -0.0001615187
   922         0.0005556696
   923        -0.0000807597
   924        -0.0013624996
   925        -0.0006374156
   926        -0.0007072583
   927         0.0001715398
   928         0.0006210976
   929        -0.0007755137
   930        -0.0000986341
   931         0.0000403792
   932         0.0001211191
   933         0.0000322283
   934         0.0000976592
   935        -0.0008323124
   936         0.0002128248
   937        -0.0020134789
   938        -0.0002018974
   939         0.0006865245
   940         0.0000017608
   941         0.0010155411
   942         0.0009213919
   943        -0.0008971330
   944         0.0007519499
   945        -0.0009629261
   946         0.0002607294
   947        -0.0046933685
   948        -0.0051019952
   949        -0.0107353167
   950        -0.0083098272
   951        -0.0103967877
   952        -0.0002422747
   953         0.0008173732
   954        -0.0055099239
   955        -0.0099908707
   956        -0.0071403380
   957        -0.0067325892
   958        -0.0010288501
   959        -0.0087704472
   960        -0.0083631160
   961         0.0008827936
   962        -0.0063247955
   963        -0.0085069468
   964        -0.0065878077
   965        -0.0080922100
   966        -0.0076773600
   967        -0.0000403798
   968         0.0130049133
   969         0.0105638158
   970         0.0135261195
   971        -0.0079556282
   972        -0.0010951253
   973        -0.0011613460
   974        -0.0002826494
   975         0.0009482101
   976         0.0085114456
   977         0.0080967059
   978         0.0065913320
   979        -0.0072624275
   980        -0.0059292870
   981         0.0002986884
   982        -0.0136337904
   983        -0.0132513004
   984         0.0034648145
   985         0.0038727167
   986         0.0056067056
   987         0.0046150866
   988         0.0060218038
   989        -0.0051871201
   990        -0.0039526038
   991        -0.0047719955
   992        -0.0012276326
   993        -0.0012938892
   994        -0.0119626453
   995        -0.0094174064
   996        -0.0114577438
   997        -0.0151916706
   998        -0.0148657065
   999         0.0030569086
  1000         0.0068519212
  1001         0.0064368794
  1002         0.0052740227
  1003        -0.0043568614
  1004        -0.0059169699
  1005         0.0063199290
  1006         0.0067277219
  1007        -0.0106334673
  1008        -0.0102183117
  1009        -0.0123759920
  1010         0.0010136214
  1011        -0.0089215226
  1012        -0.0093616046
  1013        -0.0072709267
  1014         0.0071354694
  1015         0.0089260202
  1016         0.0072902843
  1017         0.0093834221
  1018        -0.0039417205
  1019        -0.0095844095
  1020        -0.0077328116
  1021        -0.0032935730
  1022         0.0011444200
  1023        -0.0003633783
  1024         0.0012098015
  1025        -0.0079829777
  1026        -0.0097768242
  1027        -0.0091775672
  1028        -0.0111369267
  1029        -0.0110446886
  1030        -0.0086686035
  1031         0.0012751656
  1032         0.0014058156
  1033        -0.0004439980
  1034         0.0014710808
  1035        -0.0068474343
  1036         0.0042806138
  1037         0.0154370519
  1038         0.0156808260
  1039         0.0051916190
  1040         0.0027007856
  1041         0.0031159136
  1042        -0.0056022320
  1043        -0.0060173262
  1044        -0.0046115945
  1045         0.0010790255
  1046         0.0101502778
  1047         0.0105603112
  1048         0.0075431548
  1049         0.0015362677
  1050        -0.0075480253
  1051        -0.0004037148
  1052         0.0013405064
  1053        -0.0003230190
  1054         0.0124978117
  1055         0.0128954141
  1056        -0.0014263397
  1057        -0.0015160780
  1058         0.0003870957
  1059         0.0139936169
  1060         0.0143569024
  1061         0.0091726649
  1062         0.0095794693
  1063         0.0079507549
  1064         0.0099858681
  1065         0.0103917361
  1066         0.0107968733
  1067         0.0083697333
  1068         0.0026490000
  1069         0.0072669177
  1070         0.0116214194
  1071         0.0120226972
  1072         0.0112009858
  1073         0.0090249379
  1074         0.0097516204
  1075         0.0142479136
  1076         0.0146184390
  1077         0.0083582381
  1078         0.0059121030
  1079        -0.0064323966
  1080         0.0046885041
  1081        -0.0052705104
  1082         0.0104810492
  1083         0.0133097438
  1084         0.0087655611
  1085        -0.0013601367
  1086         0.0003733796
  1087         0.0136963840
  1088         0.0110399134
  1089        -0.0133929084
  1090        -0.0130179046
  1091        -0.0149241605
  1092        -0.0146054521
  1093         0.0003360677
  1094         0.0139191101
  1095         0.0112637643
  1096         0.0050963849
  1097         0.0055042528
  1098         0.0097992162
  1099         0.0076818531
  1100         0.0079238068
  1101         0.0059328052
  1102         0.0112442435
  1103         0.0144139402
  1104        -0.0000332028
  1105         0.0147277028
  1106         0.0018704658
  1107         0.0022856268
  1108         0.0019790033
  1109         0.0018331775
  1110         0.0022410895
  1111         0.0000000000
  1112         0.0014553055
  1113         0.0014252645
  1114         0.0013199133
  1115        -0.0055829770
  1116        -0.0058197145
  1117        -0.0035000829
  1118        -0.0016043643
  1119        -0.0004009749
  1120         0.0016870529
  1121         0.0038357476
  1122         0.0060927436
  1123         0.0063299902
  1124         0.0018207225
  1125         0.0065894310
  1126         0.0068437989
  1127        -0.0070782576
  1128        -0.0067421794
  1129         0.0042336781
  1130         0.0079665713
  1131         0.0081346754
  1132         0.0077518525
  1133         0.0078869225
  1134         0.0141446752
  1135         0.0144512038
  1136         0.0109799049
  1137         0.0151528626
  1138         0.0153894033
  1139        -0.0156030718
  1140        -0.0154984926
  1141        -0.0158988749
  1142        -0.0157870371
  1143        -0.0059930132
  1144        -0.0037635985
  1145         0.0043140115
  1146         0.0068250509
  1147         0.0071261689
  1148        -0.0079069855
  1149        -0.0104951103
  1150         0.0067830833
  1151         0.0072964803
  1152        -0.0034751758
  1153        -0.0037810893
  1154         0.0035475634
  1155        -0.0053276914
  1156        -0.0091089018
  1157        -0.0056391259
  1158        -0.0094192164
  1159         0.0027505269
  1160         0.0016897235
  1161         0.0161029317
  1162         0.0162099822
  1163         0.0158047910
  1164         0.0159046050
  1165        -0.0022915550
  1166        -0.0022852086
  1167        -0.0017293810
  1168        -0.0017207730
  1169         0.0048506001
  1170         0.0035356311
  1171        -0.0066295652
  1172         0.0005633416
  1173         0.0011028941
  1174         0.0019330686
  1175         0.0015817419
  1176         0.0008175204
  1177        -0.0002051509
  1178         0.0020318086
  1179        -0.0132011834
  1180        -0.0127936096
  1181        -0.0101844214
  1182        -0.0121331724
  1183        -0.0123923577
  1184        -0.0078605058
  1185        -0.0103702541
  1186         0.0084146305
  1187        -0.0160310828
  1188        -0.0163052622
  1189         0.0032132948
  1190         0.0029311564
  1191        -0.0162946878
  1192        -0.0165761264
  1193        -0.0080848075
  1194         0.0081464171
  1195        -0.0146770715
  1196        -0.0150589151
  1197        -0.0149238512
  1198        -0.0153129716
  1199         0.0089224463
  1200         0.0164781337
  1201         0.0124670546
  1202         0.0086645867
  1203         0.0161600578
  1204         0.0121501035
  1205         0.0166099485
  1206         0.0162991224
  1207        -0.0117794923
  1208         0.0029643158
  1209         0.0021607230
  1210        -0.0022376539
  1211         0.0040262614
  1212         0.0026465760
  1213        -0.0043648230
  1214         0.0003438390
  1215        -0.0130892381
  1216         0.0115762952
  1217         0.0022996175
  1218         0.0021145322
  1219         0.0034058873
  1220         0.0031536042
  1221         0.0022739141
  1222         0.0016406241
  1223         0.0012248165
  1224         0.0018927423
  1225         0.0021488734
  1226         0.0022478075
  1227         0.0040176871
  1228         0.0001467300
  1229         0.0001757439
  1230         0.0000492035
  1231         0.0003796215
  1232         0.0001274209
  1233         0.0004393043
  1234         0.0003417807
  1235        -0.0006291802
  1236        -0.0003769801
  1237         0.0002442561
  1238        -0.0014136300
  1239        -0.0026219320
  1240        -0.0015111297
  1241        -0.0036554218
  1242        -0.0039075574
  1243         0.0006343257
  1244         0.0005368160
  1245         0.0014034672
  1246         0.0015002011
  1247         0.0026236902
  1248         0.0013061564
  1249         0.0015969784
  1250         0.0016936950
  1251         0.0029732864
  1252         0.0017903991
  1253         0.0018870692
  1254         0.0033227662
  1255        -0.0009260529
  1256        -0.0010235744
  1257         0.0019837021
  1258        -0.0011210938
  1259        -0.0012186103
  1260        -0.0019225840
  1261        -0.0022722745
  1262        -0.0013161228
  1263        -0.0021423652
  1264        -0.0018901712
  1265         0.0036580501
  1266         0.0054190659
  1267         0.0057111074
  1268         0.0039101909
  1269        -0.0041596689
  1270        -0.0044117475
  1271        -0.0029715274
  1272        -0.0046637810
  1273         0.0041623051
  1274        -0.0049157535
  1275        -0.0033210059
  1276        -0.0051676428
  1277        -0.0054194111
  1278        -0.0036702574
  1279         0.0044143856
  1280        -0.0056966220
  1281         0.0046664208
  1282         0.0008751851
  1283         0.0049183950
  1284         0.0051702876
  1285         0.0020770699
  1286        -0.0026467442
  1287        -0.0023945565
  1288        -0.0028989267
  1289        -0.0031511024
  1290         0.0013884181
  1291        -0.0034032686
  1292        -0.0011335793
  1293        -0.0008813800
  1294        -0.0016086192
  1295        -0.0017060945
  1296        -0.0007310057
  1297        -0.0008285299
  1298        -0.0018035503
  1299        -0.0019009785
  1300        -0.0019983670
  1301        -0.0001247796
  1302        -0.0020956985
  1303         0.0005254697
  1304        -0.0021929639
  1305        -0.0016379752
  1306        -0.0013857778
  1307         0.0036690005
  1308        -0.0059346461
  1309        -0.0001739832
  1310         0.0011362231
  1311        -0.0015728757
  1312         0.0008840221
  1313        -0.0040038207
  1314        -0.0022733319
  1315        -0.0006334808
  1316        -0.0012231580
  1317        -0.0008734353
  1318        -0.0005237099
  1319        -0.0005359552
  1320        -0.0004384293
  1321        -0.0003409030
  1322         0.0006318222
  1323        -0.0002433765
  1324        -0.0001458498
  1325        -0.0000483232
  1326         0.0059674656
  1327         0.0012093364
  1328         0.0007317660
  1329         0.0061383577
  1330         0.0021352578
  1331        -0.0121721013
  1332        -0.0161838904
  1333        -0.0124818330
  1334        -0.0164924916
  1335        -0.0163236880
  1336        -0.0166250457
  1337         0.0086115981
  1338        -0.0021764447
  1339         0.0022842427
  1340         0.0032209988
  1341         0.0055644594
  1342         0.0029616515
  1343         0.0053158462
  1344         0.0082331493
  1345        -0.0083599550
  1346         0.0053850970
  1347         0.0040446836
  1348         0.0023920338
  1349        -0.0057673751
  1350        -0.0102499563
  1351        -0.0105546690
  1352         0.0132901365
  1353         0.0129838255
  1354         0.0106134931
  1355         0.0103033648
  1356        -0.0127124740
  1357        -0.0130110443
  1358         0.0000301393
  1359         0.0020647732
  1360         0.0104155203
  1361         0.0105912918
  1362         0.0123658544
  1363         0.0088094002
  1364         0.0107573300
  1365         0.0068793365
  1366         0.0070230884
  1367         0.0109116610
  1368         0.0127267555
  1369         0.0101263200
  1370         0.0102987312
  1371         0.0120750728
  1372         0.0085150631
  1373         0.0104614081
  1374         0.0065865890
  1375         0.0067269761
  1376         0.0106123764
  1377         0.0124292544
  1378        -0.0003622174
  1379         0.0005909161
  1380         0.0016017150
  1381        -0.0004427050
  1382         0.0015689143
  1383        -0.0024469411
  1384        -0.0014988529
  1385         0.0025713527
  1386         0.0035885448
  1387        -0.0001213686
  1388         0.0008318104
  1389         0.0018398745
  1390        -0.0001990743
  1391         0.0018098132
  1392        -0.0022003965
  1393        -0.0012524898
  1394         0.0028122113
  1395         0.0038268782
  1396         0.0071732757
  1397         0.0054076728
  1398         0.0089307390
  1399         0.0074572445
  1400         0.0106779357
  1401         0.0077311781
  1402         0.0059938818
  1403         0.0068837325
  1404         0.0051163650
  1405         0.0086429588
  1406         0.0071708951
  1407         0.0103919182
  1408         0.0074480121
  1409         0.0057089742
  1410        -0.0093939159
  1411        -0.0076486471
  1412        -0.0084732114
  1413        -0.0067975796
  1414        -0.0058969624
  1415        -0.0077155113
  1416        -0.0059204802
  1417        -0.0041386379
  1418        -0.0050139513
  1419        -0.0096404884
  1420        -0.0078972362
  1421        -0.0087180832
  1422        -0.0070496446
  1423        -0.0061471516
  1424        -0.0079694159
  1425        -0.0061757791
  1426        -0.0043900198
  1427        -0.0052622249
  1428        -0.0098659878
  1429        -0.0087044161
  1430        -0.0108113595
  1431        -0.0066156253
  1432        -0.0075466230
  1433        -0.0056730589
  1434        -0.0045410518
  1435        -0.0063959789
  1436        -0.0084637706
  1437        -0.0101594869
  1438        -0.0089951089
  1439        -0.0111015465
  1440        -0.0069068220
  1441        -0.0078345007
  1442        -0.0059675669
  1443        -0.0048327528
  1444        -0.0066810351
  1445        -0.0087483212
  1446        -0.0049601631
  1447        -0.0064235907
  1448        -0.0051769451
  1449        -0.0076438139
  1450        -0.0079045642
  1451        -0.0073871907
  1452        -0.0088375649
  1453        -0.0094031328
  1454        -0.0081694043
  1455        -0.0026949452
  1456        -0.0006450373
  1457         0.0002291771
  1458         0.0014119189
  1459        -0.0009764426
  1460         0.0011232759
  1461         0.0034767232
  1462        -0.0061772179
  1463        -0.0073512242
  1464        -0.0049766457
  1465        -0.0049885069
  1466        -0.0037495528
  1467        -0.0038210313
  1468        -0.0049957548
  1469        -0.0024429755
  1470        -0.0003960768
  1471         0.0004807075
  1472         0.0016580312
  1473        -0.0007193370
  1474         0.0013773506
  1475         0.0037201351
  1476         0.0132123092
  1477         0.0134342530
  1478         0.0129897974
  1479         0.0117036416
  1480         0.0127667946
  1481         0.0102217588
  1482         0.0103970259
  1483        -0.0091463123
  1484        -0.0082863482
  1485        -0.0099795615
  1486        -0.0105750799
  1487        -0.0107856837
  1488        -0.0120018972
  1489        -0.0111800958
  1490        -0.0093989316
  1491        -0.0085423709
  1492        -0.0102285278
  1493        -0.0108264842
  1494        -0.0110307491
  1495        -0.0122521577
  1496        -0.0114339696
  1497        -0.0137421603
  1498        -0.0124373826
  1499        -0.0134704608
  1500        -0.0113829608
  1501        -0.0111558329
  1502        -0.0116095950
  1503        -0.0103073002
  1504        -0.0098974241
  1505        -0.0109283524
  1506        -0.0112440279
  1507        -0.0124394225
  1508        -0.0100566432
  1509        -0.0116585521
  1510        -0.0088797806
  1511        -0.0120552081
  1512        -0.0132706071
  1513        -0.0115306542
  1514        -0.0127288579
  1515        -0.0103404494
  1516        -0.0119416155
  1517        -0.0091607586
  1518        -0.0123347067
  1519        -0.0135529289
  1520        -0.0093227674
  1521        -0.0091382422
  1522        -0.0079901192
  1523        -0.0089533467
  1524        -0.0070078240
  1525        -0.0068628990
  1526        -0.0087681895
  1527        -0.0053167152
  1528        -0.0062867549
  1529        -0.0057247487
  1530        -0.0072376714
  1531        -0.0042293560
  1532        -0.0071948382
  1533        -0.0088959631
  1534        -0.0054866654
  1535        -0.0059435498
  1536        -0.0037712658
  1537        -0.0047194345
  1538        -0.0063844694
  1539        -0.0073947171
  1540        -0.0090942637
  1541        -0.0056877038
  1542        -0.0060987859
  1543        -0.0039730522
  1544        -0.0048303403
  1545        -0.0064953606
  1546        -0.0105498916
  1547        -0.0084869886
  1548        -0.0095370808
  1549        -0.0074130413
  1550        -0.0064302530
  1551        -0.0084084355
  1552        -0.0063169272
  1553        -0.0043782641
  1554        -0.0054613203
  1555        -0.0108193491
  1556        -0.0087578170
  1557        -0.0098038262
  1558        -0.0076879650
  1559        -0.0067024770
  1560        -0.0086860587
  1561        -0.0065959563
  1562        -0.0046519087
  1563        -0.0057308457
  1564        -0.0008548483
  1565         0.0005461007
  1566         0.0000542283
  1567         0.0010525379
  1568         0.0019467663
  1569         0.0001310559
  1570         0.0015734197
  1571         0.0033472569
  1572         0.0028135501
  1573        -0.0083423305
  1574        -0.0103639374
  1575        -0.0063250989
  1576        -0.0071683634
  1577        -0.0043111697
  1578        -0.0060158965
  1579        -0.0079902593
  1580        -0.0086070473
  1581        -0.0106272656
  1582        -0.0065912304
  1583        -0.0074310623
  1584        -0.0045787428
  1585        -0.0062765939
  1586        -0.0082494863
  1587         0.0113757987
  1588         0.0110456942
  1589         0.0098171459
  1590         0.0122514427
  1591         0.0107193859
  1592         0.0138104176
  1593         0.0092140882
  1594         0.0057517371
  1595         0.0076787470
  1596         0.0083261873
  1597         0.0096209284
  1598         0.0070306675
  1599         0.0089611366
  1600         0.0115825575
  1601         0.0054537263
  1602         0.0073791483
  1603         0.0080231015
  1604         0.0093197444
  1605         0.0067256772
  1606         0.0086545601
  1607         0.0112797913
  1608         0.0091211232
  1609         0.0079756075
  1610         0.0097952095
  1611         0.0061610972
  1612         0.0068104006
  1613         0.0055189310
  1614         0.0043506184
  1615         0.0056269213
  1616         0.0074660673
  1617         0.0088491207
  1618         0.0077011756
  1619         0.0095207365
  1620         0.0058867297
  1621         0.0065335525
  1622         0.0052470564
  1623         0.0040763366
  1624         0.0053476680
  1625         0.0071867505
  1626         0.0105076144
  1627         0.0092298719
  1628         0.0117647908
  1629         0.0107783926
  1630         0.0130014293
  1631         0.0110340429
  1632         0.0098075933
  1633         0.0037948338
  1634         0.0046485297
  1635         0.0029136404
  1636         0.0042537802
  1637         0.0020051749
  1638         0.0047239087
  1639         0.0055939444
  1640        -0.0065894602
  1641        -0.0045065289
  1642        -0.0086878214
  1643        -0.0075015791
  1644        -0.0108066906
  1645        -0.0084053192
  1646        -0.0063111632
  1647        -0.0068865422
  1648        -0.0048041152
  1649        -0.0089843973
  1650        -0.0078012290
  1651        -0.0111027557
  1652        -0.0087075299
  1653        -0.0066138846
  1654         0.0029796648
  1655         0.0039791672
  1656         0.0043576595
  1657         0.0050033137
  1658         0.0057358662
  1659         0.0041071603
  1660         0.0038920187
  1661         0.0035676697
  1662         0.0041931232
  1663         0.0036768708
  1664         0.0047326218
  1665         0.0044709827
  1666         0.0034617254
  1667         0.0031838640
  1668        -0.0021267276
  1669        -0.0033444133
  1670        -0.0025625174
  1671        -0.0041014531
  1672        -0.0045601804
  1673        -0.0036540255
  1674        -0.0048335019
  1675        -0.0057740776
  1676        -0.0050301132
  1677        -0.0025271764
  1678        -0.0025900896
  1679        -0.0014592555
  1680        -0.0026485005
  1681        -0.0002532878
  1682        -0.0003570667
  1683        -0.0027024053
  1684         0.0032052232
  1685         0.0022301180
  1686         0.0042052523
  1687         0.0045723904
  1688         0.0052298431
  1689         0.0059415498
  1690         0.0049281968
  1691        -0.0025144634
  1692        -0.0032607640
  1693        -0.0017432008
  1694        -0.0013686764
  1695        -0.0009471038
  1696        -0.0002166044
  1697        -0.0010031743
  1698         0.0076244946
  1699         0.0080767233
  1700         0.0086329416
  1701         0.0074962089
  1702         0.0085397157
  1703         0.0064522699
  1704         0.0068914206
  1705         0.0090134171
  1706         0.0095827964
  1707        -0.0027731366
  1708        -0.0036502943
  1709        -0.0027378439
  1710        -0.0045078373
  1711        -0.0009659278
  1712        -0.0018421204
  1713        -0.0053448989
  1714        -0.0025050135
  1715        -0.0033855499
  1716        -0.0024759257
  1717        -0.0042465077
  1718        -0.0007034634
  1719        -0.0015830272
  1720        -0.0050870211
  1721        -0.0044446680
  1722        -0.0027117310
  1723        -0.0035612139
  1724        -0.0041887228
  1725        -0.0024551838
  1726        -0.0033072372
  1727         0.0059433194
  1728         0.0053236905
  1729         0.0065387176
  1730         0.0054460677
  1731         0.0071098603
  1732         0.0049605225
  1733         0.0043465218
  1734        -0.0031949185
  1735        -0.0036689739
  1736        -0.0027053285
  1737        -0.0016622826
  1738        -0.0006423430
  1739        -0.0033483652
  1740        -0.0037780568
  1741        -0.0029046041
  1742        -0.0018590415
  1743        -0.0008365769
  1744         0.0061665612
  1745         0.0043830491
  1746         0.0079533463
  1747         0.0068024347
  1748         0.0097442474
  1749         0.0074261416
  1750         0.0056686835
  1751         0.0058978973
  1752         0.0041144757
  1753         0.0076846156
  1754         0.0065369760
  1755         0.0094754754
  1756         0.0071638820
  1757         0.0054064981
  1758         0.0022297247
  1759         0.0025706484
  1760         0.0021064552
  1761         0.0030577191
  1762         0.0028886956
  1763         0.0032267358
  1764         0.0027196754
  1765         0.0118678334
  1766         0.0103885542
  1767         0.0100937185
  1768         0.0089216165
  1769         0.0112458523
  1770         0.0115842580
  1771         0.0101063838
  1772         0.0098153962
  1773         0.0086408656
  1774         0.0109699740
  1775        -0.0026356225
  1776        -0.0041216162
  1777        -0.0011412095
  1778        -0.0016253012
  1779         0.0003617517
  1780        -0.0006381486
  1781        -0.0020944786
  1782        -0.0027811920
  1783        -0.0042257961
  1784        -0.0013289485
  1785        -0.0018067382
  1786        -0.0022698242
  1787        -0.0073743990
  1788        -0.0062991322
  1789        -0.0072657855
  1790        -0.0053093084
  1791        -0.0052437237
  1792        -0.0053728891
  1793        -0.0042963318
  1794        -0.0042081615
  1795        -0.0051761498
  1796        -0.0099771655
  1797        -0.0110508670
  1798        -0.0115531614
  1799        -0.0120991275
  1800        -0.0131372078
  1801        -0.0102540509
  1802        -0.0113236714
  1803        -0.0118293127
  1804        -0.0123678645
  1805        -0.0134126286
  1806        -0.0043196826
  1807        -0.0053584971
  1808        -0.0033041221
  1809        -0.0045107230
  1810        -0.0023119320
  1811        -0.0046947325
  1812        -0.0057143480
  1813         0.0020661045
  1814         0.0032947360
  1815         0.0014383082
  1816         0.0051575364
  1817         0.0045252588
  1818         0.0057786980
  1819         0.0038859913
  1820         0.0004853323
  1821        -0.0007349620
  1822         0.0017068453
  1823        -0.0004690721
  1824         0.0029244128
  1825        -0.0014213590
  1826        -0.0026467339
  1827         0.0017590695
  1828         0.0029907138
  1829         0.0011347705
  1830         0.0048530298
  1831         0.0042242453
  1832         0.0054706947
  1833         0.0035884704
  1834         0.0001846771
  1835        -0.0010386300
  1836         0.0014092008
  1837        -0.0007668425
  1838         0.0026297752
  1839        -0.0017162397
  1840        -0.0029446353
  1841        -0.0004829552
  1842        -0.0026519449
  1843         0.0016836245
  1844         0.0004499062
  1845         0.0038518132
  1846         0.0013747202
  1847        -0.0007744819
  1848        -0.0007747297
  1849        -0.0029438403
  1850         0.0013919647
  1851         0.0001612322
  1852         0.0035602637
  1853         0.0010891381
  1854        -0.0010601594
  1855         0.0011354871
  1856         0.0029763396
  1857         0.0038726841
  1858         0.0048234840
  1859         0.0029308826
  1860         0.0047503820
  1861         0.0066815755
  1862        -0.0038780601
  1863        -0.0029292030
  1864        -0.0048021057
  1865        -0.0019884082
  1866        -0.0057138829
  1867         0.0008256127
  1868         0.0026659801
  1869         0.0035589985
  1870         0.0045126395
  1871         0.0026143567
  1872         0.0044333674
  1873         0.0063702472
  1874        -0.0047406668
  1875        -0.0028903564
  1876        -0.0037786893
  1877        -0.0010433623
  1878        -0.0028295541
  1879        -0.0007446344
  1880        -0.0025835763
  1881         0.0010918650
  1882         0.0001882184
  1883        -0.0007294372
  1884        -0.0035894820
  1885        -0.0026437420
  1886        -0.0045168520
  1887        -0.0017060562
  1888        -0.0054319611
  1889        -0.0010600331
  1890        -0.0028984118
  1891         0.0007759028
  1892        -0.0001244180
  1893        -0.0010387496
  1894        -0.0044614259
  1895        -0.0026108929
  1896        -0.0035021280
  1897        -0.0007636656
  1898        -0.0025556700
  1899         0.0066089366
  1900         0.0084856710
  1901         0.0075945301
  1902         0.0103866700
  1903         0.0085832369
  1904        -0.0041468758
  1905        -0.0029739354
  1906        -0.0036131088
  1907        -0.0017978525
  1908        -0.0030935252
  1909        -0.0019116697
  1910        -0.0010008139
  1911         0.0007710185
  1912        -0.0001055854
  1913         0.0016630045
  1914         0.0025433307
  1915         0.0007731381
  1916         0.0062913582
  1917         0.0081675290
  1918         0.0072797958
  1919         0.0100679647
  1920         0.0082713468
  1921        -0.0010268993
  1922        -0.0001274338
  1923         0.0007751382
  1924         0.0007853777
  1925         0.0025778153
  1926        -0.0007528282
  1927        -0.0016405221
  1928         0.0001495451
  1929         0.0010494044
  1930         0.0010652493
  1931         0.0028522845
  1932         0.0019345632
  1933        -0.0007324882
  1934         0.0010395564
  1935         0.0001599209
  1936         0.0028120902
  1937         0.0010358267
  1938        -0.0015013857
  1939        -0.0021444757
  1940        -0.0008354184
  1941         0.0001034448
  1942        -0.0001466654
  1943         0.0017210583
  1944         0.0010186651
  1945        -0.0009796234
  1946         0.0005807232
  1947         0.0001567220
  1948         0.0021539385
  1949         0.0012645370
  1950         0.0025226418
  1951         0.0020761062
  1952         0.0029830845
  1953         0.0037886512
  1954         0.0034573786
  1955         0.0050626166
  1956         0.0045705959
  1957         0.0057981085
  1958         0.0065704767
  1959         0.0050021162
  1960         0.0065545930
  1961         0.0041825696
  1962         0.0073319777
  1963         0.0081149266
  1964         0.0064932229
  1965         0.0066324377
  1966         0.0075683133
  1967         0.0056752642
  1968         0.0067715619
  1969         0.0046003340
  1970         0.0046968061
  1971         0.0069105802
  1972         0.0078892412
  1973         0.0063539309
  1974         0.0054395241
  1975         0.0044072063
  1976         0.0045037998
  1977         0.0043105618
  1978         0.0033962604
  1979         0.0035467672
  1980         0.0052035302
  1981         0.0042138744
  1982         0.0062145727
  1983         0.0060751582
  1984         0.0072470102
  1985         0.0069254381
  1986         0.0059356955
  1987         0.0030948287
  1988         0.0040203962
  1989         0.0039236158
  1990         0.0041171506
  1991         0.0049673502
  1992         0.0032455983
  1993         0.0057961918
  1994         0.0053774914
  1995         0.0055170850
  1996         0.0062817593
  1997         0.0047310358
  1998         0.0056566533
  1999         0.0038268134
  2000         0.0066036700
  2001         0.0052378761
  2002         0.0044946243
  2003         0.0036331551
  2004         0.0037299923
  2005         0.0035363043
  2006         0.0027930812
  2007         0.0029439826
  2008         0.0042581422
  2009         0.0034394418
  2010         0.0050982425
  2011         0.0049585931
  2012         0.0059597448
  2013         0.0056376548
  2014         0.0048189302
  2015         0.0024911683
  2016         0.0032456884
  2017         0.0031488002
  2018         0.0033425694
  2019         0.0040216086
  2020         0.0026421395
  2021         0.0046792559
  2022         0.0042601795
  2023         0.0043998792
  2024         0.0049933242
  2025         0.0037850375
  2026         0.0045395717
  2027         0.0030519057
  2028         0.0053155096
  2029         0.0041204736
  2030         0.0035484388
  2031         0.0028581014
  2032         0.0029550058
  2033         0.0027611931
  2034         0.0021891665
  2035         0.0023401754
  2036         0.0000908487
  2037        -0.0000963854
  2038        -0.0001076978
  2039        -0.0000850737
  2040        -0.0002622143
  2041         0.0000706621
  2042        -0.0000737624
  2043        -0.0004066382
  2044        -0.0004607597
  2045         0.0033118201
  2046         0.0026642814
  2047         0.0039807625
  2048         0.0038410469
  2049         0.0046711093
  2050         0.0043488730
  2051         0.0037013275
  2052         0.0018871171
  2053         0.0024704499
  2054         0.0023735309
  2055         0.0025673669
  2056         0.0030751866
  2057         0.0020381461
  2058         0.0035616048
  2059        -0.0063590711
  2060        -0.0062196730
  2061        -0.0072509185
  2062        -0.0052097852
  2063        -0.0060802197
  2064        -0.0043180452
  2065        -0.0042212482
  2066        -0.0059407186
  2067        -0.0069293417
  2068         0.0031424215
  2069         0.0032821514
  2070         0.0037043575
  2071         0.0028385424
  2072         0.0034218793
  2073         0.0022766100
  2074         0.0040266210
  2075         0.0030026898
  2076         0.0026018903
  2077         0.0020827639
  2078         0.0021796876
  2079         0.0019858391
  2080         0.0015850420
  2081         0.0017360819
  2082        -0.0032540586
  2083        -0.0041244165
  2084        -0.0040275529
  2085        -0.0049734582
  2086        -0.0031029977
  2087        -0.0039306620
  2088        -0.0058011784
  2089        -0.0038337465
  2090        -0.0047369951
  2091        -0.0055219948
  2092        -0.0056616015
  2093        -0.0053823626
  2094        -0.0062856570
  2095        -0.0066075700
  2096         0.0023652325
  2097         0.0018889133
  2098         0.0028629566
  2099         0.0027232221
  2100         0.0033820857
  2101         0.0030598077
  2102         0.0025834865
  2103         0.0012829532
  2104         0.0016950594
  2105         0.0015981315
  2106         0.0017919867
  2107         0.0021285704
  2108         0.0014339989
  2109         0.0024437500
  2110        -0.0035429210
  2111        -0.0036398780
  2112        -0.0028006731
  2113        -0.0045004404
  2114        -0.0037368207
  2115        -0.0052427175
  2116        -0.0029518613
  2117        -0.0051030450
  2118        -0.0059636407
  2119        -0.0042638133
  2120        -0.0049633567
  2121        -0.0034459435
  2122        -0.0048236550
  2123        -0.0056415490
  2124         0.0020245360
  2125         0.0021642746
  2126         0.0024152394
  2127         0.0018919053
  2128         0.0023040126
  2129         0.0015012031
  2130         0.0027375251
  2131         0.0018847970
  2132         0.0016552379
  2133         0.0013073450
  2134         0.0014042742
  2135         0.0012104154
  2136         0.0009808571
  2137         0.0011319058
  2138        -0.0026494794
  2139        -0.0033490010
  2140        -0.0032520472
  2141        -0.0040271702
  2142        -0.0024982848
  2143        -0.0031550834
  2144        -0.0046839856
  2145        -0.0030580696
  2146        -0.0037904840
  2147        -0.0044045285
  2148        -0.0045442612
  2149        -0.0042647888
  2150        -0.0049972158
  2151        -0.0053194025
  2152        -0.0027676053
  2153        -0.0028644449
  2154        -0.0021963065
  2155        -0.0035539387
  2156        -0.0029612666
  2157        -0.0041252522
  2158        -0.0023472367
  2159        -0.0000624514
  2160        -0.0001967817
  2161        -0.0002983957
  2162        -0.0003525169
  2163        -0.0002442746
  2164        -0.0003786046
  2165        -0.0005296570
  2166        -0.0039859191
  2167        -0.0046754326
  2168        -0.0033177630
  2169        -0.0038465522
  2170        -0.0026709635
  2171        -0.0037071522
  2172        -0.0043539722
  2173        -0.0020459777
  2174        -0.0025747391
  2175        -0.0024784499
  2176        -0.0030821303
  2177        -0.0018961106
  2178        -0.0023820966
  2179        -0.0035681506
  2180         0.0006787570
  2181         0.0009196253
  2182         0.0008226948
  2183         0.0010165555
  2184         0.0011818987
  2185         0.0008298074
  2186         0.0011134856
  2187         0.0014655774
  2188         0.0013258369
  2189        -0.0022845762
  2190        -0.0028455856
  2191        -0.0032877507
  2192        -0.0034279372
  2193        -0.0031475914
  2194        -0.0037085915
  2195        -0.0040316313
  2196         0.0014185689
  2197         0.0017450574
  2198         0.0016053175
  2199         0.0020929512
  2200         0.0017706613
  2201        -0.0019918162
  2202        -0.0020893606
  2203        -0.0015922655
  2204        -0.0026078027
  2205        -0.0021869471
  2206        -0.0030073331
  2207        -0.0017447666
  2208        -0.0004853888
  2209        -0.0004908005
  2210        -0.0003510589
  2211        -0.0006305420
  2212        -0.0004748070
  2213        -0.0008076822
  2214        -0.0007702835
  2215        -0.0004374083
  2216        -0.0003404771
  2217        -0.0005343396
  2218        -0.0007114797
  2219        -0.0006312708
  2220        -0.0009100249
  2221        -0.0007282021
  2222         0.0007668731
  2223         0.0007085559
  2224         0.0009066143
  2225         0.0005319027
  2226         0.0006288336
  2227         0.0004349719
  2228         0.0003766548
  2229         0.0005277061
  2230         0.0007257642
  2231        -0.0004585719
  2232        -0.0006411239
  2233        -0.0008182643
  2234        -0.0008236759
  2235        -0.0007914476
  2236        -0.0010168100
  2237        -0.0010062277
  2238        -0.0039466558
  2239        -0.0037212891
  2240        -0.0041720220
  2241        -0.0036739736
  2242        -0.0043973875
  2243        -0.0033798960
  2244        -0.0031973209
  2245         0.0010463553
  2246         0.0011260779
  2247         0.0009452276
  2248         0.0011860962
  2249         0.0014483701
  2250        -0.0026491782
  2251        -0.0028318738
  2252        -0.0024192746
  2253        -0.0032658787
  2254        -0.0030145881
  2255        -0.0034957735
  2256        -0.0027419020
  2257         0.0004718837
  2258         0.0003380409
  2259         0.0006271318
  2260         0.0004873904
  2261         0.0008037852
  2262         0.0004814920
  2263         0.0003476490
  2264        -0.0028677387
  2265        -0.0033861774
  2266        -0.0023706479
  2267        -0.0027281233
  2268        -0.0018949053
  2269        -0.0025884868
  2270        -0.0030642426
  2271        -0.0003407225
  2272        -0.0001153599
  2273        -0.0005660851
  2274        -0.0004103499
  2275        -0.0002760199
  2276        -0.0030887883
  2277        -0.0028598064
  2278        -0.0033177697
  2279        -0.0029038489
  2280        -0.0035467505
  2281        -0.0026975046
  2282        -0.0025113336
  2283        -0.0037757305
  2284        -0.0033190000
  2285        -0.0030698449
  2286        -0.0028836751
  2287        -0.0032560138
  2288        -0.0027992851
  2289        -0.0024697555
  2290        -0.0004634307
  2291        -0.0006496046
  2292        -0.0004925454
  2293        -0.0008280690
  2294        -0.0008357783
  2295        -0.0007989545
  2296        -0.0010279388
  2297        -0.0010219520
  2298        -0.0008220824
  2299        -0.0021728581
  2300        -0.0019438746
  2301        -0.0024018412
  2302        -0.0020735404
  2303        -0.0026308240
  2304        -0.0019528177
  2305        -0.0017666450
  2306        -0.0021436190
  2307        -0.0019182578
  2308        -0.0023689797
  2309        -0.0020420035
  2310        -0.0025943399
  2311        -0.0019189831
  2312        -0.0017364327
  2313        -0.0030450582
  2314        -0.0028196994
  2315        -0.0032704162
  2316        -0.0028578206
  2317        -0.0024666306
  2318        -0.0046225544
  2319        -0.0040817212
  2320        -0.0037446511
  2321        -0.0035622841
  2322        -0.0039269969
  2323        -0.0021015329
  2324        -0.0017745578
  2325        -0.0024499134
  2326        -0.0022840821
  2327        -0.0020968460
  2328        -0.0021389900
  2329        -0.0018106899
  2330        -0.0024886955
  2331        -0.0023251620
  2332        -0.0021402236
  2333        -0.0000024352
  2334         0.0001100027
  2335        -0.0000934678
  2336         0.0000890843
  2337        -0.0001630952
  2338         0.0001591985
  2339         0.0002716363
  2340         0.0005607278
  2341         0.0007860903
  2342         0.0003353652
  2343         0.0004054794
  2344         0.0004541883
  2345        -0.0003409855
  2346        -0.0001120009
  2347        -0.0005699701
  2348        -0.0004129107
  2349        -0.0002772567
  2350         0.0000745516
  2351         0.0001441788
  2352         0.0000472477
  2353         0.0002411099
  2354         0.0002352113
  2355         0.0002256033
  2356         0.0002079075
  2357        -0.0011299752
  2358        -0.0010497661
  2359        -0.0011895071
  2360        -0.0009481521
  2361        -0.0014522673
  2362        -0.0013292479
  2363        -0.0008251332
  2364        -0.0012421723
  2365        -0.0014675344
  2366        -0.0012261784
  2367        -0.0016928963
  2368        -0.0011887793
  2369        -0.0016340916
  2370        -0.0015538819
  2371        -0.0013713308
  2372        -0.0002381342
  2373        -0.0002113173
  2374        -0.0002435459
  2375        -0.0001466147
  2376        -0.0002275524
  2377        -0.0000765003
  2378        -0.0000496835
  2379        -0.0000715757
  2380        -0.0000014614
  2381         0.0000681659
  2382        -0.0006231253
  2383        -0.0005690033
  2384        -0.0008317620
  2385        -0.0003276486
  2386        -0.0005148814
  2387        -0.0001190112
  2388        -0.0006807096
  2389         0.0010018438
  2390         0.0008192921
  2391         0.0008133938
  2392         0.0006367402
  2393         0.0010114526
  2394         0.0005749534
  2395         0.0008039383
  2396         0.0003459685
  2397         0.0004174068
  2398         0.0001169838
  2399         0.0002812656
  2400         0.0004674398
  2401        -0.0014689882
  2402        -0.0011848237
  2403        -0.0010189950
  2404        -0.0009220643
  2405        -0.0011159252
  2406        -0.0012128543
  2407        -0.0013097818
  2408        -0.0009828118
  2409        -0.0016581583
  2410        -0.0014067065
  2411        -0.0018882047
  2412        -0.0020279415
  2413        -0.0015036280
  2414        -0.0011338494
  2415        -0.0012569231
  2416        -0.0014859071
  2417        -0.0012432269
  2418        -0.0017148910
  2419        -0.0012081255
  2420        -0.0016087278
  2421        -0.0017484668
  2422        -0.0014214932
  2423        -0.0016583841
  2424        -0.0015804720
  2425        -0.0013942989
  2426        -0.0014811549
  2427        -0.0011516190
  2428        -0.0007313668
  2429        -0.0006772468
  2430        -0.0007854835
  2431        -0.0004585210
  2432        -0.0008395963
  2433        -0.0001642751
  2434        -0.0001529625
  2435         0.0010259629
  2436         0.0008397884
  2437         0.0008256054
  2438         0.0008325660
  2439         0.0006536141
  2440         0.0010329233
  2441         0.0004960674
  2442         0.0004592939
  2443         0.0005134141
  2444         0.0003266663
  2445         0.0005675343
  2446         0.0001072033
  2447         0.0001185134
  2448         0.0006216543
  2449         0.0003920963
  2450         0.0006757742
  2451         0.0001298234
  2452         0.0001411335
  2453        -0.0001110445
  2454        -0.0001312343
  2455         0.0001524435
  2456         0.0007298939
  2457         0.0004575260
  2458         0.0007840135
  2459         0.0001637534
  2460         0.0008381328
  2461        -0.0001809418
  2462         0.0001461941
  2463        -0.0005294804
  2464        -0.0001983047
  2465        -0.0008994210
  2466        -0.0002163638
  2467         0.0001539300
  2468         0.0002428121
  2469         0.0002969326
  2470         0.0001958053
  2471         0.0003510531
  2472         0.0000619627
  2473         0.0000732729
  2474         0.0004051735
  2475         0.0005229552
  2476         0.0008922519
  2477         0.0001750633
  2478         0.0001863731
  2479        -0.0001514239
  2480        -0.0001716135
  2481         0.0001976829
  2482         0.0002612359
  2483         0.0000845830
  2484         0.0000958932
  2485        -0.0000706647
  2486        -0.0000908546
  2487        -0.0006028643
  2488        -0.0002297706
  2489        -0.0009548994
  2490        -0.0010104878
  2491        -0.0012858752
  2492        -0.0014392336
  2493        -0.0010661869
  2494        -0.0002434664
  2495         0.0001642145
  2496        -0.0006722699
  2497        -0.0002572983
  2498        -0.0011221956
  2499        -0.0002712651
  2500         0.0001787281
  2501         0.0009463706
  2502         0.0005883837
  2503         0.0010004890
  2504         0.0002089925
  2505         0.0010546070
  2506        -0.0007413627
  2507        -0.0002843317
  2508        -0.0011773405
  2509        -0.0012325297
  2510        -0.0012877637
  2511        -0.0000285196
  2512        -0.0000398301
  2513         0.0000302845
  2514        -0.0001313498
  2515        -0.0000511407
  2516        -0.0001901537
  2517         0.0000504737
  2518        -0.0003930853
  2519        -0.0001416429
  2520        -0.0001303259
  2521         0.0001312016
  2522         0.0001110312
  2523         0.0000263295
  2524         0.0000804502
  2525         0.0000649437
  2526         0.0001345709
  2527         0.0000167218
  2528         0.0000280321
  2529         0.0001886915
  2530        -0.0002919832
  2531         0.0001990911
  2532        -0.0008041257
  2533        -0.0002992092
  2534        -0.0013373370
  2535        -0.0003060094
  2536         0.0002269859
  2537        -0.0018949730
  2538        -0.0016007139
  2539        -0.0021678265
  2540        -0.0023077309
  2541        -0.0024476545
  2542         0.0006538112
  2543         0.0011087245
  2544         0.0002203021
  2545         0.0002316116
  2546        -0.0001918028
  2547        -0.0002119919
  2548         0.0002429209
  2549         0.0000022479
  2550        -0.0000910827
  2551         0.0000950914
  2552        -0.0001630080
  2553         0.0001665296
  2554         0.0005564363
  2555         0.0005291327
  2556         0.0005836025
  2557         0.0009685344
  2558         0.0006106338
  2559         0.0014005078
  2560         0.0013335248
  2561        -0.0008647538
  2562        -0.0003171583
  2563        -0.0013910712
  2564        -0.0014447430
  2565        -0.0014983514
  2566         0.0011628414
  2567         0.0007192374
  2568         0.0012169577
  2569         0.0002542301
  2570         0.0012710732
  2571        -0.0003288286
  2572         0.0002511388
  2573        -0.0009300408
  2574        -0.0003404755
  2575        -0.0015524984
  2576        -0.0003520993
  2577         0.0002703443
  2578        -0.0041095380
  2579        -0.0042924272
  2580        -0.0048976682
  2581        -0.0044753437
  2582        -0.0052986043
  2583        -0.0055243150
  2584        -0.0046582873
  2585        -0.0117910745
  2586        -0.0105667284
  2587        -0.0116005454
  2588        -0.0095118824
  2589        -0.0093638330
  2590        -0.0096586076
  2591        -0.0084360511
  2592        -0.0081823476
  2593        -0.0092144892
  2594         0.0007846618
  2595         0.0013251878
  2596         0.0002655391
  2597         0.0002768478
  2598        -0.0002321805
  2599        -0.0002523687
  2600         0.0002881564
  2601        -0.0057496735
  2602        -0.0059750281
  2603        -0.0053059617
  2604        -0.0062003783
  2605        -0.0048408620
  2606        -0.0111520469
  2607        -0.0109275574
  2608        -0.0113763864
  2609        -0.0101939102
  2610        -0.0090328804
  2611        -0.0075518383
  2612        -0.0073265484
  2613        -0.0077771159
  2614        -0.0069364701
  2615        -0.0080023790
  2616        -0.0062997063
  2617        -0.0061172330
  2618        -0.0009958962
  2619        -0.0003638100
  2620        -0.0016067285
  2621        -0.0016609419
  2622        -0.0017151382
  2623        -0.0093534806
  2624        -0.0091283736
  2625        -0.0095785446
  2626        -0.0085668043
  2627        -0.0098035587
  2628        -0.0077587556
  2629        -0.0075764816
  2630         0.0013793013
  2631         0.0008500838
  2632         0.0014334136
  2633         0.0002994646
  2634         0.0014875245
  2635        -0.0055697503
  2636        -0.0057522534
  2637        -0.0065286971
  2638        -0.0059347481
  2639        -0.0071012479
  2640        -0.0092699035
  2641        -0.0082995949
  2642        -0.0090411363
  2643        -0.0075366742
  2644        -0.0073506988
  2645        -0.0077226178
  2646        -0.0067523793
  2647        -0.0064232104
  2648        -0.0071646956
  2649        -0.0085835109
  2650        -0.0083546618
  2651        -0.0088123371
  2652        -0.0078847970
  2653        -0.0069786681
  2654         0.0001303746
  2655         0.0000393423
  2656         0.0000506525
  2657        -0.0000302848
  2658        -0.0000504748
  2659         0.0144755700
  2660         0.0132651581
  2661         0.0147564360
  2662         0.0117942757
  2663         0.0120348577
  2664         0.0115545411
  2665         0.0103435720
  2666         0.0107848953
  2667         0.0122760968
  2668        -0.0070294397
  2669        -0.0072118182
  2670        -0.0081593888
  2671        -0.0073941672
  2672        -0.0089032297
  2673        -0.0003994843
  2674        -0.0011282385
  2675        -0.0004113517
  2676        -0.0018238830
  2677        -0.0018782367
  2678        -0.0017695222
  2679        -0.0019325826
  2680         0.0009155024
  2681         0.0015416337
  2682         0.0003107725
  2683         0.0003220801
  2684        -0.0002725561
  2685        -0.0002927424
  2686         0.0003333872
  2687         0.0077266325
  2688         0.0075406864
  2689         0.0067559072
  2690         0.0083040924
  2691         0.0073547089
  2692         0.0092748879
  2693         0.0090461196
  2694         0.0071687040
  2695         0.0064267326
  2696        -0.0064204711
  2697        -0.0066065532
  2698        -0.0057646111
  2699        -0.0074699025
  2700        -0.0067926197
  2701        -0.0081257931
  2702        -0.0060939472
  2703        -0.0003757041
  2704         0.0002893343
  2705        -0.0010619897
  2706        -0.0003875956
  2707         0.0003080440
  2708        -0.0148360142
  2709        -0.0146200974
  2710        -0.0150499919
  2711        -0.0134435689
  2712        -0.0152617108
  2713        -0.0120251003
  2714        -0.0118562675
  2715         0.0041664949
  2716         0.0043918500
  2717         0.0039411387
  2718         0.0036687661
  2719         0.0037157815
  2720         0.0031924429
  2721         0.0033749891
  2722         0.0062993734
  2723         0.0058142564
  2724         0.0065283225
  2725         0.0051215904
  2726         0.0053077429
  2727         0.0049354277
  2728         0.0044503230
  2729         0.0047798339
  2730         0.0054938866
  2731        -0.0056075232
  2732        -0.0049795592
  2733        -0.0053785560
  2734        -0.0045591591
  2735        -0.0043730012
  2736        -0.0047453142
  2737        -0.0041173562
  2738        -0.0037878489
  2739        -0.0041868409
  2740        -0.0004470675
  2741        -0.0012607638
  2742        -0.0004589640
  2743        -0.0020413338
  2744        -0.0020956946
  2745        -0.0019869644
  2746        -0.0021500454
  2747        -0.0129920677
  2748        -0.0117095340
  2749        -0.0127194004
  2750        -0.0106797744
  2751        -0.0104475045
  2752        -0.0109133091
  2753        -0.0096301718
  2754        -0.0092059280
  2755        -0.0102165705
  2756        -0.0165388623
  2757        -0.0163488758
  2758        -0.0167223454
  2759        -0.0150321028
  2760        -0.0168982099
  2761        -0.0135088128
  2762        -0.0133652816
  2763         0.0034904233
  2764         0.0032608620
  2765         0.0028273480
  2766         0.0030098958
  2767         0.0026447994
  2768         0.0062383771
  2769         0.0060522686
  2770         0.0054387352
  2771         0.0066444052
  2772         0.0058661499
  2773         0.0074440683
  2774         0.0072151438
  2775         0.0056800223
  2776         0.0051093013
  2777        -0.0049206141
  2778        -0.0046916402
  2779        -0.0051495862
  2780        -0.0045644295
  2781        -0.0040006786
  2782        -0.0064252985
  2783        -0.0057134645
  2784        -0.0052051490
  2785        -0.0050230226
  2786        -0.0053872405
  2787         0.0070958941
  2788         0.0065238303
  2789         0.0073211943
  2790         0.0057478740
  2791         0.0059303682
  2792         0.0055653713
  2793         0.0061128525
  2794        -0.0113539730
  2795        -0.0111253573
  2796        -0.0115824252
  2797        -0.0104259768
  2798        -0.0118106864
  2799        -0.0094767218
  2800        -0.0092899916
  2801        -0.0132192360
  2802        -0.0134459132
  2803        -0.0121695515
  2804        -0.0136720160
  2805        -0.0111000579
  2806         0.0015957409
  2807         0.0009809165
  2808         0.0016498458
  2809         0.0003446937
  2810         0.0017039481
  2811        -0.0079085166
  2812        -0.0081067801
  2813        -0.0070936602
  2814        -0.0091413078
  2815        -0.0083055633
  2816        -0.0099559418
  2817        -0.0101972509
  2818        -0.0085048581
  2819        -0.0074487189
  2820         0.0077717607
  2821         0.0079970229
  2822         0.0075464838
  2823         0.0069316022
  2824         0.0062953252
  2825         0.0099609272
  2826         0.0091543292
  2827         0.0102111374
  2828         0.0081189438
  2829         0.0083261406
  2830         0.0079125293
  2831         0.0071049747
  2832         0.0074763699
  2833         0.0085341096
  2834        -0.0040047096
  2835        -0.0042336878
  2836        -0.0037341480
  2837        -0.0044626647
  2838        -0.0034421819
  2839        -0.0084873046
  2840        -0.0086692683
  2841        -0.0075722550
  2842        -0.0097876966
  2843        -0.0088511327
  2844        -0.0107029412
  2845        -0.0078932687
  2846        -0.0036283488
  2847        -0.0031288114
  2848        -0.0041492917
  2849        -0.0038145144
  2850        -0.0034583332
  2851         0.0019203203
  2852         0.0011771126
  2853         0.0019744008
  2854         0.0004012158
  2855         0.0004125173
  2856         0.0003899132
  2857        -0.0003532899
  2858        -0.0003734653
  2859         0.0004238175
  2860        -0.0099973956
  2861        -0.0108833966
  2862        -0.0090900975
  2863        -0.0088905514
  2864        -0.0081615223
  2865        -0.0078048095
  2866        -0.0086913710
  2867        -0.0102534051
  2868        -0.0100285151
  2869        -0.0104782182
  2870        -0.0093810279
  2871        -0.0083052628
  2872        -0.0120140999
  2873        -0.0122367876
  2874        -0.0109363059
  2875        -0.0124590897
  2876        -0.0098375635
  2877        -0.0122649474
  2878        -0.0120372173
  2879        -0.0124923583
  2880        -0.0112513902
  2881        -0.0100308800
  2882        -0.0096617088
  2883        -0.0085046212
  2884        -0.0108392302
  2885        -0.0098464396
  2886        -0.0088323570
  2887         0.0020284747
  2888         0.0012424861
  2889         0.0020825407
  2890         0.0004351163
  2891         0.0021365977
  2892         0.0023526983
  2893         0.0014384549
  2894         0.0024066789
  2895         0.0004915839
  2896         0.0005028720
  2897         0.0004802944
  2898        -0.0004339353
  2899        -0.0004540490
  2900         0.0005141590
  2901        -0.0076680078
  2902        -0.0074390956
  2903        -0.0078969076
  2904        -0.0070549373
  2905        -0.0062343758
  2906         0.0039226201
  2907         0.0037400778
  2908         0.0040766660
  2909         0.0035575341
  2910         0.0046172036
  2911         0.0173442994
  2912         0.0174725407
  2913         0.0172013987
  2914         0.0155655779
  2915         0.0170459934
  2916         0.0138108607
  2917         0.0139140565
  2918         0.0060704269
  2919         0.0058414899
  2920         0.0053991586
  2921         0.0056125648
  2922         0.0047492825
  2923         0.0033227283
  2924         0.0035516704
  2925         0.0030937700
  2926         0.0029083554
  2927         0.0028647978
  2928         0.0025153849
  2929         0.0027015501
  2930        -0.0049314660
  2931        -0.0051176139
  2932        -0.0044468521
  2933        -0.0058097817
  2934        -0.0053037574
  2935        -0.0062944044
  2936        -0.0065233560
  2937        -0.0054898956
  2938        -0.0047763323
  2939        -0.0104260595
  2940        -0.0106547794
  2941        -0.0095692599
  2942         0.0017580472
  2943         0.0018121427
  2944         0.0011117241
  2945         0.0018662339
  2946         0.0003786095
  2947         0.0115515340
  2948         0.0117782910
  2949         0.0113245239
  2950         0.0103554020
  2951         0.0110972958
  2952         0.0091759189
  2953         0.0093589418
  2954         0.0097322990
  2955         0.0095036170
  2956         0.0087187573
  2957        -0.0058364873
  2958        -0.0060654479
  2959        -0.0053946779
  2960        -0.0094986321
  2961        -0.0097273142
  2962        -0.0087142583
  2963         0.0068426520
  2964         0.0066602275
  2965         0.0073393211
  2966         0.0064777843
  2967         0.0082222679
  2968         0.0024606333
  2969         0.0015036870
  2970         0.0025145555
  2971         0.0005254254
  2972         0.0025684406
  2973         0.0069862101
  2974         0.0067572690
  2975         0.0062293452
  2976        -0.0082276250
  2977        -0.0073441906
  2978        -0.0066646102
  2979        -0.0064821662
  2980        -0.0068470358
  2981         0.0013078394
  2982         0.0021906439
  2983         0.0004464136
  2984         0.0004577092
  2985        -0.0003936341
  2986        -0.0004137925
  2987         0.0004690028
  2988         0.0022446777
  2989         0.0013731656
  2990         0.0022986967
  2991        -0.0066506217
  2992        -0.0068759385
  2993        -0.0061208861
  2994         0.0010463245
  2995         0.0003559997
  2996         0.0003673050
  2997        -0.0003129273
  2998        -0.0003331101
  2999         0.0140837988
  3000         0.0143019398
  3001         0.0138645252
  3002         0.0126970991
  3003         0.0136442846
  3004         0.0113312285
  3005         0.0115097117
  3006        -0.0089740376
  3007        -0.0081231546
  3008        -0.0079409826
  3009        -0.0005065582
  3010        -0.0005299644
  3011         0.0003898210
  3012        -0.0014709529
  3013        -0.0005538959
  3014        -0.0023673353
  3015        -0.0024331469
  3016        -0.0005783501
  3017         0.0003838314
  3018         0.0157450111
  3019         0.0159430203
  3020         0.0155430577
  3021         0.0141770194
  3022         0.0153377415
  3023         0.0126319884
  3024         0.0127938832
  3025         0.0104727973
  3026         0.0106974958
  3027         0.0102480031
  3028         0.0093761105
  3029         0.0100231267
  3030         0.0083008523
  3031         0.0084828759
  3032         0.0086726942
  3033         0.0088978679
  3034         0.0084474929
  3035         0.0077469673
  3036         0.0070250547
  3037         0.0113708579
  3038         0.0115949990
  3039         0.0111465443
  3040         0.0101888775
  3041         0.0109220837
  3042         0.0090283397
  3043         0.0092099188
  3044         0.0097535973
  3045         0.0095725868
  3046         0.0085295529
  3047         0.0105944134
  3048         0.0093913503
  3049         0.0118189352
  3050         0.0082097132
  3051         0.0032650645
  3052         0.0030397050
  3053         0.0028529546
  3054         0.0028143449
  3055         0.0024622502
  3056         0.0079018837
  3057         0.0081307707
  3058         0.0076729823
  3059         0.0070594260
  3060         0.0064244740
  3061         0.0131647361
  3062         0.0133858686
  3063         0.0129429416
  3064         0.0118223654
  3065         0.0127205760
  3066         0.0105014067
  3067         0.0106809781
  3068         0.0124891073
  3069         0.0114112542
  3070         0.0101234283
  3071         0.0103124684
  3072         0.0099343482
  3073         0.0088570353
  3074         0.0091928220
  3075         0.0111140053
  3076         0.0099479612
  3077         0.0122600094
  3078         0.0108972134
  3079         0.0095557924
  3080         0.0160053733
  3081         0.0162070042
  3082         0.0157997950
  3083         0.0144349367
  3084         0.0155908485
  3085         0.0128874647
  3086         0.0130529746
  3087         0.0142549697
  3088         0.0140331953
  3089         0.0128052451
  3090         0.0081545135
  3091         0.0091230093
  3092         0.0072074319
  3093         0.0073897791
  3094         0.0075720912
  3095         0.0122660368
  3096         0.0120426289
  3097         0.0109990784
  3098         0.0068705848
  3099         0.0066452676
  3100         0.0061160195
  3101         0.0064199437
  3102         0.0053828614
  3103        -0.0067523020
  3104        -0.0069812414
  3105        -0.0062248649
  3106        -0.0072101730
  3107        -0.0056760276
  3108         0.0050679057
  3109         0.0052932536
  3110         0.0048425556
  3111         0.0044845600
  3112         0.0041051605
  3113        -0.0066399202
  3114        -0.0060482690
  3115        -0.0058621525
  3116        -0.0054352210
  3117        -0.0051057912
  3118         0.0131031096
  3119         0.0145292954
  3120         0.0116978275
  3121         0.0118850355
  3122         0.0103132556
  3123         0.0106479289
  3124         0.0120711409
  3125         0.0097827271
  3126         0.0086648092
  3127         0.0088466365
  3128         0.0095731721
  3129         0.0097981796
  3130         0.0093481128
  3131         0.0085619229
  3132         0.0077543622
  3133        -0.0004708671
  3134         0.0003640565
  3135        -0.0013270167
  3136        -0.0004827686
  3137        -0.0022043932
  3138        -0.0004946685
  3139         0.0003826978
  3140        -0.0013932450
  3141        -0.0022587258
  3142        -0.0023130409
  3143         0.0125062811
  3144         0.0111483952
  3145         0.0138467464
  3146         0.0123770240
  3147         0.0151694311
  3148         0.0122445842
  3149         0.0109282410
  3150         0.0149581609
  3151         0.0147446806
  3152         0.0135040899
  3153         0.0081187517
  3154         0.0089691448
  3155         0.0079365851
  3156        -0.0048479064
  3157        -0.0050732565
  3158        -0.0044894240
  3159        -0.0084528511
  3160        -0.0086780540
  3161        -0.0077518390
  3162        -0.0146028026
  3163        -0.0143905886
  3164        -0.0148130816
  3165        -0.0132064284
  3166        -0.0150211083
  3167        -0.0117835673
  3168        -0.0116185266
  3169        -0.0162775471
  3170        -0.0160911837
  3171        -0.0164574062
  3172        -0.0147682211
  3173        -0.0166296459
  3174        -0.0132423594
  3175        -0.0131024597
  3176        -0.0004232585
  3177         0.0003267345
  3178        -0.0011944914
  3179        -0.0004351638
  3180         0.0003453998
  3181         0.0127454319
  3182         0.0113884114
  3183         0.0140850242
  3184         0.0126003184
  3185         0.0154068296
  3186         0.0124524821
  3187         0.0111363936
  3188         0.0059692797
  3189         0.0061946141
  3190         0.0057439411
  3191         0.0053003207
  3192         0.0055185988
  3193         0.0046527680
  3194         0.0048352978
  3195         0.0106690082
  3196         0.0108978346
  3197         0.0104401053
  3198         0.0095913552
  3199         0.0087210233
  3200         0.0052003452
  3201         0.0057081804
  3202         0.0050178238
  3203         0.0048924459
  3204         0.0042876989
  3205         0.0044702349
  3206         0.0088173191
  3207         0.0085884915
  3208         0.0078892914
  3209         0.0083596409
  3210         0.0069826751
  3211         0.0151921677
  3212         0.0149752691
  3213         0.0137236528
  3214         0.0090268837
  3215         0.0080502803
  3216         0.0099760807
  3217         0.0088752527
  3218         0.0077947956
  3219         0.0074743942
  3220         0.0066105574
  3221         0.0067966252
  3222         0.0057681281
  3223         0.0060974666
  3224        -0.0017967291
  3225        -0.0016986655
  3226        -0.0021328694
  3227         0.0145229039
  3228         0.0161271613
  3229         0.0129417526
  3230         0.0128179527
  3231         0.0113830103
  3232         0.0110932118
  3233         0.0126809726
  3234        -0.0000819120
  3235        -0.0000277912
  3236        -0.0001360328
  3237        -0.0000659184
  3238        -0.0000172092
  3239         0.0134846973
  3240         0.0150850699
  3241         0.0131523699
  3242         0.0166669752
  3243         0.0128157454
  3244         0.0164942940
  3245         0.0163139867
  3246         0.0145742276
  3247         0.0024068342
  3248         0.0026358177
  3249         0.0021778494
  3250         0.0020780463
  3251         0.0019488641
  3252         0.0017706626
  3253         0.0019568389
  3254         0.0023291982
  3255         0.0021437916
  3256         0.0024932072
  3257         0.0021430168
  3258         0.0018142266
  3259         0.0023636235
  3260         0.0025889844
  3261         0.0021382623
  3262         0.0020371337
  3263         0.0019129008
  3264         0.0017320492
  3265         0.0019146000
  3266         0.0022797005
  3267         0.0024450450
  3268         0.0020971504
  3269        -0.0000004872
  3270        -0.0000058988
  3271         0.0000054115
  3272         0.0000100949
  3273        -0.0000100949
  3274         0.0014908935
  3275         0.0017198788
  3276         0.0012619083
  3277         0.0012477256
  3278         0.0012121374
  3279         0.0014621770
  3280         0.0016875390
  3281         0.0012368149
  3282         0.0012213078
  3283         0.0011843954
  3284         0.0016628856
  3285         0.0013983121
  3286         0.0015844871
  3287         0.0011551438
  3288         0.0014846833
  3289         0.0016292211
  3290         0.0013669469
  3291         0.0015494982
  3292        -0.0046378774
  3293        -0.0057013788
  3294        -0.0047351904
  3295        -0.0066470702
  3296        -0.0067865050
  3297        -0.0065075562
  3298        -0.0069258475
  3299        -0.0044242456
  3300        -0.0034146046
  3301        -0.0054552272
  3302        -0.0045308586
  3303        -0.0035859712
  3304        -0.0015600065
  3305        -0.0006017273
  3306        -0.0024976340
  3307        -0.0025625461
  3308        -0.0026278785
  3309         0.0016107989
  3310         0.0026648724
  3311         0.0005780372
  3312         0.0006323954
  3313        -0.0004334133
  3314        -0.0003667657
  3315         0.0006884975
  3316         0.0059422956
  3317         0.0070813493
  3318         0.0048245991
  3319         0.0049535758
  3320         0.0037282443
  3321         0.0039444380
  3322         0.0050837191
  3323         0.0073600474
  3324         0.0074991215
  3325         0.0072207816
  3326         0.0062114440
  3327         0.0051817241
  3328         0.0027511213
  3329         0.0017532734
  3330         0.0028385847
  3331         0.0007347093
  3332         0.0029272512
  3333         0.0079437338
  3334         0.0080912389
  3335         0.0077962047
  3336         0.0067165955
  3337         0.0076486993
  3338         0.0055113611
  3339         0.0056182432
  3340        -0.0080712919
  3341        -0.0078825871
  3342        -0.0082613506
  3343        -0.0069095481
  3344        -0.0084527024
  3345        -0.0057207771
  3346        -0.0055747068
  3347         0.0054011408
  3348         0.0043239243
  3349         0.0064595472
  3350         0.0052912536
  3351         0.0041437943
  3352         0.0097075885
  3353         0.0098099002
  3354         0.0096026493
  3355         0.0080517156
  3356         0.0094953647
  3357         0.0064203774
  3358         0.0064837839
  3359         0.0094720043
  3360         0.0095576391
  3361         0.0093832905
  3362         0.0078207003
  3363         0.0092917827
  3364         0.0061940754
  3365         0.0062406731
  3366         0.0162191977
  3367         0.0163882601
  3368         0.0160425097
  3369         0.0143013453
  3370         0.0158593038
  3371         0.0124103176
  3372         0.0125414749
  3373         0.0142575015
  3374         0.0126788052
  3375         0.0125511504
  3376         0.0111225183
  3377         0.0108250267
  3378         0.0170545023
  3379         0.0171791248
  3380         0.0169152208
  3381         0.0152777716
  3382         0.0167634348
  3383         0.0135250500
  3384         0.0136246312
  3385        -0.0173429558
  3386        -0.0172523313
  3387        -0.0174104751
  3388        -0.0155626368
  3389        -0.0174505119
  3390        -0.0137855001
  3391        -0.0137444805
  3392        -0.0176329030
  3393        -0.0175386527
  3394        -0.0177040484
  3395        -0.0158548104
  3396        -0.0177477116
  3397        -0.0140798991
  3398        -0.0140352480
  3399         0.0132027339
  3400         0.0148047262
  3401         0.0128742530
  3402        -0.0048019855
  3403        -0.0037185523
  3404        -0.0059070068
  3405        -0.0048675210
  3406        -0.0070336306
  3407        -0.0049317860
  3408        -0.0038074074
  3409         0.0068371281
  3410         0.0081049603
  3411         0.0055911045
  3412         0.0055587054
  3413         0.0043668484
  3414         0.0042560518
  3415         0.0055210352
  3416        -0.0071407570
  3417        -0.0072466288
  3418        -0.0060785505
  3419         0.0084509107
  3420         0.0086247163
  3421         0.0082776236
  3422         0.0069753052
  3423         0.0056489536
  3424        -0.0091445823
  3425        -0.0104693800
  3426        -0.0078477859
  3427        -0.0091869444
  3428        -0.0065789751
  3429        -0.0092215167
  3430        -0.0105127787
  3431         0.0084202237
  3432         0.0087031170
  3433         0.0081411482
  3434         0.0070378172
  3435         0.0078660550
  3436         0.0056698107
  3437         0.0059042978
  3438         0.0076498642
  3439         0.0084293849
  3440         0.0087288918
  3441        -0.0025870125
  3442        -0.0016269923
  3443        -0.0035481881
  3444        -0.0044444077
  3445        -0.0053309906
  3446        -0.0028903626
  3447        -0.0019332240
  3448        -0.0038486575
  3449        -0.0047474422
  3450        -0.0056365871
  3451         0.0062619062
  3452         0.0046656435
  3453         0.0051614231
  3454         0.0030771189
  3455         0.0040307083
  3456        -0.0081327309
  3457        -0.0100328500
  3458        -0.0062567803
  3459        -0.0072081595
  3460        -0.0043989301
  3461        -0.0062625141
  3462        -0.0081624871
  3463        -0.0084461192
  3464        -0.0103456765
  3465        -0.0065707308
  3466        -0.0075190336
  3467        -0.0047134435
  3468        -0.0065708717
  3469        -0.0084702863
  3470         0.0007835184
  3471         0.0002831145
  3472         0.0012986599
  3473         0.0022128360
  3474         0.0018283960
  3475         0.0036499286
  3476         0.0031041404
  3477         0.0178665911
  3478         0.0179088622
  3479         0.0177962581
  3480         0.0161688523
  3481         0.0177023200
  3482         0.0144967429
  3483         0.0145374812
  3484         0.0175625764
  3485         0.0176012279
  3486         0.0174958635
  3487         0.0158670930
  3488         0.0174055455
  3489         0.0141972391
  3490         0.0142343606
  3491        -0.0033038551
  3492        -0.0032821826
  3493        -0.0022893410
  3494        -0.0032585546
  3495        -0.0013005301
  3496        -0.0013178082
  3497        -0.0032329794
  3498        -0.0027312138
  3499        -0.0027056377
  3500        -0.0027555797
  3501        -0.0017256607
  3502        -0.0027787305
  3503        -0.0007018942
  3504        -0.0007176435
  3505         0.0051925614
  3506         0.0054225520
  3507         0.0049625861
  3508         0.0046410540
  3509         0.0042962706
  3510         0.0042410151
  3511         0.0040110332
  3512         0.0037451854
  3513         0.0037810327
  3514         0.0032726085
  3515        -0.0075176338
  3516        -0.0076606485
  3517        -0.0065075021
  3518        -0.0078034156
  3519        -0.0054742526
  3520        -0.0016359816
  3521        -0.0004764649
  3522        -0.0005914120
  3523         0.0006998311
  3524         0.0004313048
  3525         0.0014644347
  3526         0.0018495020
  3527         0.0010594226
  3528         0.0015279578
  3529         0.0006344643
  3530         0.0015910792
  3531         0.0020162393
  3532         0.0008692507
  3533         0.0004969767
  3534         0.0012614041
  3535         0.0011896882
  3536         0.0016734358
  3537         0.0014904455
  3538         0.0011183747
  3539         0.0019249840
  3540         0.0030528477
  3541         0.0008176060
  3542         0.0009031108
  3543        -0.0002692903
  3544        -0.0001383578
  3545         0.0009912160
  3546        -0.0132305142
  3547        -0.0145713472
  3548        -0.0118630759
  3549        -0.0118614664
  3550        -0.0118516570
  3551        -0.0112897781
  3552        -0.0100145254
  3553        -0.0125850905
  3554        -0.0114789791
  3555        -0.0139005573
  3556        -0.0116675723
  3557        -0.0103537855
  3558        -0.0106499635
  3559        -0.0118656386
  3560        -0.0094567185
  3561        -0.0109219356
  3562        -0.0123860456
  3563        -0.0109101552
  3564        -0.0121279357
  3565        -0.0097148167
  3566        -0.0111789762
  3567        -0.0126421024
  3568         0.0021693772
  3569         0.0012380084
  3570         0.0026304309
  3571        -0.0034923041
  3572        -0.0025667036
  3573        -0.0044095133
  3574        -0.0038040581
  3575        -0.0028756969
  3576        -0.0047181881
  3577         0.0158983808
  3578         0.0141204983
  3579         0.0143155154
  3580         0.0156036005
  3581         0.0138277157
  3582         0.0140193736
  3583        -0.0090031575
  3584        -0.0102861329
  3585        -0.0077478216
  3586        -0.0091014543
  3587        -0.0065201364
  3588        -0.0091909743
  3589        -0.0104453520
  3590         0.0065555549
  3591         0.0080897006
  3592         0.0069044210
  3593         0.0096056481
  3594         0.0072406045
  3595        -0.0137765380
  3596        -0.0154769440
  3597        -0.0143125233
  3598        -0.0172017680
  3599        -0.0148489505
  3600        -0.0140463302
  3601        -0.0157477890
  3602        -0.0145856540
  3603        -0.0174736626
  3604        -0.0151254195
  3605         0.0029138648
  3606         0.0016831647
  3607         0.0041559408
  3608         0.0044532529
  3609         0.0047433326
  3610         0.0026285131
  3611         0.0014008079
  3612         0.0038676060
  3613         0.0041681260
  3614         0.0044614062
  3615        -0.0159086222
  3616        -0.0176395961
  3617        -0.0141744685
  3618        -0.0145817746
  3619        -0.0149673412
  3620        -0.0161936145
  3621        -0.0179223673
  3622        -0.0144616825
  3623        -0.0148654334
  3624        -0.0152474434
  3625        -0.0061962158
  3626        -0.0075758710
  3627        -0.0066829794
  3628        -0.0089725179
  3629        -0.0071810054
  3630         0.0076306664
  3631         0.0091536758
  3632         0.0061289904
  3633         0.0066203792
  3634         0.0071229567
  3635        -0.0123983758
  3636        -0.0140298637
  3637        -0.0130233777
  3638        -0.0156805177
  3639        -0.0136583032
  3640        -0.0148400349
  3641        -0.0163005027
  3642        -0.0133614781
  3643        -0.0136050957
  3644        -0.0138337297
  3645        -0.0126426363
  3646        -0.0142736778
  3647        -0.0132704118
  3648        -0.0159242476
  3649        -0.0139081437
  3650        -0.0150971975
  3651        -0.0165551073
  3652        -0.0136212052
  3653        -0.0138617129
  3654        -0.0140872210
  3655         0.0099149981
  3656         0.0100739437
  3657         0.0087549130
  3658         0.0102214446
  3659         0.0076131000
  3660         0.0138227009
  3661         0.0118619834
  3662         0.0158310788
  3663         0.0144489239
  3664         0.0179005430
  3665         0.0150561113
  3666         0.0130587482
  3667         0.0096500616
  3668         0.0098128440
  3669         0.0084932247
  3670         0.0099641806
  3671         0.0073546613
  3672         0.0135026005
  3673         0.0115424475
  3674         0.0155104143
  3675         0.0141314098
  3676         0.0175793155
  3677         0.0147411870
  3678         0.0127443850
  3679         0.0180299729
  3680         0.0180985866
  3681         0.0165677328
  3682         0.0181190571
  3683         0.0151146365
  3684         0.0177123696
  3685         0.0177846065
  3686         0.0162532823
  3687         0.0178086997
  3688         0.0148033384
  3689        -0.0130237849
  3690        -0.0127996460
  3691        -0.0132474185
  3692        -0.0119838838
  3693        -0.0107435756
  3694         0.0028407540
  3695         0.0033706948
  3696         0.0023336897
  3697         0.0024372547
  3698         0.0025404211
  3699         0.0019943630
  3700         0.0022924136
  3701         0.0018826707
  3702         0.0025675877
  3703         0.0017713768
  3704        -0.0012569773
  3705        -0.0022659338
  3706        -0.0012107688
  3707        -0.0032961571
  3708        -0.0011619040
  3709         0.0046001292
  3710         0.0041568273
  3711         0.0050220355
  3712         0.0044491254
  3713         0.0038938333
  3714         0.0033248480
  3715         0.0028900552
  3716         0.0030804078
  3717         0.0024766605
  3718         0.0028183509
  3719        -0.0066874485
  3720        -0.0055442963
  3721        -0.0055108084
  3722        -0.0043740216
  3723        -0.0043526352
  3724        -0.0006393806
  3725         0.0003624341
  3726        -0.0016620713
  3727        -0.0006780208
  3728         0.0003242745
  3729        -0.0139638323
  3730        -0.0141844994
  3731        -0.0128884358
  3732        -0.0144040053
  3733        -0.0117918244
  3734         0.0110628460
  3735         0.0123027884
  3736         0.0098395588
  3737         0.0103310092
  3738         0.0108332863
  3739         0.0032204342
  3740         0.0031414204
  3741         0.0032943934
  3742         0.0022095769
  3743         0.0033632717
  3744         0.0012235246
  3745         0.0011123911
  3746         0.0029370463
  3747         0.0028302322
  3748         0.0023613872
  3749         0.0032797389
  3750         0.0027234291
  3751         0.0038553844
  3752         0.0037099065
  3753         0.0026166389
  3754         0.0021864562
  3755         0.0019649374
  3756         0.0017666909
  3757         0.0021103342
  3758         0.0014423894
  3759         0.0015491085
  3760         0.0013356583
  3761         0.0011374296
  3762         0.0013121886
  3763         0.0016558142
  3764         0.0030042058
  3765         0.0030732919
  3766         0.0039288996
  3767         0.0021983080
  3768         0.0031424174
  3769         0.0012741478
  3770         0.0013039545
  3771         0.0032115685
  3772         0.0041064772
  3773         0.0000737927
  3774         0.0000979668
  3775         0.0000443637
  3776         0.0001709041
  3777         0.0001028066
  3778         0.0002390015
  3779         0.0002631757
  3780         0.0000883122
  3781         0.0000347091
  3782         0.0003747816
  3783         0.0002680156
  3784         0.0002535212
  3785         0.0001612496
  3786         0.0003651272
  3787         0.0002196926
  3788         0.0000544835
  3789         0.0002209352
  3790         0.0001915072
  3791         0.0002503627
  3792         0.0003905428
  3793         0.0002797894
  3794         0.0005794850
  3795         0.0005113886
  3796        -0.0005074799
  3797        -0.0003620455
  3798        -0.0006529142
  3799        -0.0005030802
  3800        -0.0007983484
  3801        -0.0004793463
  3802        -0.0003725804
  3803         0.0001032217
  3804         0.0001326505
  3805         0.0001954931
  3806         0.0001620792
  3807         0.0003070988
  3808        -0.0008678969
  3809        -0.0014623809
  3810        -0.0008973180
  3811        -0.0020081157
  3812        -0.0020761946
  3813        -0.0019400341
  3814        -0.0025345220
  3815        -0.0027093382
  3816        -0.0021442703
  3817        -0.0030415993
  3818        -0.0031483413
  3819        -0.0037814922
  3820        -0.0032550791
  3821        -0.0042885769
  3822        -0.0044339753
  3823        -0.0033618121
  3824         0.0003386341
  3825         0.0003092110
  3826         0.0003680538
  3827         0.0005855723
  3828         0.0003974691
  3829         0.0008518467
  3830         0.0007837565
  3831         0.0019359290
  3832         0.0020038178
  3833         0.0025362805
  3834         0.0014518347
  3835         0.0020717051
  3836         0.0008514846
  3837         0.0008803320
  3838         0.0021395897
  3839         0.0027110964
  3840         0.0007932040
  3841         0.0007640988
  3842         0.0008223329
  3843         0.0013548006
  3844         0.0018677463
  3845         0.0009092031
  3846         0.0009380748
  3847         0.0015485902
  3848         0.0009669464
  3849         0.0022074960
  3850         0.0022753738
  3851         0.0028858954
  3852         0.0016453387
  3853         0.0023432465
  3854         0.0009957909
  3855         0.0024111131
  3856         0.0030606704
  3857         0.0010246361
  3858         0.0010534783
  3859         0.0017420498
  3860         0.0010823169
  3861         0.0024789759
  3862         0.0025468269
  3863         0.0032354119
  3864         0.0018387382
  3865         0.0026146678
  3866         0.0011111474
  3867         0.0026824966
  3868         0.0034101067
  3869        -0.0006030693
  3870        -0.0006324967
  3871        -0.0005736417
  3872        -0.0009748139
  3873        -0.0005442138
  3874        -0.0013272254
  3875        -0.0013953193
  3876         0.0011399728
  3877         0.0011687910
  3878         0.0019353912
  3879         0.0011976003
  3880         0.0027503127
  3881        -0.0007207764
  3882        -0.0007502020
  3883        -0.0006913503
  3884        -0.0011698524
  3885        -0.0006619237
  3886        -0.0015995966
  3887        -0.0016676871
  3888        -0.0010723344
  3889        -0.0014634126
  3890        -0.0015315050
  3891        -0.0018351582
  3892        -0.0020100087
  3893        -0.0012673671
  3894        -0.0007796270
  3895        -0.0017357763
  3896        -0.0018038640
  3897        -0.0021848542
  3898        -0.0023596928
  3899        -0.0018719500
  3900        -0.0008384745
  3901        -0.0008090512
  3902        -0.0013648772
  3903        -0.0022526789
  3904        -0.0021072474
  3905        -0.0023981098
  3906        -0.0020162685
  3907        -0.0025435399
  3908        -0.0017605245
  3909        -0.0016537613
  3910         0.0041462337
  3911         0.0042916434
  3912         0.0040008148
  3913         0.0035319709
  3914         0.0030437921
  3915         0.0065103846
  3916         0.0066770154
  3917         0.0063445273
  3918         0.0055646950
  3919         0.0061794544
  3920         0.0046392946
  3921         0.0047654846
  3922         0.0037841235
  3923         0.0044370455
  3924         0.0031505353
  3925         0.0032572743
  3926         0.0033640083
  3927        -0.0045793676
  3928        -0.0047247527
  3929        -0.0040336167
  3930        -0.0048701294
  3931        -0.0034685394
  3932        -0.0035752601
  3933        -0.0028841367
  3934        -0.0042857130
  3935        -0.0036819731
  3936        -0.0050154963
  3937        -0.0037886769
  3938        -0.0030589109
  3939        -0.0051608517
  3940        -0.0053061937
  3941        -0.0045377708
  3942        -0.0054515202
  3943        -0.0038953702
  3944         0.0047278271
  3945         0.0048732052
  3946         0.0045824402
  3947         0.0040362517
  3948         0.0034707365
  3949        -0.0040020511
  3950        -0.0032336518
  3951        -0.0047897761
  3952        -0.0041087174
  3953        -0.0055968286
  3954        -0.0042153667
  3955        -0.0034083466
  3956        -0.0057421162
  3957        -0.0058873802
  3958        -0.0050417103
  3959        -0.0060326174
  3960        -0.0043219956
  3961        -0.0044285999
  3962        -0.0035829762
  3963        -0.0052935450
  3964        -0.0045351739
  3965        -0.0061778148
  3966        -0.0046417124
  3967        -0.0037575080
  3968         0.0042883502
  3969         0.0050185733
  3970         0.0035774579
  3971         0.0036841715
  3972         0.0037908760
  3973        -0.0063353535
  3974        -0.0064934197
  3975        -0.0055577531
  3976        -0.0066520069
  3977        -0.0047608636
  3978         0.0053092728
  3979         0.0054546003
  3980         0.0051639297
  3981         0.0045404097
  3982         0.0038975698
  3983         0.0004880613
  3984         0.0007156680
  3985         0.0006475773
  3986         0.0009626102
  3987         0.0007877587
  3988         0.0047924167
  3989         0.0055999099
  3990         0.0040042512
  3991         0.0041109180
  3992         0.0042175677
  3993         0.0058904653
  3994         0.0060357054
  3995         0.0057451991
  3996         0.0050443532
  3997         0.0043241980
  3998         0.0012417845
  3999         0.0012247887
  4000         0.0012582378
  4001         0.0021132458
  4002         0.0029488537
  4003        -0.0028343977
  4004        -0.0026889693
  4005        -0.0029798251
  4006        -0.0025206509
  4007        -0.0031252511
  4008        -0.0021875710
  4009        -0.0020808105
  4010        -0.0022943304
  4011        -0.0027728362
  4012        -0.0024010886
  4013        -0.0032706756
  4014        -0.0025078455
  4015        -0.0034160984
  4016        -0.0035615190
  4017        -0.0030250155
  4018        -0.0037069373
  4019        -0.0026146007
  4020         0.0018194863
  4021         0.0016740430
  4022         0.0015145207
  4023         0.0015286043
  4024         0.0012288944
  4025        -0.0027213541
  4026        -0.0032771868
  4027        -0.0028281052
  4028        -0.0038523527
  4029        -0.0029348538
  4030        -0.0039977648
  4031        -0.0041431731
  4032        -0.0035293471
  4033        -0.0010892164
  4034        -0.0009437825
  4035        -0.0012346502
  4036        -0.0010074797
  4037        -0.0013800838
  4038        -0.0009064089
  4039        -0.0007996435
  4040        -0.0009561557
  4041        -0.0009855717
  4042        -0.0009267377
  4043        -0.0015598759
  4044        -0.0022123422
  4045        -0.0016573589
  4046        -0.0010149855
  4047        -0.0022804096
  4048        -0.0023484718
  4049        -0.0024165280
  4050        -0.0004853575
  4051        -0.0005147857
  4052        -0.0004559291
  4053        -0.0007797679
  4054        -0.0004265005
  4055        -0.0010548448
  4056        -0.0011229406
  4057        -0.0010738041
  4058        -0.0011032078
  4059        -0.0010443964
  4060        -0.0017548253
  4061        -0.0024845769
  4062        -0.0018522685
  4063        -0.0011326069
  4064        -0.0025526173
  4065        -0.0026206477
  4066        -0.0026886661
  4067        -0.0011913867
  4068        -0.0012207649
  4069        -0.0011620003
  4070        -0.0019496786
  4071        -0.0027566701
  4072         0.0000742580
  4073        -0.0000711766
  4074         0.0000013206
  4075        -0.0002166111
  4076        -0.0000522825
  4077        -0.0020470411
  4078        -0.0012501333
  4079        -0.0028246565
  4080        -0.0028926215
  4081        -0.0029605606
  4082         0.0002930186
  4083         0.0004432924
  4084         0.0003751958
  4085         0.0006129006
  4086         0.0004380386
  4087        -0.0013088345
  4088        -0.0013381613
  4089        -0.0012794904
  4090        -0.0021443394
  4091        -0.0030284842
  4092        -0.0016709502
  4093        -0.0015255171
  4094        -0.0018163830
  4095        -0.0015118766
  4096        -0.0019618154
  4097        -0.0013334691
  4098        -0.0012267044
  4099         0.0052947358
  4100         0.0044293410
  4101         0.0045343750
  4102         0.0035832665
  4103         0.0037546278
  4104         0.0028165919
  4105         0.0020304316
  4106         0.0028827735
  4107        -0.0069488739
  4108        -0.0067909834
  4109        -0.0071071460
  4110        -0.0060726504
  4111        -0.0050580225
  4112        -0.0002508799
  4113        -0.0002658145
  4114        -0.0001590485
  4115        -0.0002614149
  4116        -0.0000865514
  4117         0.0011221336
  4118         0.0012623205
  4119         0.0010153720
  4120         0.0013831713
  4121         0.0009086097
  4122        -0.0022684613
  4123        -0.0019740492
  4124        -0.0018672872
  4125        -0.0016603039
  4126        -0.0014854470
  4127        -0.0012591309
  4128        -0.0008772916
  4129        -0.0011910360
  4130         0.0012377356
  4131         0.0010923005
  4132         0.0010101225
  4133         0.0009468656
  4134         0.0008018440
  4135        -0.0022333556
  4136        -0.0013588910
  4137        -0.0030885582
  4138        -0.0031482007
  4139        -0.0039244927
  4140        -0.0040826985
  4141        -0.0032074052
  4142        -0.0048603713
  4143        -0.0058158660
  4144        -0.0049594272
  4145        -0.0009867487
  4146        -0.0013105880
  4147        -0.0006822434
  4148        -0.0009186524
  4149        -0.0003970719
  4150        -0.0008505559
  4151        -0.0011357277
  4152        -0.0012596786
  4153        -0.0011199394
  4154        -0.0010131743
  4155        -0.0009608663
  4156        -0.0007860041
  4157        -0.0017640734
  4158        -0.0015469976
  4159        -0.0014402335
  4160        -0.0007552802
  4161        -0.0006928778
  4162        -0.0005861121
  4163        -0.0006111414
  4164        -0.0004362783
  4165        -0.0003676431
  4166        -0.0003382143
  4167        -0.0005847181
  4168        -0.0003087854
  4169        -0.0007824591
  4170        -0.0007143622
  4171        -0.0004871923
  4172        -0.0006462652
  4173        -0.0002793564
  4174        -0.0005781681
  4175        -0.0002499274
  4176        -0.0002204984
  4177        -0.0003896662
  4178        -0.0001910693
  4179        -0.0005100708
  4180         0.0006950787
  4181         0.0007579222
  4182         0.0005883132
  4183         0.0008014312
  4184         0.0004815476
  4185        -0.0004419735
  4186        -0.0002921397
  4187        -0.0003738761
  4188        -0.0001616402
  4189        -0.0003057786
  4190        -0.0001322110
  4191        -0.0001027819
  4192        -0.0001946132
  4193        -0.0000733528
  4194        -0.0002376811
  4195         0.0006559965
  4196         0.0005105618
  4197         0.0005057219
  4198        -0.0001695836
  4199        -0.0000970865
  4200        -0.0001014860
  4201        -0.0000439236
  4202        -0.0000333885
  4203        -0.0000144945
  4204         0.0000149346
  4205         0.0000004402
  4206        -0.0013332796
  4207        -0.0013469729
  4208        -0.0022801609
  4209         0.0058392715
  4210         0.0068248958
  4211         0.0048739425
  4212         0.0049824230
  4213         0.0050909093
  4214         0.0012577441
  4215         0.0007352170
  4216         0.0017998004
  4217         0.0017318631
  4218         0.0016639368
  4219         0.0009199046
  4220         0.0006830475
  4221         0.0009879541
  4222         0.0004268592
  4223         0.0010559932
  4224         0.0070406234
  4225         0.0071446900
  4226         0.0069340279
  4227         0.0060541687
  4228         0.0051552262
  4229         0.0004509254
  4230         0.0004742980
  4231         0.0007749855
  4232         0.0006676265
  4233         0.0007012108
  4234         0.0011559085
  4235         0.0031942253
  4236         0.0032655065
  4237         0.0031233340
  4238         0.0020833245
  4239         0.0010237817
  4240        -0.0155243845
  4241        -0.0175941222
  4242        -0.0135158545
  4243        -0.0141542768
  4244        -0.0115550183
  4245        -0.0127762589
  4246        -0.0147741186
  4247        -0.0158357871
  4248        -0.0179049594
  4249        -0.0138278223
  4250        -0.0144634433
  4251        -0.0118675514
  4252        -0.0130831893
  4253        -0.0150804838
  4254        -0.0177997500
  4255        -0.0178237120
  4256        -0.0177274465
  4257        -0.0162775669
  4258        -0.0148369021
  4259        -0.0181033437
  4260        -0.0181236841
  4261        -0.0180346620
  4262        -0.0165825464
  4263        -0.0151396454
  4264         0.0004160167
  4265         0.0017788231
  4266         0.0007687524
  4267         0.0067712837
  4268         0.0082950781
  4269         0.0071105044
  4270         0.0098011369
  4271         0.0074379707
  4272        -0.0141252113
  4273        -0.0143488615
  4274        -0.0129979513
  4275        -0.0130583051
  4276        -0.0116855662
  4277        -0.0117432801
  4278        -0.0066899334
  4279        -0.0068524913
  4280        -0.0080113543
  4281         0.0035986851
  4282         0.0034856145
  4283         0.0030598823
  4284         0.0024133234
  4285         0.0022609056
  4286         0.0020258118
  4287        -0.0032891618
  4288        -0.0032792090
  4289        -0.0022085014
  4290        -0.0032663006
  4291        -0.0011106566
  4292         0.0013045237
  4293         0.0013040932
  4294         0.0022665285
  4295         0.0013026638
  4296         0.0032484504
  4297         0.0040591711
  4298         0.0052077882
  4299         0.0028876850
  4300         0.0044039343
  4301         0.0016939168
  4302         0.0047540824
  4303         0.0059265211
  4304         0.0038105261
  4305         0.0049643328
  4306         0.0026336906
  4307         0.0041500337
  4308         0.0014344185
  4309         0.0044949002
  4310         0.0056727284
  4311         0.0023116670
  4312         0.0032052796
  4313         0.0038559397
  4314         0.0025742021
  4315         0.0034708397
  4316         0.0041183073
  4317         0.0095953979
  4318         0.0093904713
  4319         0.0084219004
  4320         0.0091864981
  4321         0.0072643096
  4322        -0.0091265747
  4323        -0.0092801716
  4324        -0.0082225883
  4325        -0.0094332592
  4326        -0.0073026275
  4327         0.0094558479
  4328         0.0093051426
  4329         0.0082808849
  4330        -0.0173606933
  4331        -0.0175073102
  4332        -0.0161693842
  4333        -0.0176362131
  4334        -0.0177864555
  4335        -0.0164471931
  4336         0.0034760472
  4337         0.0025863991
  4338         0.0041066939
  4339         0.0031990805
  4340         0.0023067407
  4341         0.0038272416
  4342         0.0040669453
  4343         0.0049511950
  4344         0.0031598683
  4345         0.0044930755
  4346         0.0058281281
  4347         0.0060908167
  4348         0.0050949655
  4349         0.0050300653
  4350         0.0041222793
  4351         0.0039624258
  4352         0.0028498476
  4353         0.0016248404
  4354         0.0040827780
  4355         0.0036066622
  4356         0.0031422681
  4357        -0.0158909343
  4358        -0.0160977532
  4359        -0.0148698553
  4360        -0.0161382849
  4361        -0.0163487288
  4362        -0.0151202714
  4363         0.0085260495
  4364         0.0068549818
  4365         0.0072315401
  4366         0.0082732622
  4367         0.0066067933
  4368         0.0069782432
  4369        -0.0045027891
  4370        -0.0055069129
  4371        -0.0035212732
  4372        -0.0047709061
  4373        -0.0060188016
  4374        -0.0106313890
  4375        -0.0096837630
  4376        -0.0112205115
  4377        -0.0087179616
  4378        -0.0117979635
  4379        -0.0109414149
  4380        -0.0099912770
  4381        -0.0115277363
  4382        -0.0090229600
  4383        -0.0121023867
  4384         0.0077603050
  4385         0.0063485716
  4386         0.0068019471
  4387        -0.0101354597
  4388        -0.0114561429
  4389        -0.0104374779
  4390         0.0164184716
  4391         0.0147453684
  4392         0.0149386373
  4393         0.0130947747
  4394         0.0134709511
  4395         0.0161103720
  4396         0.0144395258
  4397         0.0146300692
  4398         0.0127911884
  4399         0.0131619117
  4400         0.0127688107
  4401         0.0125359677
  4402         0.0117932157
  4403         0.0100596701
  4404         0.0091266435
  4405         0.0109735041
  4406         0.0115504215
  4407         0.0121152330
  4408         0.0097469568
  4409         0.0088173370
  4410         0.0106573814
  4411         0.0112368839
  4412         0.0118042825
  4413        -0.0141535576
  4414        -0.0123592921
  4415        -0.0159730284
  4416        -0.0145053473
  4417        -0.0130490402
  4418        -0.0144507446
  4419        -0.0126550746
  4420        -0.0162716127
  4421        -0.0148053159
  4422        -0.0133503929
  4423        -0.0081380514
  4424        -0.0068292691
  4425        -0.0070704898
  4426        -0.0010763133
  4427        -0.0000201153
  4428        -0.0021565263
  4429        -0.0010404870
  4430         0.0000818506
  4431        -0.0099378952
  4432        -0.0111533036
  4433        -0.0114848856
  4434        -0.0102398229
  4435        -0.0114521594
  4436        -0.0117865274
  4437         0.0013225525
  4438         0.0011780502
  4439         0.0014714938
  4440         0.0022262044
  4441         0.0029639387
  4442         0.0031582361
  4443         0.0021768156
  4444         0.0030633999
  4445         0.0117737947
  4446         0.0104496656
  4447         0.0119520599
  4448         0.0114683040
  4449         0.0101422681
  4450         0.0116438415
  4451         0.0022167405
  4452         0.0010889422
  4453         0.0011555253
$EndNodeData
