$MeshFormat
2.2 0 8
$EndMeshFormat
$Nodes
  1163
     1         0.0000000000        -0.0503488255        -0.4375540078
     2         0.0000000000         0.0496511745        -0.4375540078
     3         0.0000000000        -0.0303488255        -0.4375540078
     4         0.0000000000        -0.0103488255        -0.4375540078
     5         0.0000000000         0.0096511745        -0.4375540078
     6         0.0000000000         0.0296511745        -0.4375540078
     7         0.0000000000        -0.0403488255        -0.4375540078
     8         0.0000000000        -0.0203488255        -0.4375540078
     9         0.0000000000        -0.0003488255        -0.4375540078
    10         0.0000000000         0.0196511745        -0.4375540078
    11         0.0000000000         0.0396511745        -0.4375540078
    12         0.0000000000         0.0496511745        -0.2088608260
    13         0.0000000000         0.0496511745        -0.0099971896
    14         0.0000000000         0.0496511745        -0.0298835532
    15         0.0000000000         0.0496511745        -0.0497699169
    16         0.0000000000         0.0496511745        -0.0696562805
    17         0.0000000000         0.0496511745        -0.0895426442
    18         0.0000000000         0.0496511745        -0.1094290078
    19         0.0000000000         0.0496511745        -0.1293153714
    20         0.0000000000         0.0496511745        -0.1492017351
    21         0.0000000000         0.0496511745        -0.1690880987
    22         0.0000000000         0.0496511745        -0.1889744623
    23         0.0000000000         0.0496511745         0.0098891740
    24         0.0000000000         0.0496511745        -0.2287471896
    25         0.0000000000         0.0496511745        -0.2486335532
    26         0.0000000000         0.0496511745        -0.2685199169
    27         0.0000000000         0.0496511745        -0.2884062805
    28         0.0000000000         0.0496511745        -0.3082926442
    29         0.0000000000         0.0496511745        -0.3281790078
    30         0.0000000000         0.0496511745        -0.3480653714
    31         0.0000000000         0.0496511745        -0.3679517351
    32         0.0000000000         0.0496511745        -0.3878380987
    33         0.0000000000         0.0496511745        -0.4077244623
    34         0.0000000000         0.0496511745         0.2286391740
    35         0.0000000000         0.0496511745         0.4275028104
    36         0.0000000000         0.0496511745         0.4076164468
    37         0.0000000000         0.0496511745         0.3877300831
    38         0.0000000000         0.0496511745         0.3678437195
    39         0.0000000000         0.0496511745         0.3479573558
    40         0.0000000000         0.0496511745         0.3280709922
    41         0.0000000000         0.0496511745         0.3081846286
    42         0.0000000000         0.0496511745         0.2882982649
    43         0.0000000000         0.0496511745         0.2684119013
    44         0.0000000000         0.0496511745         0.2485255377
    45         0.0000000000         0.0496511745        -0.4276108260
    46         0.0000000000         0.0496511745         0.2087528104
    47         0.0000000000         0.0496511745         0.1888664468
    48         0.0000000000         0.0496511745         0.1689800831
    49         0.0000000000         0.0496511745         0.1490937195
    50         0.0000000000         0.0496511745         0.1292073558
    51         0.0000000000         0.0496511745         0.1093209922
    52         0.0000000000         0.0496511745         0.0894346286
    53         0.0000000000         0.0496511745         0.0695482649
    54         0.0000000000         0.0496511745         0.0496619013
    55         0.0000000000         0.0496511745         0.0297755377
    56         0.0000000000         0.0496511745        -0.2188040078
    57         0.0000000000         0.0496511745        -0.0199403714
    58         0.0000000000         0.0496511745        -0.0398267351
    59         0.0000000000         0.0496511745        -0.0597130987
    60         0.0000000000         0.0496511745        -0.0795994623
    61         0.0000000000         0.0496511745        -0.0994858260
    62         0.0000000000         0.0496511745        -0.1193721896
    63         0.0000000000         0.0496511745        -0.1392585532
    64         0.0000000000         0.0496511745        -0.1591449169
    65         0.0000000000         0.0496511745        -0.1790312805
    66         0.0000000000         0.0496511745        -0.1989176442
    67         0.0000000000         0.0496511745        -0.0000540078
    68         0.0000000000         0.0496511745        -0.2386903714
    69         0.0000000000         0.0496511745        -0.2585767351
    70         0.0000000000         0.0496511745        -0.2784630987
    71         0.0000000000         0.0496511745        -0.2983494623
    72         0.0000000000         0.0496511745        -0.3182358260
    73         0.0000000000         0.0496511745        -0.3381221896
    74         0.0000000000         0.0496511745        -0.3580085532
    75         0.0000000000         0.0496511745        -0.3778949169
    76         0.0000000000         0.0496511745        -0.3977812805
    77         0.0000000000         0.0496511745        -0.4176676442
    78         0.0000000000         0.0496511745         0.2186959922
    79         0.0000000000         0.0496511745         0.4175596286
    80         0.0000000000         0.0496511745         0.3976732649
    81         0.0000000000         0.0496511745         0.3777869013
    82         0.0000000000         0.0496511745         0.3579005377
    83         0.0000000000         0.0496511745         0.3380141740
    84         0.0000000000         0.0496511745         0.3181278104
    85         0.0000000000         0.0496511745         0.2982414468
    86         0.0000000000         0.0496511745         0.2783550831
    87         0.0000000000         0.0496511745         0.2584687195
    88         0.0000000000         0.0496511745         0.2385823558
    89         0.0000000000         0.0496511745         0.4374459922
    90         0.0000000000         0.0496511745         0.1988096286
    91         0.0000000000         0.0496511745         0.1789232649
    92         0.0000000000         0.0496511745         0.1590369013
    93         0.0000000000         0.0496511745         0.1391505377
    94         0.0000000000         0.0496511745         0.1192641740
    95         0.0000000000         0.0496511745         0.0993778104
    96         0.0000000000         0.0496511745         0.0794914468
    97         0.0000000000         0.0496511745         0.0596050831
    98         0.0000000000         0.0496511745         0.0397187195
    99         0.0000000000         0.0496511745         0.0198323558
   100         0.0000000000        -0.0503488255         0.4374459922
   101         0.0000000000         0.0296511745         0.4374459922
   102         0.0000000000         0.0096511745         0.4374459922
   103         0.0000000000        -0.0103488255         0.4374459922
   104         0.0000000000        -0.0303488255         0.4374459922
   105         0.0000000000         0.0396511745         0.4374459922
   106         0.0000000000         0.0196511745         0.4374459922
   107         0.0000000000        -0.0003488255         0.4374459922
   108         0.0000000000        -0.0203488255         0.4374459922
   109         0.0000000000        -0.0403488255         0.4374459922
   110         0.0000000000        -0.0503488255         0.2087528104
   111         0.0000000000        -0.0503488255         0.0098891740
   112         0.0000000000        -0.0503488255         0.0297755377
   113         0.0000000000        -0.0503488255         0.0496619013
   114         0.0000000000        -0.0503488255         0.0695482649
   115         0.0000000000        -0.0503488255         0.0894346286
   116         0.0000000000        -0.0503488255         0.1093209922
   117         0.0000000000        -0.0503488255         0.1292073558
   118         0.0000000000        -0.0503488255         0.1490937195
   119         0.0000000000        -0.0503488255         0.1689800831
   120         0.0000000000        -0.0503488255         0.1888664468
   121         0.0000000000        -0.0503488255        -0.0099971896
   122         0.0000000000        -0.0503488255         0.2286391740
   123         0.0000000000        -0.0503488255         0.2485255377
   124         0.0000000000        -0.0503488255         0.2684119013
   125         0.0000000000        -0.0503488255         0.2882982649
   126         0.0000000000        -0.0503488255         0.3081846286
   127         0.0000000000        -0.0503488255         0.3280709922
   128         0.0000000000        -0.0503488255         0.3479573558
   129         0.0000000000        -0.0503488255         0.3678437195
   130         0.0000000000        -0.0503488255         0.3877300831
   131         0.0000000000        -0.0503488255         0.4076164468
   132         0.0000000000        -0.0503488255        -0.2287471896
   133         0.0000000000        -0.0503488255        -0.4276108260
   134         0.0000000000        -0.0503488255        -0.4077244623
   135         0.0000000000        -0.0503488255        -0.3878380987
   136         0.0000000000        -0.0503488255        -0.3679517351
   137         0.0000000000        -0.0503488255        -0.3480653714
   138         0.0000000000        -0.0503488255        -0.3281790078
   139         0.0000000000        -0.0503488255        -0.3082926442
   140         0.0000000000        -0.0503488255        -0.2884062805
   141         0.0000000000        -0.0503488255        -0.2685199169
   142         0.0000000000        -0.0503488255        -0.2486335532
   143         0.0000000000        -0.0503488255         0.4275028104
   144         0.0000000000        -0.0503488255        -0.2088608260
   145         0.0000000000        -0.0503488255        -0.1889744623
   146         0.0000000000        -0.0503488255        -0.1690880987
   147         0.0000000000        -0.0503488255        -0.1492017351
   148         0.0000000000        -0.0503488255        -0.1293153714
   149         0.0000000000        -0.0503488255        -0.1094290078
   150         0.0000000000        -0.0503488255        -0.0895426442
   151         0.0000000000        -0.0503488255        -0.0696562805
   152         0.0000000000        -0.0503488255        -0.0497699169
   153         0.0000000000        -0.0503488255        -0.0298835532
   154         0.0000000000        -0.0503488255         0.1988096286
   155         0.0000000000        -0.0503488255        -0.0000540078
   156         0.0000000000        -0.0503488255         0.0198323558
   157         0.0000000000        -0.0503488255         0.0397187195
   158         0.0000000000        -0.0503488255         0.0596050831
   159         0.0000000000        -0.0503488255         0.0794914468
   160         0.0000000000        -0.0503488255         0.0993778104
   161         0.0000000000        -0.0503488255         0.1192641740
   162         0.0000000000        -0.0503488255         0.1391505377
   163         0.0000000000        -0.0503488255         0.1590369013
   164         0.0000000000        -0.0503488255         0.1789232649
   165         0.0000000000        -0.0503488255        -0.0199403714
   166         0.0000000000        -0.0503488255         0.2186959922
   167         0.0000000000        -0.0503488255         0.2385823558
   168         0.0000000000        -0.0503488255         0.2584687195
   169         0.0000000000        -0.0503488255         0.2783550831
   170         0.0000000000        -0.0503488255         0.2982414468
   171         0.0000000000        -0.0503488255         0.3181278104
   172         0.0000000000        -0.0503488255         0.3380141740
   173         0.0000000000        -0.0503488255         0.3579005377
   174         0.0000000000        -0.0503488255         0.3777869013
   175         0.0000000000        -0.0503488255         0.3976732649
   176         0.0000000000        -0.0503488255        -0.2188040078
   177         0.0000000000        -0.0503488255        -0.4176676442
   178         0.0000000000        -0.0503488255        -0.3977812805
   179         0.0000000000        -0.0503488255        -0.3778949169
   180         0.0000000000        -0.0503488255        -0.3580085532
   181         0.0000000000        -0.0503488255        -0.3381221896
   182         0.0000000000        -0.0503488255        -0.3182358260
   183         0.0000000000        -0.0503488255        -0.2983494623
   184         0.0000000000        -0.0503488255        -0.2784630987
   185         0.0000000000        -0.0503488255        -0.2585767351
   186         0.0000000000        -0.0503488255        -0.2386903714
   187         0.0000000000        -0.0503488255         0.4175596286
   188         0.0000000000        -0.0503488255        -0.1989176442
   189         0.0000000000        -0.0503488255        -0.1790312805
   190         0.0000000000        -0.0503488255        -0.1591449169
   191         0.0000000000        -0.0503488255        -0.1392585532
   192         0.0000000000        -0.0503488255        -0.1193721896
   193         0.0000000000        -0.0503488255        -0.0994858260
   194         0.0000000000        -0.0503488255        -0.0795994623
   195         0.0000000000        -0.0503488255        -0.0597130987
   196         0.0000000000        -0.0503488255        -0.0398267351
   197         0.0000000000        -0.0331267294         0.0695482649
   198         0.0000000000         0.0324290784        -0.0696562805
   199         0.0000000000        -0.0328602545        -0.3680167053
   200         0.0000000000        -0.0317817656        -0.3304494534
   201         0.0000000000        -0.0326715431        -0.2681932710
   202         0.0000000000        -0.0331267294        -0.2287471896
   203         0.0000000000        -0.0331267294        -0.1889744623
   204         0.0000000000        -0.0331267294        -0.1094290078
   205         0.0000000000        -0.0331267294        -0.1492017351
   206         0.0000000000        -0.0331267294         0.1093209922
   207         0.0000000000        -0.0331267294         0.1490937195
   208         0.0000000000        -0.0331267294         0.1888664468
   209         0.0000000000        -0.0331267294         0.2286391740
   210         0.0000000000        -0.0331267294         0.2684119013
   211         0.0000000000        -0.0337575840         0.3081846286
   212         0.0000000000        -0.0334934230         0.3473222239
   213         0.0000000000        -0.0331267294         0.0297755377
   214         0.0000000000         0.0324290784        -0.0298835532
   215         0.0000000000        -0.0005210188         0.4202325454
   216         0.0000000000         0.0321654846         0.3679069019
   217         0.0000000000         0.0321671123        -0.3091079629
   218         0.0000000000         0.0317681932        -0.3895215077
   219         0.0000000000         0.0327951319        -0.3474313482
   220         0.0000000000         0.0318626734        -0.2511048658
   221         0.0000000000         0.0324290784        -0.2088608260
   222         0.0000000000         0.0324290784        -0.1293153714
   223         0.0000000000         0.0324290784        -0.1690880987
   224         0.0000000000         0.0324290784         0.0894346286
   225         0.0000000000         0.0324290784         0.1292073558
   226         0.0000000000         0.0324290784         0.1689800831
   227         0.0000000000         0.0324290784         0.2087528104
   228         0.0000000000         0.0328385916         0.2487538193
   229         0.0000000000         0.0335042289         0.2883159021
   230         0.0000000000         0.0311166495         0.3301588331
   231         0.0000000000        -0.0331267294        -0.0099971896
   232         0.0000000000         0.0324290784         0.0496619013
   233         0.0000000000        -0.0331267294        -0.0497699169
   234         0.0000000000         0.0324290784         0.0098891740
   235         0.0000000000        -0.0001757113        -0.4203422311
   236         0.0000000000        -0.0324658495         0.3894097627
   237         0.0000000000        -0.0322416616        -0.4058534773
   238         0.0000000000         0.0315465097         0.4057440560
   239         0.0000000000         0.0195448418        -0.4208067921
   240         0.0000000000         0.0128210553        -0.4014079763
   241         0.0000000000        -0.0102994115        -0.4029415520
   242         0.0000000000        -0.0003170907        -0.3856923209
   243         0.0000000000        -0.0204050515        -0.3862401517
   244         0.0000000000        -0.0102642233        -0.3684462130
   245         0.0000000000         0.0096387887        -0.3684583284
   246         0.0000000000        -0.0002214099        -0.3515154847
   247         0.0000000000        -0.0205221429        -0.3500615947
   248         0.0000000000        -0.0106123541        -0.3338763405
   249         0.0000000000        -0.0172390583        -0.3144982730
   250         0.0000000000         0.0020782138        -0.3182728477
   251         0.0000000000        -0.0044548355        -0.2993258860
   252         0.0000000000        -0.0205361284        -0.2976541775
   253         0.0000000000        -0.0139889134        -0.2797542950
   254         0.0000000000         0.0085186059        -0.2844192204
   255         0.0000000000         0.0024562865        -0.2656561624
   256         0.0000000000         0.0209817739        -0.2690662002
   257         0.0000000000         0.0304034030        -0.2872290276
   258         0.0000000000        -0.0202432321         0.4206977814
   259         0.0000000000        -0.0135170534         0.4012941987
   260         0.0000000000         0.0096087512         0.4028294922
   261         0.0000000000        -0.0003761267         0.3855716550
   262         0.0000000000         0.0197147019         0.3861251168
   263         0.0000000000         0.0095771799         0.3683224793
   264         0.0000000000        -0.0103304931         0.3683314081
   265         0.0000000000        -0.0004658034         0.3513901937
   266         0.0000000000         0.0198394065         0.3499148101
   267         0.0000000000         0.0099374513         0.3337530964
   268         0.0000000000         0.0160189246         0.3146487969
   269         0.0000000000        -0.0027565248         0.3181543980
   270         0.0000000000         0.0037290079         0.2992945554
   271         0.0000000000        -0.0331267294        -0.0298835532
   272         0.0000000000        -0.0159046333        -0.0199403714
   273         0.0000000000        -0.0159046333        -0.0000540078
   274         0.0000000000         0.0013174628        -0.0099971896
   275         0.0000000000         0.0013174628         0.0098891740
   276         0.0000000000         0.0013174628        -0.0298835532
   277         0.0000000000        -0.0331267294        -0.0696562805
   278         0.0000000000        -0.0159046333        -0.0597130987
   279         0.0000000000        -0.0159046333        -0.0795994623
   280         0.0000000000         0.0013174628        -0.0696562805
   281         0.0000000000         0.0010393981        -0.0895426442
   282         0.0000000000         0.0013174628        -0.0497699169
   283         0.0000000000        -0.0159509774        -0.0994858260
   284         0.0000000000         0.0009853300        -0.1094290078
   285         0.0000000000         0.0170344680        -0.0994858260
   286         0.0000000000        -0.0159677128        -0.1193721896
   287         0.0000000000         0.0011556427        -0.1293153714
   288         0.0000000000        -0.0159421166        -0.1392585532
   289         0.0000000000         0.0011642332        -0.1492017351
   290         0.0000000000        -0.0159364188        -0.1591449169
   291         0.0000000000         0.0011648531        -0.1690880987
   292         0.0000000000        -0.0159353658        -0.1790312805
   293         0.0000000000         0.0011649257        -0.1889744623
   294         0.0000000000        -0.0159351782        -0.1989176442
   295         0.0000000000         0.0011649370        -0.2088608260
   296         0.0000000000        -0.0159351451        -0.2188040078
   297         0.0000000000         0.0009504287        -0.2286290302
   298         0.0000000000        -0.0161238652        -0.2384390858
   299         0.0000000000        -0.0159046333         0.0198323558
   300         0.0000000000         0.0013174628         0.0297755377
   301         0.0000000000        -0.0159046333         0.0397187195
   302         0.0000000000         0.0013174628         0.0496619013
   303         0.0000000000        -0.0159046333         0.0596050831
   304         0.0000000000         0.0013174628         0.0695482649
   305         0.0000000000        -0.0159046333         0.0794914468
   306         0.0000000000         0.0013174628         0.0894346286
   307         0.0000000000        -0.0159046333         0.0993778104
   308         0.0000000000         0.0013174628         0.1093209922
   309         0.0000000000        -0.0159046333         0.1192641740
   310         0.0000000000         0.0013174628         0.1292073558
   311         0.0000000000        -0.0159046333         0.1391505377
   312         0.0000000000         0.0013174628         0.1490937195
   313         0.0000000000        -0.0159046333         0.1590369013
   314         0.0000000000         0.0013174628         0.1689800831
   315         0.0000000000        -0.0159046333         0.1789232649
   316         0.0000000000         0.0013174628         0.1888664468
   317         0.0000000000        -0.0159046333         0.1988096286
   318         0.0000000000         0.0013174628         0.2087528104
   319         0.0000000000        -0.0159046333         0.2186959922
   320         0.0000000000         0.0013174628         0.2286391740
   321         0.0000000000        -0.0159046333         0.2385823558
   322         0.0000000000         0.0006178840         0.2486885960
   323         0.0000000000         0.0324290784         0.0297755377
   324         0.0000000000         0.0324290784         0.0695482649
   325         0.0000000000        -0.0331344534        -0.0895426442
   326         0.0000000000        -0.0331267294         0.0098891740
   327         0.0000000000        -0.0159046333        -0.0398267351
   328         0.0000000000        -0.0302916584         0.3683553699
   329         0.0000000000         0.0330322352        -0.3282911916
   330         0.0000000000         0.0138547455        -0.3366389174
   331         0.0000000000         0.0324290784        -0.1492017351
   332         0.0000000000        -0.0331387012        -0.1293153714
   333         0.0000000000         0.0327585694        -0.2290413935
   334         0.0000000000         0.0324290784         0.1888664468
   335         0.0000000000         0.0328083208         0.2686811694
   336         0.0000000000         0.0149028111         0.2810175677
   337         0.0000000000        -0.0331267294         0.0496619013
   338         0.0000000000         0.0324290784         0.1093209922
   339         0.0000000000         0.0326563676         0.2286530395
   340         0.0000000000        -0.0331267294        -0.2486335532
   341         0.0000000000         0.0324290784        -0.1889744623
   342         0.0000000000        -0.0331267294         0.1689800831
   343         0.0000000000         0.0324290784         0.1490937195
   344         0.0000000000        -0.0331267294         0.2485255377
   345         0.0000000000        -0.0332519468         0.2882982649
   346         0.0000000000        -0.0166417881         0.2776776668
   347         0.0000000000        -0.0331267294         0.0894346286
   348         0.0000000000        -0.0339037670         0.3279651369
   349         0.0000000000        -0.0145805251         0.3364532951
   350         0.0000000000        -0.0331267294         0.2087528104
   351         0.0000000000        -0.0331267294        -0.1690880987
   352         0.0000000000        -0.0331267294         0.1292073558
   353         0.0000000000        -0.0331267294        -0.2088608260
   354         0.0000000000         0.0324290784        -0.0497699169
   355         0.0000000000         0.0295942758        -0.3684700804
   356         0.0000000000         0.0324290784        -0.0099971896
   357         0.0000000000        -0.0164221536         0.2583829932
   358         0.0000000000        -0.0156414390        -0.2581553012
   359         0.0000000000        -0.0147770795         0.2991387273
   360         0.0000000000         0.0142941043        -0.3026773320
   361         0.0000000000        -0.0198656987        -0.4212101540
   362         0.0000000000         0.0191697828         0.4211009518
   363         0.0000000000         0.0330427454        -0.4079016773
   364         0.0000000000        -0.0337405040         0.4077922797
   365         0.0000000000         0.0332198691        -0.1107986974
   366         0.0000000000         0.0332198691        -0.0881729545
   367         0.0000000000         0.0159977730         0.2598384091
   368         0.0000000000         0.0005152032        -0.2472439988
   369         0.0000000000         0.0168732706        -0.1392585532
   370         0.0000000000         0.0168732706        -0.1591449169
   371         0.0000000000         0.0168732706        -0.1790312805
   372         0.0000000000         0.0168732706        -0.1989176442
   373         0.0000000000         0.0168729207        -0.0597130987
   374         0.0000000000         0.0168418512        -0.2188333485
   375         0.0000000000         0.0168732706         0.0993778104
   376         0.0000000000         0.0168732706         0.1192641740
   377         0.0000000000         0.0168732706         0.1391505377
   378         0.0000000000         0.0168732706         0.1590369013
   379         0.0000000000         0.0168732706         0.1789232649
   380         0.0000000000         0.0168732706         0.0794914468
   381         0.0000000000         0.0168732706         0.1988096286
   382         0.0000000000         0.0168732706         0.2186959922
   383         0.0000000000         0.0167168916         0.2388781717
   384         0.0000000000         0.0168732123        -0.0398267351
   385         0.0000000000         0.0168732706         0.0596050831
   386         0.0000000000         0.0168732706         0.0397187195
   387         0.0000000000         0.0168732609        -0.0199403714
   388         0.0000000000         0.0168732706         0.0198323558
   389         0.0000000000         0.0168732690        -0.0000540078
   390         0.0000000000         0.0168748234        -0.2386903714
   391         0.0000000000         0.0168711709        -0.0795994623
   392         0.0000000000         0.0168711709        -0.1193721896
   393         0.0000000000        -0.0004561473         0.2683065000
   394         0.0000000000         0.0335713225         0.3080337104
   395         0.0000000000        -0.0348020888        -0.3095372247
   396         0.0000000000        -0.0199550961         0.3179792372
   397         0.0000000000        -0.0372409237        -0.3871573063
   398         0.0000000000         0.0365458090         0.3870472482
   399         0.0000000000         0.0162521648        -0.3837714946
   400         0.0000000000        -0.0169493973         0.3836470101
   401         0.0000000000         0.0190852822        -0.3189976503
   402         0.0000000000        -0.0373928501        -0.3480653714
   403         0.0000000000         0.0367054773         0.3479573558
   404         0.0000000000         0.0145381521        -0.2543523197
   405         0.0000000000         0.0173327605        -0.3542820945
   406         0.0000000000        -0.0180338833         0.3541628279
   407         0.0000000000         0.0203452590         0.2982621065
   408         0.0000000000        -0.0346059971        -0.2865525413
   409         0.0000000000        -0.0011914104         0.2842337672
   410         0.0000000000         0.0368099929        -0.2687828230
   411         0.0000000000         0.0349840600        -0.4229170423
   412         0.0000000000        -0.0356824474         0.4228097673
   413         0.0000000000        -0.0357797566        -0.4230156481
   414         0.0000000000         0.0350821056         0.4229076325
   415         0.0000000000         0.0222946243        -0.3954647420
   416         0.0000000000         0.0229319004        -0.4046548268
   417         0.0000000000         0.0324054693        -0.3987115925
   418         0.0000000000        -0.0229914514         0.3953519807
   419         0.0000000000        -0.0236287787         0.4045432392
   420         0.0000000000        -0.0331031768         0.3986010212
   421         0.0000000000         0.0035904632         0.3259537472
   422         0.0000000000        -0.0023215369         0.3351031958
   423         0.0000000000        -0.0086685249         0.3273038466
   424         0.0000000000        -0.0042670701        -0.3260745941
   425         0.0000000000         0.0016211957        -0.3352576290
   426         0.0000000000         0.0079664797        -0.3274558826
   427         0.0000000000         0.0240101790        -0.3866465011
   428         0.0000000000         0.0145366101        -0.3925897355
   429         0.0000000000        -0.0247076234         0.3865283864
   430         0.0000000000        -0.0152332253         0.3924706044
   431         0.0000000000        -0.0261519542        -0.3402555241
   432         0.0000000000        -0.0155672485        -0.3419689676
   433         0.0000000000        -0.0211970598        -0.3321628969
   434         0.0000000000         0.0254780280         0.3400368216
   435         0.0000000000         0.0148884289         0.3418339532
   436         0.0000000000         0.0205270504         0.3319559648
   437         0.0000000000        -0.0212705365        -0.4043975146
   438         0.0000000000        -0.0153522315        -0.3945908518
   439         0.0000000000        -0.0263233565        -0.3960468145
   440         0.0000000000         0.0205776305         0.4042867741
   441         0.0000000000         0.0146617266         0.3944773045
   442         0.0000000000         0.0256306058         0.3959345864
   443         0.0000000000        -0.0233302282        -0.2739737830
   444         0.0000000000        -0.0336387701        -0.2773729061
   445         0.0000000000        -0.0242974552        -0.2831534181
   446         0.0000000000         0.0047358239         0.3425716451
   447         0.0000000000        -0.0075231643         0.3439217444
   448         0.0000000000        -0.0148151762        -0.2689547981
   449         0.0000000000        -0.0241564911        -0.2631742861
   450         0.0000000000        -0.0054168820        -0.3426959126
   451         0.0000000000         0.0068166678        -0.3440772011
   452         0.0000000000         0.0400272887        -0.2828460632
   453         0.0000000000         0.0400272887        -0.2927892450
   454         0.0000000000        -0.0345873078        -0.3392574124
   455         0.0000000000        -0.0289574965        -0.3490634831
   456         0.0000000000         0.0339110634         0.3390580945
   457         0.0000000000         0.0282724419         0.3489360830
   458         0.0000000000        -0.0425754572        -0.3039433435
   459         0.0000000000        -0.0347040430        -0.2980448830
   460         0.0000000000        -0.0424774113        -0.2924510018
   461         0.0000000000        -0.0288229876        -0.3866987290
   462         0.0000000000        -0.0347412926        -0.3965053918
   463         0.0000000000         0.0281302555         0.3865861825
   464         0.0000000000         0.0340461594         0.3963956521
   465         0.0000000000        -0.0276691086        -0.3035957011
   466         0.0000000000        -0.0275710627        -0.2921033594
   467         0.0000000000        -0.0172625209        -0.2887042362
   468         0.0000000000        -0.0139257062        -0.3241873067
   469         0.0000000000        -0.0245104120        -0.3224738632
   470         0.0000000000         0.0129781879         0.3242009466
   471         0.0000000000         0.0235677870         0.3224038150
   472         0.0000000000        -0.0266326530        -0.3771284285
   473         0.0000000000        -0.0153346374        -0.3773431823
   474         0.0000000000        -0.0215622389        -0.3682314591
   475         0.0000000000         0.0259400933         0.3770160094
   476         0.0000000000         0.0146459409         0.3772237980
   477         0.0000000000         0.0208713323         0.3681146906
   478         0.0000000000         0.0004862415         0.3087244767
   479         0.0000000000        -0.0087668022         0.3086465627
   480         0.0000000000        -0.0055240358         0.2992166414
   481         0.0000000000        -0.0153931831        -0.3592539038
   482         0.0000000000        -0.0266911987        -0.3590391500
   483         0.0000000000         0.0147082932         0.3591186447
   484         0.0000000000         0.0260024456         0.3589108560
   485         0.0000000000         0.0409091434        -0.3037287126
   486         0.0000000000         0.0312852576        -0.2981684953
   487         0.0000000000         0.0161829486        -0.4111073842
   488         0.0000000000         0.0262937936        -0.4143542347
   489         0.0000000000        -0.0168801427         0.4109959901
   490         0.0000000000        -0.0269918681         0.4142450305
   491         0.0000000000         0.0196165322        -0.3684642044
   492         0.0000000000         0.0129454767        -0.3761149115
   493         0.0000000000         0.0229232203        -0.3761207875
   494         0.0000000000        -0.0203110758         0.3683433890
   495         0.0000000000        -0.0136399452         0.3759892091
   496         0.0000000000        -0.0236205279         0.3760011900
   497         0.0000000000         0.0432305837        -0.2736229609
   498         0.0000000000         0.0336066979        -0.2780059253
   499         0.0000000000        -0.0113558104         0.3180668176
   500         0.0000000000        -0.0173660878         0.3085589823
   501         0.0000000000        -0.0260536801        -0.4135318156
   502         0.0000000000        -0.0150825551        -0.4120758530
   503         0.0000000000         0.0253581462         0.4134225039
   504         0.0000000000         0.0143892670         0.4119652220
   505         0.0000000000        -0.0172678106         0.3272162662
   506         0.0000000000         0.0414355218        -0.1051422617
   507         0.0000000000         0.0414355218        -0.0938293903
   508         0.0000000000         0.0332198691        -0.0994858260
   509         0.0000000000         0.0093159095         0.2901560616
   510         0.0000000000         0.0176240350         0.2896398371
   511         0.0000000000         0.0120371334         0.2987783310
   512         0.0000000000        -0.0057663134        -0.2727052287
   513         0.0000000000        -0.0065925762        -0.2619057318
   514         0.0000000000         0.0164700139        -0.3278182839
   515         0.0000000000         0.0105817480        -0.3186352490
   516         0.0000000000         0.0012687987         0.2917641613
   517         0.0000000000         0.0068557004         0.2826256675
   518         0.0000000000         0.0264222236        -0.2600855330
   519         0.0000000000         0.0288958834        -0.2689245116
   520         0.0000000000         0.0343363331        -0.2599438444
   521         0.0000000000         0.0045556882         0.3598563365
   522         0.0000000000         0.0096868015         0.3506525019
   523         0.0000000000        -0.0052428166        -0.3599808488
   524         0.0000000000        -0.0103717764        -0.3507885397
   525         0.0000000000         0.0232004127        -0.2527285927
   526         0.0000000000         0.0177599630        -0.2617092599
   527         0.0000000000        -0.0075804223        -0.3163855603
   528         0.0000000000         0.0066311999         0.3164015974
   529         0.0000000000         0.0234635182        -0.3613760875
   530         0.0000000000         0.0134857746        -0.3613702115
   531         0.0000000000        -0.0241627709         0.3612590989
   532         0.0000000000        -0.0141821882         0.3612471180
   533         0.0000000000         0.0251271685        -0.1051422617
   534         0.0000000000         0.0251271685        -0.0938293903
   535         0.0000000000         0.0306812345        -0.3789957941
   536         0.0000000000        -0.0313787540         0.3788825663
   537         0.0000000000        -0.0011883109        -0.3087993668
   538         0.0000000000        -0.0108469469        -0.3069120795
   539         0.0000000000         0.0098739662         0.3069716761
   540         0.0000000000         0.0244181823         0.2542961142
   541         0.0000000000         0.0163573323         0.2493582904
   542         0.0000000000         0.0247777416         0.2438159955
   543         0.0000000000        -0.0350505891        -0.3775870058
   544         0.0000000000         0.0343556468         0.3774770751
   545         0.0000000000        -0.0124954819        -0.2984900317
   546         0.0000000000        -0.0188875934        -0.3060762252
   547         0.0000000000         0.0096845653        -0.4205745116
   548         0.0000000000         0.0063226720        -0.4108751037
   549         0.0000000000         0.0012608219        -0.4021747642
   550         0.0000000000        -0.0052375614        -0.4116418915
   551         0.0000000000        -0.0103821255         0.4204651634
   552         0.0000000000        -0.0070190361         0.4107633721
   553         0.0000000000        -0.0019541511         0.4020618455
   554         0.0000000000         0.0045438662         0.4115310188
   555         0.0000000000         0.0062519823        -0.3935501486
   556         0.0000000000        -0.0053082511        -0.3943169364
   557         0.0000000000        -0.0069465900         0.3934329269
   558         0.0000000000         0.0046163123         0.3942005736
   559         0.0000000000         0.0047377316        -0.4289481194
   560         0.0000000000         0.0145980082        -0.4291804000
   561         0.0000000000         0.0096692876         0.3858483859
   562         0.0000000000        -0.0054349221         0.4288392688
   563         0.0000000000        -0.0152960288         0.4290718868
   564         0.0000000000         0.0046005266         0.3769470671
   565         0.0000000000        -0.0052622684        -0.4289481194
   566         0.0000000000        -0.0103610711        -0.3859662363
   567         0.0000000000         0.0045650779         0.4288392688
   568         0.0000000000        -0.0052906570        -0.3770692669
   569         0.0000000000         0.0245980082        -0.4291804000
   570         0.0000000000        -0.0092218745        -0.2895400905
   571         0.0000000000        -0.0003766566         0.3683269437
   572         0.0000000000        -0.0053981483         0.3598608009
   573         0.0000000000        -0.0252960288         0.4290718868
   574         0.0000000000        -0.0053533099         0.3769515316
   575         0.0000000000         0.0046608490        -0.3770753246
   576         0.0000000000        -0.0003127173        -0.3684522707
   577         0.0000000000         0.0047086894        -0.3599869066
   578         0.0000000000         0.0020318852        -0.2918725532
   579         0.0000000000        -0.0027351537        -0.2820867577
   580         0.0000000000         0.0054874462        -0.2750376914
   581         0.0000000000         0.0147501899        -0.2767427103
   582         0.0000000000         0.0117190302        -0.2673611813
   583         0.0000000000         0.0194610044        -0.2858241240
   584         0.0000000000         0.0256925885        -0.2781476139
   585         0.0000000000        -0.0245156813         0.2336107649
   586         0.0000000000        -0.0245156813         0.2435539468
   587         0.0000000000        -0.0331267294         0.2385823558
   588         0.0000000000        -0.0245156813         0.2236675831
   589         0.0000000000        -0.0159046333         0.2286391740
   590         0.0000000000        -0.0331267294         0.2186959922
   591         0.0000000000        -0.0245156813         0.2137244013
   592         0.0000000000        -0.0159046333         0.2087528104
   593         0.0000000000        -0.0245156813         0.2037812195
   594         0.0000000000        -0.0245156813         0.1938380377
   595         0.0000000000        -0.0331267294         0.1988096286
   596         0.0000000000        -0.0245156813         0.1838948558
   597         0.0000000000        -0.0159046333         0.1888664468
   598         0.0000000000        -0.0331267294         0.1789232649
   599         0.0000000000        -0.0245156813         0.1739516740
   600         0.0000000000        -0.0159046333         0.1689800831
   601         0.0000000000        -0.0245156813         0.1640084922
   602         0.0000000000        -0.0245156813         0.1540653104
   603         0.0000000000        -0.0331267294         0.1590369013
   604         0.0000000000        -0.0245156813         0.1441221286
   605         0.0000000000        -0.0159046333         0.1490937195
   606         0.0000000000         0.0013174628        -0.0398267351
   607         0.0000000000        -0.0072935853        -0.0348551442
   608         0.0000000000        -0.0072935853        -0.0447983260
   609         0.0000000000        -0.0331267294         0.1391505377
   610         0.0000000000        -0.0245156813         0.1341789468
   611         0.0000000000        -0.0159046333         0.1292073558
   612         0.0000000000        -0.0245156813         0.1242357649
   613         0.0000000000        -0.0245309372        -0.2237755987
   614         0.0000000000        -0.0245309372        -0.2138324169
   615         0.0000000000        -0.0331267294        -0.2188040078
   616         0.0000000000        -0.0245156813         0.1142925831
   617         0.0000000000        -0.0331267294         0.1192641740
   618         0.0000000000        -0.0245156813         0.1043494013
   619         0.0000000000        -0.0159046333         0.1093209922
   620         0.0000000000        -0.0159351617        -0.2088608260
   621         0.0000000000        -0.0245309538        -0.2038892351
   622         0.0000000000        -0.0245309538        -0.1939460532
   623         0.0000000000        -0.0331267294        -0.1989176442
   624         0.0000000000        -0.0331267294         0.0993778104
   625         0.0000000000        -0.0245156813         0.0944062195
   626         0.0000000000        -0.0159046333         0.0894346286
   627         0.0000000000        -0.0245156813         0.0844630377
   628         0.0000000000        -0.0245310476        -0.1840028714
   629         0.0000000000        -0.0159352720        -0.1889744623
   630         0.0000000000        -0.0245310476        -0.1740596896
   631         0.0000000000        -0.0331267294        -0.1790312805
   632         0.0000000000        -0.0245156813         0.0745198558
   633         0.0000000000        -0.0331267294         0.0794914468
   634         0.0000000000        -0.0245156813         0.0645766740
   635         0.0000000000        -0.0159046333         0.0695482649
   636         0.0000000000        -0.0159358923        -0.1690880987
   637         0.0000000000        -0.0245315741        -0.1641165078
   638         0.0000000000        -0.0245315741        -0.1541733260
   639         0.0000000000        -0.0331267294        -0.1591449169
   640         0.0000000000        -0.0245344230        -0.1442301442
   641         0.0000000000        -0.0159392677        -0.1492017351
   642         0.0000000000        -0.0072935853        -0.0249119623
   643         0.0000000000        -0.0159046333        -0.0298835532
   644         0.0000000000        -0.0245404089        -0.1342869623
   645         0.0000000000        -0.0331327153        -0.1392585532
   646         0.0000000000        -0.0159549147        -0.1293153714
   647         0.0000000000        -0.0245532070        -0.1243437805
   648         0.0000000000        -0.0159046333         0.0496619013
   649         0.0000000000        -0.0245156813         0.0546334922
   650         0.0000000000        -0.0245156813         0.0446903104
   651         0.0000000000        -0.0245472211        -0.1144005987
   652         0.0000000000        -0.0331327153        -0.1193721896
   653         0.0000000000        -0.0331267294         0.0596050831
   654         0.0000000000        -0.0245388534        -0.1044574169
   655         0.0000000000        -0.0159593451        -0.1094290078
   656         0.0000000000        -0.0331267294        -0.0199403714
   657         0.0000000000        -0.0245156813        -0.0249119623
   658         0.0000000000        -0.0245156813        -0.0149687805
   659         0.0000000000        -0.0245156813        -0.0348551442
   660         0.0000000000        -0.0245156813         0.0248039468
   661         0.0000000000        -0.0159046333         0.0297755377
   662         0.0000000000        -0.0245156813         0.0347471286
   663         0.0000000000        -0.0417377774        -0.0149687805
   664         0.0000000000        -0.0417377774        -0.0249119623
   665         0.0000000000        -0.0417416395        -0.0945142351
   666         0.0000000000        -0.0417416395        -0.0845710532
   667         0.0000000000        -0.0331267294         0.0397187195
   668         0.0000000000        -0.0417377774        -0.0746278714
   669         0.0000000000        -0.0331305914        -0.0795994623
   670         0.0000000000        -0.0331267294         0.0198323558
   671         0.0000000000        -0.0245156813         0.0148607649
   672         0.0000000000        -0.0245427154        -0.0945142351
   673         0.0000000000        -0.0331305914        -0.0994858260
   674         0.0000000000        -0.0417377774        -0.0050255987
   675         0.0000000000         0.0410401265         0.0745198558
   676         0.0000000000         0.0410401265         0.0645766740
   677         0.0000000000         0.0410401265         0.0844630377
   678         0.0000000000         0.0324290784         0.0794914468
   679         0.0000000000         0.0410401265         0.0148607649
   680         0.0000000000         0.0410401265         0.0248039468
   681         0.0000000000         0.0324290784         0.0198323558
   682         0.0000000000         0.0410401265         0.0546334922
   683         0.0000000000         0.0410401265         0.0446903104
   684         0.0000000000        -0.0417377774        -0.0547415078
   685         0.0000000000        -0.0417377774        -0.0447983260
   686         0.0000000000        -0.0417377774        -0.0646846896
   687         0.0000000000        -0.0417377774        -0.1044574169
   688         0.0000000000        -0.0331267294        -0.0597130987
   689         0.0000000000         0.0324290784         0.0596050831
   690         0.0000000000        -0.0331267294        -0.0000540078
   691         0.0000000000        -0.0417377774         0.0049175831
   692         0.0000000000        -0.0417377774         0.0148607649
   693         0.0000000000         0.0410401265         0.0049175831
   694         0.0000000000        -0.0159046333         0.0098891740
   695         0.0000000000        -0.0245156813         0.0049175831
   696         0.0000000000        -0.0331267294        -0.0398267351
   697         0.0000000000        -0.0245156813        -0.0447983260
   698         0.0000000000        -0.0417377774        -0.0348551442
   699         0.0000000000        -0.0159046333        -0.0099971896
   700         0.0000000000        -0.0245156813        -0.0050255987
   701         0.0000000000        -0.0072935853        -0.0547415078
   702         0.0000000000        -0.0159046333        -0.0497699169
   703         0.0000000000        -0.0417377774         0.0248039468
   704         0.0000000000         0.0410401265        -0.0050255987
   705         0.0000000000         0.0410401265        -0.0149687805
   706         0.0000000000        -0.0245156813        -0.0547415078
   707         0.0000000000        -0.0245156813        -0.0646846896
   708         0.0000000000        -0.0245156813        -0.0746278714
   709         0.0000000000        -0.0159046333        -0.0696562805
   710         0.0000000000         0.0410401265         0.0347471286
   711         0.0000000000         0.0324290784         0.0397187195
   712         0.0000000000        -0.0072935853        -0.0746278714
   713         0.0000000000        -0.0072935853        -0.0646846896
   714         0.0000000000         0.0410401265        -0.0249119623
   715         0.0000000000         0.0324290784        -0.0199403714
   716         0.0000000000        -0.0072935853         0.0446903104
   717         0.0000000000        -0.0072935853         0.0546334922
   718         0.0000000000         0.0013174628         0.0596050831
   719         0.0000000000        -0.0072935853         0.0645766740
   720         0.0000000000        -0.0072935853         0.0745198558
   721         0.0000000000        -0.0074326176        -0.0845710532
   722         0.0000000000         0.0011784305        -0.0795994623
   723         0.0000000000        -0.0072935853         0.0248039468
   724         0.0000000000        -0.0072935853         0.0347471286
   725         0.0000000000         0.0013174628         0.0794914468
   726         0.0000000000        -0.0072935853         0.0844630377
   727         0.0000000000         0.0013174628         0.0397187195
   728         0.0000000000        -0.0159278054        -0.0895426442
   729         0.0000000000        -0.0074557896        -0.0945142351
   730         0.0000000000        -0.0074828237        -0.1044574169
   731         0.0000000000         0.0010123641        -0.0994858260
   732         0.0000000000        -0.0072935853         0.0944062195
   733         0.0000000000        -0.0074911914        -0.1144005987
   734         0.0000000000        -0.0072935853        -0.0149687805
   735         0.0000000000         0.0013174628        -0.0199403714
   736         0.0000000000         0.0013174628        -0.0597130987
   737         0.0000000000        -0.0072935853         0.0049175831
   738         0.0000000000        -0.0072935853         0.0148607649
   739         0.0000000000        -0.0074060350        -0.1243437805
   740         0.0000000000         0.0010704864        -0.1193721896
   741         0.0000000000        -0.0245195434        -0.0845710532
   742         0.0000000000         0.0013174628         0.0993778104
   743         0.0000000000        -0.0072935853         0.1043494013
   744         0.0000000000         0.0324290784        -0.0000540078
   745         0.0000000000         0.0090098990        -0.1044574169
   746         0.0000000000         0.0090369331        -0.0945142351
   747         0.0000000000        -0.0073932369        -0.1342869623
   748         0.0000000000        -0.0072935853         0.1142925831
   749         0.0000000000        -0.0073889417        -0.1442301442
   750         0.0000000000         0.0011599380        -0.1392585532
   751         0.0000000000        -0.0417377774        -0.1144005987
   752         0.0000000000        -0.0417437633        -0.1243437805
   753         0.0000000000        -0.0415101843        -0.2633850030
   754         0.0000000000        -0.0328991363        -0.2584134121
   755         0.0000000000        -0.0417377774        -0.2536051442
   756         0.0000000000         0.0013174628         0.1192641740
   757         0.0000000000        -0.0072935853         0.1242357649
   758         0.0000000000        -0.0417437633        -0.1342869623
   759         0.0000000000        -0.0417377774        -0.2436619623
   760         0.0000000000        -0.0417377774        -0.1740596896
   761         0.0000000000        -0.0417377774        -0.1641165078
   762         0.0000000000        -0.0073860928        -0.1541733260
   763         0.0000000000        -0.0417377774        -0.2138324169
   764         0.0000000000        -0.0417377774        -0.2038892351
   765         0.0000000000        -0.0072935853         0.1341789468
   766         0.0000000000        -0.0417377774        -0.1541733260
   767         0.0000000000         0.0410401265         0.2037812195
   768         0.0000000000         0.0324290784         0.1988096286
   769         0.0000000000         0.0410401265         0.1938380377
   770         0.0000000000         0.0410401265         0.1838948558
   771         0.0000000000         0.0013174628         0.0198323558
   772         0.0000000000         0.0409091434        -0.3136718944
   773         0.0000000000         0.0325996737        -0.3186995773
   774         0.0000000000         0.0413417048        -0.3232635088
   775         0.0000000000        -0.0417377774        -0.1939460532
   776         0.0000000000        -0.0073857828        -0.1641165078
   777         0.0000000000        -0.0073852563        -0.1740596896
   778         0.0000000000         0.0013174628         0.1391505377
   779         0.0000000000        -0.0072935853         0.1441221286
   780         0.0000000000         0.0410401265        -0.2038892351
   781         0.0000000000         0.0410401265        -0.1939460532
   782         0.0000000000         0.0324290784        -0.1989176442
   783         0.0000000000         0.0410401265         0.1739516740
   784         0.0000000000         0.0324290784         0.1789232649
   785         0.0000000000         0.0011645432        -0.1591449169
   786         0.0000000000         0.0403839120         0.3340865036
   787         0.0000000000         0.0403839120         0.3241433218
   788         0.0000000000        -0.0417377774         0.0844630377
   789         0.0000000000        -0.0417377774         0.0944062195
   790         0.0000000000         0.0410401265        -0.1342869623
   791         0.0000000000         0.0324290784        -0.1392585532
   792         0.0000000000         0.0410401265        -0.1442301442
   793         0.0000000000         0.0410401265         0.1242357649
   794         0.0000000000         0.0324290784         0.1192641740
   795         0.0000000000         0.0410401265         0.1142925831
   796         0.0000000000        -0.0073852201        -0.1840028714
   797         0.0000000000        -0.0073851263        -0.1939460532
   798         0.0000000000         0.0415777017         0.2833354926
   799         0.0000000000         0.0331562748         0.2784985357
   800         0.0000000000         0.0412297476         0.2735181262
   801         0.0000000000         0.0409083296         0.3728469016
   802         0.0000000000         0.0409083296         0.3629037198
   803         0.0000000000        -0.0417377774         0.0745198558
   804         0.0000000000         0.0410401265        -0.1641165078
   805         0.0000000000         0.0410401265        -0.1541733260
   806         0.0000000000         0.0324290784        -0.1591449169
   807         0.0000000000         0.0410401265         0.1043494013
   808         0.0000000000        -0.0417377774        -0.1442301442
   809         0.0000000000        -0.0417377774         0.1540653104
   810         0.0000000000        -0.0417377774         0.1640084922
   811         0.0000000000         0.0412448830         0.2536112694
   812         0.0000000000         0.0412448830         0.2436680876
   813         0.0000000000         0.0415777017         0.2932786744
   814         0.0000000000        -0.0072935853         0.1540653104
   815         0.0000000000         0.0410401265         0.2137244013
   816         0.0000000000         0.0411537711         0.2236745159
   817         0.0000000000         0.0325427230         0.2187029250
   818         0.0000000000        -0.0417377774         0.1739516740
   819         0.0000000000         0.0410401265        -0.2138324169
   820         0.0000000000         0.0325938239        -0.2189511097
   821         0.0000000000         0.0412048719        -0.2239227006
   822         0.0000000000         0.0410401265         0.0944062195
   823         0.0000000000        -0.0417377774        -0.2337187805
   824         0.0000000000        -0.0331267294        -0.2386903714
   825         0.0000000000         0.0324290784         0.0993778104
   826         0.0000000000        -0.0072935853         0.1739516740
   827         0.0000000000         0.0013174628         0.1789232649
   828         0.0000000000        -0.0072935853         0.1838948558
   829         0.0000000000         0.0327474796         0.2387034294
   830         0.0000000000         0.0411537711         0.2336176977
   831         0.0000000000        -0.0417377774        -0.2237755987
   832         0.0000000000        -0.0415101843        -0.2733281848
   833         0.0000000000         0.0412297476         0.2635749444
   834         0.0000000000         0.0328234562         0.2587174943
   835         0.0000000000        -0.0072935853         0.1938380377
   836         0.0000000000        -0.0072935853         0.2137244013
   837         0.0000000000         0.0013174628         0.2186959922
   838         0.0000000000        -0.0072935853         0.2236675831
   839         0.0000000000         0.0410401265         0.1640084922
   840         0.0000000000        -0.0417377774         0.1043494013
   841         0.0000000000         0.0407096839        -0.3837082123
   842         0.0000000000         0.0407096839        -0.3936513941
   843         0.0000000000         0.0410401265        -0.1243437805
   844         0.0000000000         0.0410401265        -0.0646846896
   845         0.0000000000         0.0410401265        -0.0746278714
   846         0.0000000000         0.0410401265         0.1341789468
   847         0.0000000000         0.0410401265         0.1441221286
   848         0.0000000000         0.0324290784         0.1391505377
   849         0.0000000000        -0.0072935853         0.1640084922
   850         0.0000000000         0.0407569239        -0.2448976186
   851         0.0000000000         0.0407569239        -0.2548408004
   852         0.0000000000        -0.0417377774         0.1838948558
   853         0.0000000000        -0.0072935853         0.2336107649
   854         0.0000000000        -0.0417377774        -0.1840028714
   855         0.0000000000         0.0013174628         0.1988096286
   856         0.0000000000        -0.0072935853         0.2037812195
   857         0.0000000000         0.0013174628         0.1590369013
   858         0.0000000000        -0.0420532047         0.3032130377
   859         0.0000000000        -0.0420532047         0.3131562195
   860         0.0000000000        -0.0073851040        -0.2138324169
   861         0.0000000000        -0.0074923582        -0.2237165190
   862         0.0000000000         0.0010576828        -0.2187449281
   863         0.0000000000        -0.0419211243         0.3426681989
   864         0.0000000000        -0.0419211243         0.3526113808
   865         0.0000000000        -0.0417377774         0.2236675831
   866         0.0000000000        -0.0417377774         0.2336107649
   867         0.0000000000        -0.0417377774         0.1938380377
   868         0.0000000000        -0.0417377774         0.2435539468
   869         0.0000000000        -0.0417377774         0.2534971286
   870         0.0000000000        -0.0417377774         0.2634403104
   871         0.0000000000        -0.0331267294         0.2584687195
   872         0.0000000000        -0.0417377774         0.0645766740
   873         0.0000000000         0.0410401265        -0.1740596896
   874         0.0000000000        -0.0418003862         0.2833266740
   875         0.0000000000        -0.0418003862         0.2932698558
   876         0.0000000000        -0.0417377774         0.2733834922
   877         0.0000000000        -0.0331893381         0.2783550831
   878         0.0000000000        -0.0335047654         0.2982414468
   879         0.0000000000         0.0412231532        -0.3427767689
   880         0.0000000000         0.0412231532        -0.3527199507
   881         0.0000000000        -0.0417377774         0.2037812195
   882         0.0000000000        -0.0417377774         0.1441221286
   883         0.0000000000         0.0410401265         0.1540653104
   884         0.0000000000        -0.0417377774         0.1142925831
   885         0.0000000000         0.0324290784         0.1590369013
   886         0.0000000000        -0.0338306755         0.3180748827
   887         0.0000000000        -0.0421262962         0.3230464736
   888         0.0000000000        -0.0417377774         0.2137244013
   889         0.0000000000        -0.0073851206        -0.2038892351
   890         0.0000000000         0.0011649314        -0.1989176442
   891         0.0000000000        -0.0421262962         0.3329896555
   892         0.0000000000        -0.0336985950         0.3376436804
   893         0.0000000000        -0.0410652955        -0.3342858215
   894         0.0000000000        -0.0410652955        -0.3243426397
   895         0.0000000000        -0.0416045400        -0.3729558111
   896         0.0000000000        -0.0416045400        -0.3630126292
   897         0.0000000000         0.0011648894        -0.1790312805
   898         0.0000000000         0.0413417048        -0.3332066906
   899         0.0000000000         0.0329136835        -0.3378612699
   900         0.0000000000        -0.0417377774         0.1242357649
   901         0.0000000000        -0.0417377774         0.1341789468
   902         0.0000000000         0.0412048719        -0.2338658825
   903         0.0000000000         0.0410401265        -0.1840028714
   904         0.0000000000         0.0323106214        -0.2400731296
   905         0.0000000000         0.0324290784        -0.1790312805
   906         0.0000000000         0.0311947039        -0.3579507143
   907         0.0000000000         0.0396227252        -0.3632393168
   908         0.0000000000        -0.0072935853        -0.0050255987
   909         0.0000000000         0.0396227252        -0.3731824986
   910         0.0000000000         0.0410401265        -0.0447983260
   911         0.0000000000         0.0410401265        -0.0547415078
   912         0.0000000000         0.0324290784        -0.0597130987
   913         0.0000000000        -0.0417377774         0.0446903104
   914         0.0000000000        -0.0417377774         0.0546334922
   915         0.0000000000         0.0013174628        -0.0000540078
   916         0.0000000000         0.0410401265        -0.0348551442
   917         0.0000000000        -0.0417377774         0.0347471286
   918         0.0000000000         0.0324290784        -0.0398267351
   919         0.0000000000        -0.0246252973        -0.2335931377
   920         0.0000000000        -0.0246252973        -0.2435363195
   921         0.0000000000        -0.0160295051        -0.2286215468
   922         0.0000000000        -0.0075867183        -0.2335340580
   923         0.0000000000         0.0009676734         0.2386638850
   924         0.0000000000        -0.0076433747         0.2436354759
   925         0.0000000000        -0.0161633934         0.2484826745
   926         0.0000000000        -0.0247744415         0.2534542654
   927         0.0000000000        -0.0247744415         0.2633974472
   928         0.0000000000        -0.0079021348         0.2535357946
   929         0.0000000000        -0.0248842587         0.2730447841
   930         0.0000000000        -0.0249468675         0.2829879659
   931         0.0000000000         0.0242035200         0.2846667349
   932         0.0000000000         0.0238555659         0.2748493686
   933         0.0000000000        -0.0165319708         0.2680303300
   934         0.0000000000         0.0234434904        -0.3324650545
   935         0.0000000000         0.0233249387        -0.3420351328
   936         0.0000000000        -0.0242421460         0.3322092160
   937         0.0000000000        -0.0240369740         0.3418877595
   938         0.0000000000        -0.0403202420         0.3631279538
   939         0.0000000000        -0.0403202420         0.3730711356
   940         0.0000000000        -0.0318925407         0.3578387969
   941         0.0000000000        -0.0414073375         0.3835983320
   942         0.0000000000        -0.0414073375         0.3935415138
   943         0.0000000000        -0.0412952435        -0.4117605607
   944         0.0000000000        -0.0412952435        -0.4018173789
   945         0.0000000000         0.0405988421         0.4116518423
   946         0.0000000000         0.0405988421         0.4017086605
   947         0.0000000000        -0.0243840842        -0.2533944272
   948         0.0000000000        -0.0158826521        -0.2482971935
   949         0.0000000000        -0.0157094338         0.2884081971
   950         0.0000000000        -0.0240145132         0.2937184961
   951         0.0000000000        -0.0242673317         0.3036616780
   952         0.0000000000         0.0247951236         0.3113412537
   953         0.0000000000         0.0323439860         0.3190962718
   954         0.0000000000         0.0223487536        -0.2949531798
   955         0.0000000000         0.0232306083        -0.3058926475
   956         0.0000000000        -0.0100207050        -0.4207761925
   957         0.0000000000         0.0093243820         0.4206667486
   958         0.0000000000         0.0114063551        -0.2935482762
   959         0.0000000000        -0.0151072621        -0.4293820809
   960         0.0000000000        -0.0251072621        -0.4293820809
   961         0.0000000000         0.0144104786         0.4292734720
   962         0.0000000000         0.0244104786         0.4292734720
   963         0.0000000000         0.0081861590        -0.3104750898
   964         0.0000000000         0.0049196344        -0.3010016090
   965         0.0000000000         0.0413469600        -0.4028414789
   966         0.0000000000         0.0413469600        -0.4127846607
   967         0.0000000000        -0.0420446648         0.4027327723
   968         0.0000000000        -0.0420446648         0.4126759541
   969         0.0000000000         0.0083078285         0.2542635025
   970         0.0000000000         0.0086673878         0.2437833838
   971         0.0000000000        -0.0075631179        -0.2526996500
   972         0.0000000000        -0.0078043310        -0.2428415423
   973         0.0000000000         0.0414355218        -0.1150854435
   974         0.0000000000         0.0414355218        -0.0838862084
   975         0.0000000000         0.0244030469         0.2642597892
   976         0.0000000000         0.0014857448        -0.2564500806
   977         0.0000000000         0.0089282505        -0.1144005987
   978         0.0000000000         0.0169528195        -0.1094290078
   979         0.0000000000         0.0169528195        -0.0895426442
   980         0.0000000000         0.0089552845        -0.0845710532
   981         0.0000000000         0.0000808683         0.2584975480
   982         0.0000000000        -0.0084391505         0.2633447466
   983         0.0000000000         0.0416112485         0.3130807604
   984         0.0000000000         0.0416112485         0.3031375786
   985         0.0000000000         0.0335377757         0.2981748063
   986         0.0000000000        -0.0351265523        -0.3580410383
   987         0.0000000000         0.0344354810         0.3579321289
   988         0.0000000000        -0.0260205736        -0.3120177488
   989         0.0000000000        -0.0332919272        -0.3199933390
   990         0.0000000000        -0.0269294315         0.3229721870
   991         0.0000000000        -0.0437948746        -0.3825261116
   992         0.0000000000         0.0430984918         0.3824170748
   993         0.0000000000         0.0079675370        -0.3847319077
   994         0.0000000000        -0.0086627620         0.3846093326
   995         0.0000000000        -0.0437948746        -0.3924692934
   996         0.0000000000         0.0430984918         0.3923602566
   997         0.0000000000         0.0269247439         0.2932890043
   998         0.0000000000        -0.0268563400         0.3130819329
   999         0.0000000000        -0.0438708378        -0.3430937805
  1000         0.0000000000        -0.0438708378        -0.3530369623
  1001         0.0000000000         0.0431783259         0.3429857649
  1002         0.0000000000         0.0431783259         0.3529289468
  1003         0.0000000000         0.0250639462        -0.3508567214
  1004         0.0000000000         0.0423176173        -0.4302355250
  1005         0.0000000000         0.0323176173        -0.4302355250
  1006         0.0000000000        -0.0257636532         0.3507425259
  1007         0.0000000000        -0.0430156365         0.4301278797
  1008         0.0000000000        -0.0330156365         0.4301278797
  1009         0.0000000000         0.0423176173        -0.4202923432
  1010         0.0000000000        -0.0430156365         0.4201846979
  1011         0.0000000000        -0.0424774113        -0.2825078200
  1012         0.0000000000         0.0250455200        -0.1150854435
  1013         0.0000000000         0.0250455200        -0.0838862084
  1014         0.0000000000         0.0077708128         0.2640724545
  1015         0.0000000000         0.0328244737        -0.1200570344
  1016         0.0000000000         0.0328244737        -0.0789146175
  1017         0.0000000000         0.0154502920         0.2704279884
  1018         0.0000000000         0.0007328159        -0.2379365145
  1019         0.0000000000        -0.0425754572        -0.3138865253
  1020         0.0000000000         0.0432305837        -0.2636797790
  1021         0.0000000000        -0.0089165992         0.2809557170
  1022         0.0000000000        -0.0079842449         0.2916862473
  1023         0.0000000000         0.0246511745        -0.1342869623
  1024         0.0000000000         0.0246501247        -0.1243437805
  1025         0.0000000000         0.0168722208        -0.1293153714
  1026         0.0000000000         0.0246509995        -0.0646846896
  1027         0.0000000000         0.0168720458        -0.0696562805
  1028         0.0000000000         0.0246501247        -0.0746278714
  1029         0.0000000000         0.0088961400        -0.2237311894
  1030         0.0000000000         0.0089126260        -0.2336597008
  1031         0.0000000000         0.0168583373        -0.2287618600
  1032         0.0000000000         0.0090953618        -0.0149687805
  1033         0.0000000000         0.0168732649        -0.0099971896
  1034         0.0000000000         0.0090953659        -0.0050255987
  1035         0.0000000000         0.0246511696        -0.0149687805
  1036         0.0000000000         0.0246511737        -0.0050255987
  1037         0.0000000000         0.0090953375        -0.0447983260
  1038         0.0000000000         0.0090953375        -0.0348551442
  1039         0.0000000000         0.0246511745         0.0248039468
  1040         0.0000000000         0.0246511745         0.0148607649
  1041         0.0000000000         0.0090953618        -0.0249119623
  1042         0.0000000000         0.0090953667         0.1441221286
  1043         0.0000000000         0.0168732706         0.1490937195
  1044         0.0000000000         0.0090953667         0.1540653104
  1045         0.0000000000         0.0246511745         0.1441221286
  1046         0.0000000000         0.0246511745         0.1540653104
  1047         0.0000000000         0.0090951917        -0.0646846896
  1048         0.0000000000         0.0090951917        -0.0547415078
  1049         0.0000000000         0.0090187519        -0.1442301442
  1050         0.0000000000         0.0090187519        -0.1541733260
  1051         0.0000000000         0.0168732706        -0.1492017351
  1052         0.0000000000         0.0090144566        -0.1342869623
  1053         0.0000000000         0.0090190619        -0.1641165078
  1054         0.0000000000         0.0090190619        -0.1740596896
  1055         0.0000000000         0.0168732706        -0.1690880987
  1056         0.0000000000         0.0090190982        -0.1840028714
  1057         0.0000000000         0.0090190982        -0.1939460532
  1058         0.0000000000         0.0168732706        -0.1889744623
  1059         0.0000000000         0.0090953667         0.0944062195
  1060         0.0000000000         0.0090953667         0.1043494013
  1061         0.0000000000         0.0090191038        -0.2038892351
  1062         0.0000000000         0.0090953667         0.1142925831
  1063         0.0000000000         0.0090953667         0.1242357649
  1064         0.0000000000         0.0168732706         0.1093209922
  1065         0.0000000000         0.0168732706         0.1292073558
  1066         0.0000000000         0.0090953667         0.1341789468
  1067         0.0000000000         0.0246511745         0.0844630377
  1068         0.0000000000         0.0246511745         0.0745198558
  1069         0.0000000000         0.0246511745        -0.1442301442
  1070         0.0000000000         0.0246354648        -0.2138470873
  1071         0.0000000000         0.0248002103        -0.2239373710
  1072         0.0000000000         0.0246511745        -0.1541733260
  1073         0.0000000000         0.0246511745         0.1640084922
  1074         0.0000000000         0.0246511745         0.1739516740
  1075         0.0000000000         0.0168732706         0.1689800831
  1076         0.0000000000         0.0246511745         0.1838948558
  1077         0.0000000000         0.0246511745        -0.1641165078
  1078         0.0000000000         0.0246511745         0.1938380377
  1079         0.0000000000         0.0168732706         0.1888664468
  1080         0.0000000000         0.0246511745         0.2037812195
  1081         0.0000000000         0.0246511745         0.2137244013
  1082         0.0000000000         0.0168732706         0.2087528104
  1083         0.0000000000         0.0246511745        -0.1740596896
  1084         0.0000000000         0.0247648191         0.2236745159
  1085         0.0000000000         0.0246511745        -0.1840028714
  1086         0.0000000000         0.0168730665        -0.0497699169
  1087         0.0000000000         0.0246511745        -0.1939460532
  1088         0.0000000000         0.0246511745        -0.2038892351
  1089         0.0000000000         0.0090033941        -0.2138470873
  1090         0.0000000000         0.0246511745         0.1043494013
  1091         0.0000000000         0.0246511745         0.0944062195
  1092         0.0000000000         0.0246511745         0.1142925831
  1093         0.0000000000         0.0246511745         0.1242357649
  1094         0.0000000000         0.0246509995        -0.0547415078
  1095         0.0000000000         0.0246511745         0.1341789468
  1096         0.0000000000         0.0246511745         0.0446903104
  1097         0.0000000000         0.0246511745         0.0347471286
  1098         0.0000000000         0.0090953667         0.1640084922
  1099         0.0000000000         0.0090953667         0.1739516740
  1100         0.0000000000         0.0090953667         0.0745198558
  1101         0.0000000000         0.0090953667         0.0844630377
  1102         0.0000000000         0.0090953667         0.1838948558
  1103         0.0000000000         0.0090953667         0.1938380377
  1104         0.0000000000         0.0090953667         0.2037812195
  1105         0.0000000000         0.0246511737         0.0049175831
  1106         0.0000000000         0.0090953667         0.2137244013
  1107         0.0000000000         0.0168732366        -0.0298835532
  1108         0.0000000000         0.0090953667         0.2236675831
  1109         0.0000000000         0.0246511745         0.0645766740
  1110         0.0000000000         0.0246511745         0.0546334922
  1111         0.0000000000         0.0168575609        -0.2088754963
  1112         0.0000000000         0.0246866296         0.2337656056
  1113         0.0000000000         0.0168732698         0.0098891740
  1114         0.0000000000         0.0246511453        -0.0447983260
  1115         0.0000000000         0.0168732706         0.0894346286
  1116         0.0000000000         0.0246511453        -0.0348551442
  1117         0.0000000000         0.0167950811         0.2287870819
  1118         0.0000000000         0.0090171772         0.2337586729
  1119         0.0000000000         0.0090953667         0.0645766740
  1120         0.0000000000         0.0168732706         0.0695482649
  1121         0.0000000000         0.0168732706         0.0496619013
  1122         0.0000000000         0.0168732706         0.0297755377
  1123         0.0000000000         0.0090953667         0.0546334922
  1124         0.0000000000         0.0090953667         0.0446903104
  1125         0.0000000000         0.0090953667         0.0347471286
  1126         0.0000000000         0.0246511696        -0.0249119623
  1127         0.0000000000         0.0090953667         0.0248039468
  1128         0.0000000000         0.0090953667         0.0148607649
  1129         0.0000000000         0.0090953659         0.0049175831
  1130         0.0000000000         0.0248166964        -0.2338658825
  1131         0.0000000000         0.0090134068        -0.1243437805
  1132         0.0000000000         0.0090943168        -0.0746278714
  1133         0.0000000000         0.0243687484        -0.2448976186
  1134         0.0000000000        -0.0085489677         0.2729920834
  1135         0.0000000000        -0.0330642910        -0.4302848279
  1136         0.0000000000        -0.0430642910        -0.4302848279
  1137         0.0000000000         0.0323666400         0.4301768124
  1138         0.0000000000         0.0423666400         0.4301768124
  1139         0.0000000000        -0.0430642910        -0.4203416461
  1140         0.0000000000         0.0423666400         0.4202336305
  1141         0.0000000000         0.0260587587        -0.3236444210
  1142         0.0000000000         0.0072233319         0.2746620339
  1143         0.0000000000         0.0086950133        -0.2429671851
  1144         0.0000000000         0.0085556753        -0.3528987896
  1145         0.0000000000         0.0155937530        -0.3454605060
  1146         0.0000000000        -0.0092498434         0.3527765108
  1147         0.0000000000        -0.0163072042         0.3453080615
  1148         0.0000000000         0.0256261972        -0.3140528066
  1149         0.0000000000         0.0269582908         0.3031479085
  1150         0.0000000000         0.0166896932        -0.3108374912
  1151         0.0000000000         0.0157064877        -0.2465213456
  1152         0.0000000000         0.0084972193        -0.2600042410
  1153         0.0000000000         0.0181820918         0.3064554517
  1154         0.0000000000        -0.0278227276        -0.4221129010
  1155         0.0000000000         0.0271259442         0.4220042921
  1156         0.0000000000         0.0340134027        -0.4154093598
  1157         0.0000000000        -0.0347114757         0.4153010235
  1158         0.0000000000         0.0272644509        -0.4218619172
  1159         0.0000000000        -0.0279628398         0.4217537743
  1160         0.0000000000        -0.0340107091        -0.4144345627
  1161         0.0000000000         0.0333143076         0.4143258443
  1162         0.0000000000        -0.0008237788         0.2762701336
  1163         0.0000000000         0.0075266776        -0.2507981593
$EndNodes
$Elements
  2128
     1 2 2       1      1   218   415   417
     2 2 2       1      1   415   416   417
     3 2 2       1      1   415   240   416
     4 2 2       1      1   417   416   363
     5 2 2       1      1   236   418   420
     6 2 2       1      1   418   419   420
     7 2 2       1      1   418   259   419
     8 2 2       1      1   420   419   364
     9 2 2       1      1   269   421   423
    10 2 2       1      1   421   422   423
    11 2 2       1      1   421   267   422
    12 2 2       1      1   423   422   349
    13 2 2       1      1   250   424   426
    14 2 2       1      1   424   425   426
    15 2 2       1      1   424   248   425
    16 2 2       1      1   426   425   330
    17 2 2       1      1   240   415   428
    18 2 2       1      1   415   427   428
    19 2 2       1      1   415   218   427
    20 2 2       1      1   428   427   399
    21 2 2       1      1   259   418   430
    22 2 2       1      1   418   429   430
    23 2 2       1      1   418   236   429
    24 2 2       1      1   430   429   400
    25 2 2       1      1   200   431   433
    26 2 2       1      1   431   432   433
    27 2 2       1      1   431   247   432
    28 2 2       1      1   433   432   248
    29 2 2       1      1   230   434   436
    30 2 2       1      1   434   435   436
    31 2 2       1      1   434   266   435
    32 2 2       1      1   436   435   267
    33 2 2       1      1   237   437   439
    34 2 2       1      1   437   438   439
    35 2 2       1      1   437   241   438
    36 2 2       1      1   439   438   243
    37 2 2       1      1   238   440   442
    38 2 2       1      1   440   441   442
    39 2 2       1      1   440   260   441
    40 2 2       1      1   442   441   262
    41 2 2       1      1   253   443   445
    42 2 2       1      1   443   444   445
    43 2 2       1      1   443   201   444
    44 2 2       1      1   445   444   408
    45 2 2       1      1   267   446   422
    46 2 2       1      1   446   447   422
    47 2 2       1      1   446   265   447
    48 2 2       1      1   422   447   349
    49 2 2       1      1   201   443   449
    50 2 2       1      1   443   448   449
    51 2 2       1      1   443   253   448
    52 2 2       1      1   449   448   358
    53 2 2       1      1   248   450   425
    54 2 2       1      1   450   451   425
    55 2 2       1      1   450   246   451
    56 2 2       1      1   425   451   330
    57 2 2       1      1    71    27   453
    58 2 2       1      1    27   452   453
    59 2 2       1      1    27    70   452
    60 2 2       1      1   453   452   257
    61 2 2       1      1   247   431   455
    62 2 2       1      1   431   454   455
    63 2 2       1      1   431   200   454
    64 2 2       1      1   455   454   402
    65 2 2       1      1   266   434   457
    66 2 2       1      1   434   456   457
    67 2 2       1      1   434   230   456
    68 2 2       1      1   457   456   403
    69 2 2       1      1   183   458   460
    70 2 2       1      1   458   459   460
    71 2 2       1      1   458   395   459
    72 2 2       1      1   460   459   408
    73 2 2       1      1   237   439   462
    74 2 2       1      1   439   461   462
    75 2 2       1      1   439   243   461
    76 2 2       1      1   462   461   397
    77 2 2       1      1   238   442   464
    78 2 2       1      1   442   463   464
    79 2 2       1      1   442   262   463
    80 2 2       1      1   464   463   398
    81 2 2       1      1   395   465   459
    82 2 2       1      1   465   466   459
    83 2 2       1      1   465   252   466
    84 2 2       1      1   459   466   408
    85 2 2       1      1   252   467   466
    86 2 2       1      1   467   445   466
    87 2 2       1      1   467   253   445
    88 2 2       1      1   466   445   408
    89 2 2       1      1   200   433   469
    90 2 2       1      1   433   468   469
    91 2 2       1      1   433   248   468
    92 2 2       1      1   469   468   249
    93 2 2       1      1   230   436   471
    94 2 2       1      1   436   470   471
    95 2 2       1      1   436   267   470
    96 2 2       1      1   471   470   268
    97 2 2       1      1   199   472   474
    98 2 2       1      1   472   473   474
    99 2 2       1      1   472   243   473
   100 2 2       1      1   474   473   244
   101 2 2       1      1   216   475   477
   102 2 2       1      1   475   476   477
   103 2 2       1      1   475   262   476
   104 2 2       1      1   477   476   263
   105 2 2       1      1   270   478   480
   106 2 2       1      1   478   479   480
   107 2 2       1      1   478   269   479
   108 2 2       1      1   480   479   359
   109 2 2       1      1   199   474   482
   110 2 2       1      1   474   481   482
   111 2 2       1      1   474   244   481
   112 2 2       1      1   482   481   247
   113 2 2       1      1   216   477   484
   114 2 2       1      1   477   483   484
   115 2 2       1      1   477   263   483
   116 2 2       1      1   484   483   266
   117 2 2       1      1   217   485   486
   118 2 2       1      1   485   453   486
   119 2 2       1      1   485    71   453
   120 2 2       1      1   486   453   257
   121 2 2       1      1   240   487   416
   122 2 2       1      1   487   488   416
   123 2 2       1      1   487   239   488
   124 2 2       1      1   416   488   363
   125 2 2       1      1   259   489   419
   126 2 2       1      1   489   490   419
   127 2 2       1      1   489   258   490
   128 2 2       1      1   419   490   364
   129 2 2       1      1   355   491   493
   130 2 2       1      1   491   492   493
   131 2 2       1      1   491   245   492
   132 2 2       1      1   493   492   399
   133 2 2       1      1   328   494   496
   134 2 2       1      1   494   495   496
   135 2 2       1      1   494   264   495
   136 2 2       1      1   496   495   400
   137 2 2       1      1   257   452   498
   138 2 2       1      1   452   497   498
   139 2 2       1      1   452    70   497
   140 2 2       1      1   498   497   410
   141 2 2       1      1   359   479   500
   142 2 2       1      1   479   499   500
   143 2 2       1      1   479   269   499
   144 2 2       1      1   500   499   396
   145 2 2       1      1   241   437   502
   146 2 2       1      1   437   501   502
   147 2 2       1      1   437   237   501
   148 2 2       1      1   502   501   361
   149 2 2       1      1   260   440   504
   150 2 2       1      1   440   503   504
   151 2 2       1      1   440   238   503
   152 2 2       1      1   504   503   362
   153 2 2       1      1   269   423   499
   154 2 2       1      1   423   505   499
   155 2 2       1      1   423   349   505
   156 2 2       1      1   499   505   396
   157 2 2       1      1   365   506   508
   158 2 2       1      1   506   507   508
   159 2 2       1      1   506    61   507
   160 2 2       1      1   508   507   366
   161 2 2       1      1   270   509   511
   162 2 2       1      1   509   510   511
   163 2 2       1      1   509   336   510
   164 2 2       1      1   511   510   407
   165 2 2       1      1   253   512   448
   166 2 2       1      1   512   513   448
   167 2 2       1      1   512   255   513
   168 2 2       1      1   448   513   358
   169 2 2       1      1   250   426   515
   170 2 2       1      1   426   514   515
   171 2 2       1      1   426   330   514
   172 2 2       1      1   515   514   401
   173 2 2       1      1   336   509   517
   174 2 2       1      1   509   516   517
   175 2 2       1      1   509   270   516
   176 2 2       1      1   517   516   409
   177 2 2       1      1   220   518   520
   178 2 2       1      1   518   519   520
   179 2 2       1      1   518   256   519
   180 2 2       1      1   520   519   410
   181 2 2       1      1   263   521   483
   182 2 2       1      1   521   522   483
   183 2 2       1      1   521   265   522
   184 2 2       1      1   483   522   266
   185 2 2       1      1   244   523   481
   186 2 2       1      1   523   524   481
   187 2 2       1      1   523   246   524
   188 2 2       1      1   481   524   247
   189 2 2       1      1   266   522   435
   190 2 2       1      1   522   446   435
   191 2 2       1      1   522   265   446
   192 2 2       1      1   435   446   267
   193 2 2       1      1   247   524   432
   194 2 2       1      1   524   450   432
   195 2 2       1      1   524   246   450
   196 2 2       1      1   432   450   248
   197 2 2       1      1   256   518   526
   198 2 2       1      1   518   525   526
   199 2 2       1      1   518   220   525
   200 2 2       1      1   526   525   404
   201 2 2       1      1   249   468   527
   202 2 2       1      1   468   424   527
   203 2 2       1      1   468   248   424
   204 2 2       1      1   527   424   250
   205 2 2       1      1   268   470   528
   206 2 2       1      1   470   421   528
   207 2 2       1      1   470   267   421
   208 2 2       1      1   528   421   269
   209 2 2       1      1   245   491   530
   210 2 2       1      1   491   529   530
   211 2 2       1      1   491   355   529
   212 2 2       1      1   530   529   405
   213 2 2       1      1   264   494   532
   214 2 2       1      1   494   531   532
   215 2 2       1      1   494   328   531
   216 2 2       1      1   532   531   406
   217 2 2       1      1   285   533   534
   218 2 2       1      1   533   508   534
   219 2 2       1      1   533   365   508
   220 2 2       1      1   534   508   366
   221 2 2       1      1   218   535   427
   222 2 2       1      1   535   493   427
   223 2 2       1      1   535   355   493
   224 2 2       1      1   427   493   399
   225 2 2       1      1   236   536   429
   226 2 2       1      1   536   496   429
   227 2 2       1      1   536   328   496
   228 2 2       1      1   429   496   400
   229 2 2       1      1   249   527   538
   230 2 2       1      1   527   537   538
   231 2 2       1      1   527   250   537
   232 2 2       1      1   538   537   251
   233 2 2       1      1   268   528   539
   234 2 2       1      1   528   478   539
   235 2 2       1      1   528   269   478
   236 2 2       1      1   539   478   270
   237 2 2       1      1   228   540   542
   238 2 2       1      1   540   541   542
   239 2 2       1      1   540   367   541
   240 2 2       1      1   542   541   383
   241 2 2       1      1   243   472   461
   242 2 2       1      1   472   543   461
   243 2 2       1      1   472   199   543
   244 2 2       1      1   461   543   397
   245 2 2       1      1   262   475   463
   246 2 2       1      1   475   544   463
   247 2 2       1      1   475   216   544
   248 2 2       1      1   463   544   398
   249 2 2       1      1   249   538   546
   250 2 2       1      1   538   545   546
   251 2 2       1      1   538   251   545
   252 2 2       1      1   546   545   252
   253 2 2       1      1   235   547   548
   254 2 2       1      1   547   487   548
   255 2 2       1      1   547   239   487
   256 2 2       1      1   548   487   240
   257 2 2       1      1   235   548   550
   258 2 2       1      1   548   549   550
   259 2 2       1      1   548   240   549
   260 2 2       1      1   550   549   241
   261 2 2       1      1   215   551   552
   262 2 2       1      1   551   489   552
   263 2 2       1      1   551   258   489
   264 2 2       1      1   552   489   259
   265 2 2       1      1   215   552   554
   266 2 2       1      1   552   553   554
   267 2 2       1      1   552   259   553
   268 2 2       1      1   554   553   260
   269 2 2       1      1   241   549   556
   270 2 2       1      1   549   555   556
   271 2 2       1      1   549   240   555
   272 2 2       1      1   556   555   242
   273 2 2       1      1   260   553   558
   274 2 2       1      1   553   557   558
   275 2 2       1      1   553   259   557
   276 2 2       1      1   558   557   261
   277 2 2       1      1   235   559   547
   278 2 2       1      1   559   560   547
   279 2 2       1      1   559     5   560
   280 2 2       1      1   547   560   239
   281 2 2       1      1   260   558   441
   282 2 2       1      1   558   561   441
   283 2 2       1      1   558   261   561
   284 2 2       1      1   441   561   262
   285 2 2       1      1   215   562   551
   286 2 2       1      1   562   563   551
   287 2 2       1      1   562   103   563
   288 2 2       1      1   551   563   258
   289 2 2       1      1   262   561   476
   290 2 2       1      1   561   564   476
   291 2 2       1      1   561   261   564
   292 2 2       1      1   476   564   263
   293 2 2       1      1     4     9   565
   294 2 2       1      1     9   559   565
   295 2 2       1      1     9     5   559
   296 2 2       1      1   565   559   235
   297 2 2       1      1   241   556   438
   298 2 2       1      1   556   566   438
   299 2 2       1      1   556   242   566
   300 2 2       1      1   438   566   243
   301 2 2       1      1   102   107   567
   302 2 2       1      1   107   562   567
   303 2 2       1      1   107   103   562
   304 2 2       1      1   567   562   215
   305 2 2       1      1   243   566   473
   306 2 2       1      1   566   568   473
   307 2 2       1      1   566   242   568
   308 2 2       1      1   473   568   244
   309 2 2       1      1     5    10   560
   310 2 2       1      1    10   569   560
   311 2 2       1      1    10     6   569
   312 2 2       1      1   560   569   239
   313 2 2       1      1   252   545   467
   314 2 2       1      1   545   570   467
   315 2 2       1      1   545   251   570
   316 2 2       1      1   467   570   253
   317 2 2       1      1   263   571   521
   318 2 2       1      1   571   572   521
   319 2 2       1      1   571   264   572
   320 2 2       1      1   521   572   265
   321 2 2       1      1   103   108   563
   322 2 2       1      1   108   573   563
   323 2 2       1      1   108   104   573
   324 2 2       1      1   563   573   258
   325 2 2       1      1   263   564   571
   326 2 2       1      1   564   574   571
   327 2 2       1      1   564   261   574
   328 2 2       1      1   571   574   264
   329 2 2       1      1   244   568   576
   330 2 2       1      1   568   575   576
   331 2 2       1      1   568   242   575
   332 2 2       1      1   576   575   245
   333 2 2       1      1   244   576   523
   334 2 2       1      1   576   577   523
   335 2 2       1      1   576   245   577
   336 2 2       1      1   523   577   246
   337 2 2       1      1   253   570   579
   338 2 2       1      1   570   578   579
   339 2 2       1      1   570   251   578
   340 2 2       1      1   579   578   254
   341 2 2       1      1   253   579   512
   342 2 2       1      1   579   580   512
   343 2 2       1      1   579   254   580
   344 2 2       1      1   512   580   255
   345 2 2       1      1   255   580   582
   346 2 2       1      1   580   581   582
   347 2 2       1      1   580   254   581
   348 2 2       1      1   582   581   256
   349 2 2       1      1   256   581   584
   350 2 2       1      1   581   583   584
   351 2 2       1      1   581   254   583
   352 2 2       1      1   584   583   257
   353 2 2       1      1   209   585   587
   354 2 2       1      1   585   586   587
   355 2 2       1      1   585   321   586
   356 2 2       1      1   587   586   344
   357 2 2       1      1   209   588   585
   358 2 2       1      1   588   589   585
   359 2 2       1      1   588   319   589
   360 2 2       1      1   585   589   321
   361 2 2       1      1   319   588   591
   362 2 2       1      1   588   590   591
   363 2 2       1      1   588   209   590
   364 2 2       1      1   591   590   350
   365 2 2       1      1   317   592   593
   366 2 2       1      1   592   591   593
   367 2 2       1      1   592   319   591
   368 2 2       1      1   593   591   350
   369 2 2       1      1   208   594   595
   370 2 2       1      1   594   593   595
   371 2 2       1      1   594   317   593
   372 2 2       1      1   595   593   350
   373 2 2       1      1   208   596   594
   374 2 2       1      1   596   597   594
   375 2 2       1      1   596   315   597
   376 2 2       1      1   594   597   317
   377 2 2       1      1   315   596   599
   378 2 2       1      1   596   598   599
   379 2 2       1      1   596   208   598
   380 2 2       1      1   599   598   342
   381 2 2       1      1   313   600   601
   382 2 2       1      1   600   599   601
   383 2 2       1      1   600   315   599
   384 2 2       1      1   601   599   342
   385 2 2       1      1   207   602   603
   386 2 2       1      1   602   601   603
   387 2 2       1      1   602   313   601
   388 2 2       1      1   603   601   342
   389 2 2       1      1   207   604   602
   390 2 2       1      1   604   605   602
   391 2 2       1      1   604   311   605
   392 2 2       1      1   602   605   313
   393 2 2       1      1   282   606   608
   394 2 2       1      1   606   607   608
   395 2 2       1      1   606   276   607
   396 2 2       1      1   608   607   327
   397 2 2       1      1   311   604   610
   398 2 2       1      1   604   609   610
   399 2 2       1      1   604   207   609
   400 2 2       1      1   610   609   352
   401 2 2       1      1   309   611   612
   402 2 2       1      1   611   610   612
   403 2 2       1      1   611   311   610
   404 2 2       1      1   612   610   352
   405 2 2       1      1   202   613   615
   406 2 2       1      1   613   614   615
   407 2 2       1      1   613   296   614
   408 2 2       1      1   615   614   353
   409 2 2       1      1   206   616   617
   410 2 2       1      1   616   612   617
   411 2 2       1      1   616   309   612
   412 2 2       1      1   617   612   352
   413 2 2       1      1   206   618   616
   414 2 2       1      1   618   619   616
   415 2 2       1      1   618   307   619
   416 2 2       1      1   616   619   309
   417 2 2       1      1   296   620   614
   418 2 2       1      1   620   621   614
   419 2 2       1      1   620   294   621
   420 2 2       1      1   614   621   353
   421 2 2       1      1   294   622   621
   422 2 2       1      1   622   623   621
   423 2 2       1      1   622   203   623
   424 2 2       1      1   621   623   353
   425 2 2       1      1   307   618   625
   426 2 2       1      1   618   624   625
   427 2 2       1      1   618   206   624
   428 2 2       1      1   625   624   347
   429 2 2       1      1   305   626   627
   430 2 2       1      1   626   625   627
   431 2 2       1      1   626   307   625
   432 2 2       1      1   627   625   347
   433 2 2       1      1   292   628   629
   434 2 2       1      1   628   622   629
   435 2 2       1      1   628   203   622
   436 2 2       1      1   629   622   294
   437 2 2       1      1   203   628   631
   438 2 2       1      1   628   630   631
   439 2 2       1      1   628   292   630
   440 2 2       1      1   631   630   351
   441 2 2       1      1   197   632   633
   442 2 2       1      1   632   627   633
   443 2 2       1      1   632   305   627
   444 2 2       1      1   633   627   347
   445 2 2       1      1   197   634   632
   446 2 2       1      1   634   635   632
   447 2 2       1      1   634   303   635
   448 2 2       1      1   632   635   305
   449 2 2       1      1   292   636   630
   450 2 2       1      1   636   637   630
   451 2 2       1      1   636   290   637
   452 2 2       1      1   630   637   351
   453 2 2       1      1   290   638   637
   454 2 2       1      1   638   639   637
   455 2 2       1      1   638   205   639
   456 2 2       1      1   637   639   351
   457 2 2       1      1   288   640   641
   458 2 2       1      1   640   638   641
   459 2 2       1      1   640   205   638
   460 2 2       1      1   641   638   290
   461 2 2       1      1   276   642   607
   462 2 2       1      1   642   643   607
   463 2 2       1      1   642   272   643
   464 2 2       1      1   607   643   327
   465 2 2       1      1   205   640   645
   466 2 2       1      1   640   644   645
   467 2 2       1      1   640   288   644
   468 2 2       1      1   645   644   332
   469 2 2       1      1   288   646   644
   470 2 2       1      1   646   647   644
   471 2 2       1      1   646   286   647
   472 2 2       1      1   644   647   332
   473 2 2       1      1   301   648   650
   474 2 2       1      1   648   649   650
   475 2 2       1      1   648   303   649
   476 2 2       1      1   650   649   337
   477 2 2       1      1   286   651   647
   478 2 2       1      1   651   652   647
   479 2 2       1      1   651   204   652
   480 2 2       1      1   647   652   332
   481 2 2       1      1   303   634   649
   482 2 2       1      1   634   653   649
   483 2 2       1      1   634   197   653
   484 2 2       1      1   649   653   337
   485 2 2       1      1   283   654   655
   486 2 2       1      1   654   651   655
   487 2 2       1      1   654   204   651
   488 2 2       1      1   655   651   286
   489 2 2       1      1   231   656   658
   490 2 2       1      1   656   657   658
   491 2 2       1      1   656   271   657
   492 2 2       1      1   658   657   272
   493 2 2       1      1   272   657   643
   494 2 2       1      1   657   659   643
   495 2 2       1      1   657   271   659
   496 2 2       1      1   643   659   327
   497 2 2       1      1   213   660   662
   498 2 2       1      1   660   661   662
   499 2 2       1      1   660   299   661
   500 2 2       1      1   662   661   301
   501 2 2       1      1   231   663   656
   502 2 2       1      1   663   664   656
   503 2 2       1      1   663   165   664
   504 2 2       1      1   656   664   271
   505 2 2       1      1   194   150   666
   506 2 2       1      1   150   665   666
   507 2 2       1      1   150   193   665
   508 2 2       1      1   666   665   325
   509 2 2       1      1   213   662   667
   510 2 2       1      1   662   650   667
   511 2 2       1      1   662   301   650
   512 2 2       1      1   667   650   337
   513 2 2       1      1   277   668   669
   514 2 2       1      1   668   666   669
   515 2 2       1      1   668   194   666
   516 2 2       1      1   669   666   325
   517 2 2       1      1   299   660   671
   518 2 2       1      1   660   670   671
   519 2 2       1      1   660   213   670
   520 2 2       1      1   671   670   326
   521 2 2       1      1   204   654   673
   522 2 2       1      1   654   672   673
   523 2 2       1      1   654   283   672
   524 2 2       1      1   673   672   325
   525 2 2       1      1   155   121   674
   526 2 2       1      1   121   663   674
   527 2 2       1      1   121   165   663
   528 2 2       1      1   674   663   231
   529 2 2       1      1    97    53   676
   530 2 2       1      1    53   675   676
   531 2 2       1      1    53    96   675
   532 2 2       1      1   676   675   324
   533 2 2       1      1    96   677   675
   534 2 2       1      1   677   678   675
   535 2 2       1      1   677   224   678
   536 2 2       1      1   675   678   324
   537 2 2       1      1   234   679   681
   538 2 2       1      1   679   680   681
   539 2 2       1      1   679    99   680
   540 2 2       1      1   681   680   323
   541 2 2       1      1    98    54   683
   542 2 2       1      1    54   682   683
   543 2 2       1      1    54    97   682
   544 2 2       1      1   683   682   232
   545 2 2       1      1   196   152   685
   546 2 2       1      1   152   684   685
   547 2 2       1      1   152   195   684
   548 2 2       1      1   685   684   233
   549 2 2       1      1   195   151   686
   550 2 2       1      1   151   668   686
   551 2 2       1      1   151   194   668
   552 2 2       1      1   686   668   277
   553 2 2       1      1   193   687   665
   554 2 2       1      1   687   673   665
   555 2 2       1      1   687   204   673
   556 2 2       1      1   665   673   325
   557 2 2       1      1   233   684   688
   558 2 2       1      1   684   686   688
   559 2 2       1      1   684   195   686
   560 2 2       1      1   688   686   277
   561 2 2       1      1   232   682   689
   562 2 2       1      1   682   676   689
   563 2 2       1      1   682    97   676
   564 2 2       1      1   689   676   324
   565 2 2       1      1   155   674   691
   566 2 2       1      1   674   690   691
   567 2 2       1      1   674   231   690
   568 2 2       1      1   691   690   326
   569 2 2       1      1   156   111   692
   570 2 2       1      1   111   691   692
   571 2 2       1      1   111   155   691
   572 2 2       1      1   692   691   326
   573 2 2       1      1    67    23   693
   574 2 2       1      1    23   679   693
   575 2 2       1      1    23    99   679
   576 2 2       1      1   693   679   234
   577 2 2       1      1   273   694   695
   578 2 2       1      1   694   671   695
   579 2 2       1      1   694   299   671
   580 2 2       1      1   695   671   326
   581 2 2       1      1   271   696   659
   582 2 2       1      1   696   697   659
   583 2 2       1      1   696   233   697
   584 2 2       1      1   659   697   327
   585 2 2       1      1   165   153   664
   586 2 2       1      1   153   698   664
   587 2 2       1      1   153   196   698
   588 2 2       1      1   664   698   271
   589 2 2       1      1   196   685   698
   590 2 2       1      1   685   696   698
   591 2 2       1      1   685   233   696
   592 2 2       1      1   698   696   271
   593 2 2       1      1   231   658   700
   594 2 2       1      1   658   699   700
   595 2 2       1      1   658   272   699
   596 2 2       1      1   700   699   273
   597 2 2       1      1   231   700   690
   598 2 2       1      1   700   695   690
   599 2 2       1      1   700   273   695
   600 2 2       1      1   690   695   326
   601 2 2       1      1   278   701   702
   602 2 2       1      1   701   608   702
   603 2 2       1      1   701   282   608
   604 2 2       1      1   702   608   327
   605 2 2       1      1   213   703   670
   606 2 2       1      1   703   692   670
   607 2 2       1      1   703   156   692
   608 2 2       1      1   670   692   326
   609 2 2       1      1    57    13   705
   610 2 2       1      1    13   704   705
   611 2 2       1      1    13    67   704
   612 2 2       1      1   705   704   356
   613 2 2       1      1   233   706   697
   614 2 2       1      1   706   702   697
   615 2 2       1      1   706   278   702
   616 2 2       1      1   697   702   327
   617 2 2       1      1   278   707   709
   618 2 2       1      1   707   708   709
   619 2 2       1      1   707   277   708
   620 2 2       1      1   709   708   279
   621 2 2       1      1    99    55   680
   622 2 2       1      1    55   710   680
   623 2 2       1      1    55    98   710
   624 2 2       1      1   680   710   323
   625 2 2       1      1   233   688   706
   626 2 2       1      1   688   707   706
   627 2 2       1      1   688   277   707
   628 2 2       1      1   706   707   278
   629 2 2       1      1    98   683   710
   630 2 2       1      1   683   711   710
   631 2 2       1      1   683   232   711
   632 2 2       1      1   710   711   323
   633 2 2       1      1   278   709   713
   634 2 2       1      1   709   712   713
   635 2 2       1      1   709   279   712
   636 2 2       1      1   713   712   280
   637 2 2       1      1   214   714   715
   638 2 2       1      1   714   705   715
   639 2 2       1      1   714    57   705
   640 2 2       1      1   715   705   356
   641 2 2       1      1   301   716   648
   642 2 2       1      1   716   717   648
   643 2 2       1      1   716   302   717
   644 2 2       1      1   648   717   303
   645 2 2       1      1   303   717   719
   646 2 2       1      1   717   718   719
   647 2 2       1      1   717   302   718
   648 2 2       1      1   719   718   304
   649 2 2       1      1   303   719   635
   650 2 2       1      1   719   720   635
   651 2 2       1      1   719   304   720
   652 2 2       1      1   635   720   305
   653 2 2       1      1   280   712   722
   654 2 2       1      1   712   721   722
   655 2 2       1      1   712   279   721
   656 2 2       1      1   722   721   281
   657 2 2       1      1   299   723   661
   658 2 2       1      1   723   724   661
   659 2 2       1      1   723   300   724
   660 2 2       1      1   661   724   301
   661 2 2       1      1   305   720   726
   662 2 2       1      1   720   725   726
   663 2 2       1      1   720   304   725
   664 2 2       1      1   726   725   306
   665 2 2       1      1   301   724   716
   666 2 2       1      1   724   727   716
   667 2 2       1      1   724   300   727
   668 2 2       1      1   716   727   302
   669 2 2       1      1   281   721   729
   670 2 2       1      1   721   728   729
   671 2 2       1      1   721   279   728
   672 2 2       1      1   729   728   283
   673 2 2       1      1   281   729   731
   674 2 2       1      1   729   730   731
   675 2 2       1      1   729   283   730
   676 2 2       1      1   731   730   284
   677 2 2       1      1   305   726   626
   678 2 2       1      1   726   732   626
   679 2 2       1      1   726   306   732
   680 2 2       1      1   626   732   307
   681 2 2       1      1   284   730   733
   682 2 2       1      1   730   655   733
   683 2 2       1      1   730   283   655
   684 2 2       1      1   733   655   286
   685 2 2       1      1   274   734   735
   686 2 2       1      1   734   642   735
   687 2 2       1      1   734   272   642
   688 2 2       1      1   735   642   276
   689 2 2       1      1   278   713   701
   690 2 2       1      1   713   736   701
   691 2 2       1      1   713   280   736
   692 2 2       1      1   701   736   282
   693 2 2       1      1   273   737   694
   694 2 2       1      1   737   738   694
   695 2 2       1      1   737   275   738
   696 2 2       1      1   694   738   299
   697 2 2       1      1   284   733   740
   698 2 2       1      1   733   739   740
   699 2 2       1      1   733   286   739
   700 2 2       1      1   740   739   287
   701 2 2       1      1   279   708   741
   702 2 2       1      1   708   669   741
   703 2 2       1      1   708   277   669
   704 2 2       1      1   741   669   325
   705 2 2       1      1   307   732   743
   706 2 2       1      1   732   742   743
   707 2 2       1      1   732   306   742
   708 2 2       1      1   743   742   308
   709 2 2       1      1    67   693   704
   710 2 2       1      1   693   744   704
   711 2 2       1      1   693   234   744
   712 2 2       1      1   704   744   356
   713 2 2       1      1   281   731   746
   714 2 2       1      1   731   745   746
   715 2 2       1      1   731   284   745
   716 2 2       1      1   746   745   285
   717 2 2       1      1   287   739   747
   718 2 2       1      1   739   646   747
   719 2 2       1      1   739   286   646
   720 2 2       1      1   747   646   288
   721 2 2       1      1   307   743   619
   722 2 2       1      1   743   748   619
   723 2 2       1      1   743   308   748
   724 2 2       1      1   619   748   309
   725 2 2       1      1   287   747   750
   726 2 2       1      1   747   749   750
   727 2 2       1      1   747   288   749
   728 2 2       1      1   750   749   289
   729 2 2       1      1   204   751   652
   730 2 2       1      1   751   752   652
   731 2 2       1      1   751   192   752
   732 2 2       1      1   652   752   332
   733 2 2       1      1   185   753   755
   734 2 2       1      1   753   754   755
   735 2 2       1      1   753   201   754
   736 2 2       1      1   755   754   340
   737 2 2       1      1   309   748   757
   738 2 2       1      1   748   756   757
   739 2 2       1      1   748   308   756
   740 2 2       1      1   757   756   310
   741 2 2       1      1   192   148   752
   742 2 2       1      1   148   758   752
   743 2 2       1      1   148   191   758
   744 2 2       1      1   752   758   332
   745 2 2       1      1   186   142   759
   746 2 2       1      1   142   755   759
   747 2 2       1      1   142   185   755
   748 2 2       1      1   759   755   340
   749 2 2       1      1   190   146   761
   750 2 2       1      1   146   760   761
   751 2 2       1      1   146   189   760
   752 2 2       1      1   761   760   351
   753 2 2       1      1   289   749   762
   754 2 2       1      1   749   641   762
   755 2 2       1      1   749   288   641
   756 2 2       1      1   762   641   290
   757 2 2       1      1   188   144   764
   758 2 2       1      1   144   763   764
   759 2 2       1      1   144   176   763
   760 2 2       1      1   764   763   353
   761 2 2       1      1   309   757   611
   762 2 2       1      1   757   765   611
   763 2 2       1      1   757   310   765
   764 2 2       1      1   611   765   311
   765 2 2       1      1   205   766   639
   766 2 2       1      1   766   761   639
   767 2 2       1      1   766   190   761
   768 2 2       1      1   639   761   351
   769 2 2       1      1    90   767   769
   770 2 2       1      1   767   768   769
   771 2 2       1      1   767   227   768
   772 2 2       1      1   769   768   334
   773 2 2       1      1    91    47   770
   774 2 2       1      1    47   769   770
   775 2 2       1      1    47    90   769
   776 2 2       1      1   770   769   334
   777 2 2       1      1   299   738   723
   778 2 2       1      1   738   771   723
   779 2 2       1      1   738   275   771
   780 2 2       1      1   723   771   300
   781 2 2       1      1    72   772   774
   782 2 2       1      1   772   773   774
   783 2 2       1      1   772   217   773
   784 2 2       1      1   774   773   329
   785 2 2       1      1   203   775   623
   786 2 2       1      1   775   764   623
   787 2 2       1      1   775   188   764
   788 2 2       1      1   623   764   353
   789 2 2       1      1   291   776   777
   790 2 2       1      1   776   636   777
   791 2 2       1      1   776   290   636
   792 2 2       1      1   777   636   292
   793 2 2       1      1   311   765   779
   794 2 2       1      1   765   778   779
   795 2 2       1      1   765   310   778
   796 2 2       1      1   779   778   312
   797 2 2       1      1   221   780   782
   798 2 2       1      1   780   781   782
   799 2 2       1      1   780    66   781
   800 2 2       1      1   782   781   341
   801 2 2       1      1   226   783   784
   802 2 2       1      1   783   770   784
   803 2 2       1      1   783    91   770
   804 2 2       1      1   784   770   334
   805 2 2       1      1   289   762   785
   806 2 2       1      1   762   776   785
   807 2 2       1      1   762   290   776
   808 2 2       1      1   785   776   291
   809 2 2       1      1    84    40   787
   810 2 2       1      1    40   786   787
   811 2 2       1      1    40    83   786
   812 2 2       1      1   787   786   230
   813 2 2       1      1   160   115   789
   814 2 2       1      1   115   788   789
   815 2 2       1      1   115   159   788
   816 2 2       1      1   789   788   347
   817 2 2       1      1    63   790   792
   818 2 2       1      1   790   791   792
   819 2 2       1      1   790   222   791
   820 2 2       1      1   792   791   331
   821 2 2       1      1    94   793   795
   822 2 2       1      1   793   794   795
   823 2 2       1      1   793   225   794
   824 2 2       1      1   795   794   338
   825 2 2       1      1   293   796   797
   826 2 2       1      1   796   629   797
   827 2 2       1      1   796   292   629
   828 2 2       1      1   797   629   294
   829 2 2       1      1    86   798   800
   830 2 2       1      1   798   799   800
   831 2 2       1      1   798   229   799
   832 2 2       1      1   800   799   335
   833 2 2       1      1    82    38   802
   834 2 2       1      1    38   801   802
   835 2 2       1      1    38    81   801
   836 2 2       1      1   802   801   216
   837 2 2       1      1   159   803   788
   838 2 2       1      1   803   633   788
   839 2 2       1      1   803   197   633
   840 2 2       1      1   788   633   347
   841 2 2       1      1   223   804   806
   842 2 2       1      1   804   805   806
   843 2 2       1      1   804    64   805
   844 2 2       1      1   806   805   331
   845 2 2       1      1    95    51   807
   846 2 2       1      1    51   795   807
   847 2 2       1      1    51    94   795
   848 2 2       1      1   807   795   338
   849 2 2       1      1   191   808   758
   850 2 2       1      1   808   645   758
   851 2 2       1      1   808   205   645
   852 2 2       1      1   758   645   332
   853 2 2       1      1   163   809   810
   854 2 2       1      1   809   603   810
   855 2 2       1      1   809   207   603
   856 2 2       1      1   810   603   342
   857 2 2       1      1    88    44   812
   858 2 2       1      1    44   811   812
   859 2 2       1      1    44    87   811
   860 2 2       1      1   812   811   228
   861 2 2       1      1    86    42   798
   862 2 2       1      1    42   813   798
   863 2 2       1      1    42    85   813
   864 2 2       1      1   798   813   229
   865 2 2       1      1   311   779   605
   866 2 2       1      1   779   814   605
   867 2 2       1      1   779   312   814
   868 2 2       1      1   605   814   313
   869 2 2       1      1   227   815   817
   870 2 2       1      1   815   816   817
   871 2 2       1      1   815    78   816
   872 2 2       1      1   817   816   339
   873 2 2       1      1   164   119   818
   874 2 2       1      1   119   810   818
   875 2 2       1      1   119   163   810
   876 2 2       1      1   818   810   342
   877 2 2       1      1    56   819   821
   878 2 2       1      1   819   820   821
   879 2 2       1      1   819   221   820
   880 2 2       1      1   821   820   333
   881 2 2       1      1    96    52   677
   882 2 2       1      1    52   822   677
   883 2 2       1      1    52    95   822
   884 2 2       1      1   677   822   224
   885 2 2       1      1   202   823   824
   886 2 2       1      1   823   759   824
   887 2 2       1      1   823   186   759
   888 2 2       1      1   824   759   340
   889 2 2       1      1   224   822   825
   890 2 2       1      1   822   807   825
   891 2 2       1      1   822    95   807
   892 2 2       1      1   825   807   338
   893 2 2       1      1   315   826   828
   894 2 2       1      1   826   827   828
   895 2 2       1      1   826   314   827
   896 2 2       1      1   828   827   316
   897 2 2       1      1    88   812   830
   898 2 2       1      1   812   829   830
   899 2 2       1      1   812   228   829
   900 2 2       1      1   830   829   339
   901 2 2       1      1   176   132   831
   902 2 2       1      1   132   823   831
   903 2 2       1      1   132   186   823
   904 2 2       1      1   831   823   202
   905 2 2       1      1   185   141   753
   906 2 2       1      1   141   832   753
   907 2 2       1      1   141   184   832
   908 2 2       1      1   753   832   201
   909 2 2       1      1    87    43   833
   910 2 2       1      1    43   800   833
   911 2 2       1      1    43    86   800
   912 2 2       1      1   833   800   335
   913 2 2       1      1   228   811   834
   914 2 2       1      1   811   833   834
   915 2 2       1      1   811    87   833
   916 2 2       1      1   834   833   335
   917 2 2       1      1   315   828   597
   918 2 2       1      1   828   835   597
   919 2 2       1      1   828   316   835
   920 2 2       1      1   597   835   317
   921 2 2       1      1   319   836   838
   922 2 2       1      1   836   837   838
   923 2 2       1      1   836   318   837
   924 2 2       1      1   838   837   320
   925 2 2       1      1    92    48   839
   926 2 2       1      1    48   783   839
   927 2 2       1      1    48    91   783
   928 2 2       1      1   839   783   226
   929 2 2       1      1   206   840   624
   930 2 2       1      1   840   789   624
   931 2 2       1      1   840   160   789
   932 2 2       1      1   624   789   347
   933 2 2       1      1    76    32   842
   934 2 2       1      1    32   841   842
   935 2 2       1      1    32    75   841
   936 2 2       1      1   842   841   218
   937 2 2       1      1    63    19   790
   938 2 2       1      1    19   843   790
   939 2 2       1      1    19    62   843
   940 2 2       1      1   790   843   222
   941 2 2       1      1    60    16   845
   942 2 2       1      1    16   844   845
   943 2 2       1      1    16    59   844
   944 2 2       1      1   845   844   198
   945 2 2       1      1   225   846   848
   946 2 2       1      1   846   847   848
   947 2 2       1      1   846    93   847
   948 2 2       1      1   848   847   343
   949 2 2       1      1    78    34   816
   950 2 2       1      1    34   830   816
   951 2 2       1      1    34    88   830
   952 2 2       1      1   816   830   339
   953 2 2       1      1   313   849   600
   954 2 2       1      1   849   826   600
   955 2 2       1      1   849   314   826
   956 2 2       1      1   600   826   315
   957 2 2       1      1    69    25   851
   958 2 2       1      1    25   850   851
   959 2 2       1      1    25    68   850
   960 2 2       1      1   851   850   220
   961 2 2       1      1    56    12   819
   962 2 2       1      1    12   780   819
   963 2 2       1      1    12    66   780
   964 2 2       1      1   819   780   221
   965 2 2       1      1    94    50   793
   966 2 2       1      1    50   846   793
   967 2 2       1      1    50    93   846
   968 2 2       1      1   793   846   225
   969 2 2       1      1    90    46   767
   970 2 2       1      1    46   815   767
   971 2 2       1      1    46    78   815
   972 2 2       1      1   767   815   227
   973 2 2       1      1   208   852   598
   974 2 2       1      1   852   818   598
   975 2 2       1      1   852   164   818
   976 2 2       1      1   598   818   342
   977 2 2       1      1   319   838   589
   978 2 2       1      1   838   853   589
   979 2 2       1      1   838   320   853
   980 2 2       1      1   589   853   321
   981 2 2       1      1    64    20   805
   982 2 2       1      1    20   792   805
   983 2 2       1      1    20    63   792
   984 2 2       1      1   805   792   331
   985 2 2       1      1   189   854   760
   986 2 2       1      1   854   631   760
   987 2 2       1      1   854   203   631
   988 2 2       1      1   760   631   351
   989 2 2       1      1   317   835   856
   990 2 2       1      1   835   855   856
   991 2 2       1      1   835   316   855
   992 2 2       1      1   856   855   318
   993 2 2       1      1   317   856   592
   994 2 2       1      1   856   836   592
   995 2 2       1      1   856   318   836
   996 2 2       1      1   592   836   319
   997 2 2       1      1   191   147   808
   998 2 2       1      1   147   766   808
   999 2 2       1      1   147   190   766
  1000 2 2       1      1   808   766   205
  1001 2 2       1      1   313   814   849
  1002 2 2       1      1   814   857   849
  1003 2 2       1      1   814   312   857
  1004 2 2       1      1   849   857   314
  1005 2 2       1      1   171   126   859
  1006 2 2       1      1   126   858   859
  1007 2 2       1      1   126   170   858
  1008 2 2       1      1   859   858   211
  1009 2 2       1      1   176   831   763
  1010 2 2       1      1   831   615   763
  1011 2 2       1      1   831   202   615
  1012 2 2       1      1   763   615   353
  1013 2 2       1      1   295   860   862
  1014 2 2       1      1   860   861   862
  1015 2 2       1      1   860   296   861
  1016 2 2       1      1   862   861   297
  1017 2 2       1      1   173   128   864
  1018 2 2       1      1   128   863   864
  1019 2 2       1      1   128   172   863
  1020 2 2       1      1   864   863   212
  1021 2 2       1      1   167   122   866
  1022 2 2       1      1   122   865   866
  1023 2 2       1      1   122   166   865
  1024 2 2       1      1   866   865   209
  1025 2 2       1      1   154   120   867
  1026 2 2       1      1   120   852   867
  1027 2 2       1      1   120   164   852
  1028 2 2       1      1   867   852   208
  1029 2 2       1      1   168   123   869
  1030 2 2       1      1   123   868   869
  1031 2 2       1      1   123   167   868
  1032 2 2       1      1   869   868   344
  1033 2 2       1      1   210   870   871
  1034 2 2       1      1   870   869   871
  1035 2 2       1      1   870   168   869
  1036 2 2       1      1   871   869   344
  1037 2 2       1      1   159   114   803
  1038 2 2       1      1   114   872   803
  1039 2 2       1      1   114   158   872
  1040 2 2       1      1   803   872   197
  1041 2 2       1      1    65    21   873
  1042 2 2       1      1    21   804   873
  1043 2 2       1      1    21    64   804
  1044 2 2       1      1   873   804   223
  1045 2 2       1      1   170   125   875
  1046 2 2       1      1   125   874   875
  1047 2 2       1      1   125   169   874
  1048 2 2       1      1   875   874   345
  1049 2 2       1      1   169   876   874
  1050 2 2       1      1   876   877   874
  1051 2 2       1      1   876   210   877
  1052 2 2       1      1   874   877   345
  1053 2 2       1      1   211   858   878
  1054 2 2       1      1   858   875   878
  1055 2 2       1      1   858   170   875
  1056 2 2       1      1   878   875   345
  1057 2 2       1      1    74    30   880
  1058 2 2       1      1    30   879   880
  1059 2 2       1      1    30    73   879
  1060 2 2       1      1   880   879   219
  1061 2 2       1      1    72    28   772
  1062 2 2       1      1    28   485   772
  1063 2 2       1      1    28    71   485
  1064 2 2       1      1   772   485   217
  1065 2 2       1      1   154   867   881
  1066 2 2       1      1   867   595   881
  1067 2 2       1      1   867   208   595
  1068 2 2       1      1   881   595   350
  1069 2 2       1      1   169   124   876
  1070 2 2       1      1   124   870   876
  1071 2 2       1      1   124   168   870
  1072 2 2       1      1   876   870   210
  1073 2 2       1      1   163   118   809
  1074 2 2       1      1   118   882   809
  1075 2 2       1      1   118   162   882
  1076 2 2       1      1   809   882   207
  1077 2 2       1      1    93    49   847
  1078 2 2       1      1    49   883   847
  1079 2 2       1      1    49    92   883
  1080 2 2       1      1   847   883   343
  1081 2 2       1      1   161   116   884
  1082 2 2       1      1   116   840   884
  1083 2 2       1      1   116   160   840
  1084 2 2       1      1   884   840   206
  1085 2 2       1      1    92   839   883
  1086 2 2       1      1   839   885   883
  1087 2 2       1      1   839   226   885
  1088 2 2       1      1   883   885   343
  1089 2 2       1      1   171   859   887
  1090 2 2       1      1   859   886   887
  1091 2 2       1      1   859   211   886
  1092 2 2       1      1   887   886   348
  1093 2 2       1      1   167   866   868
  1094 2 2       1      1   866   587   868
  1095 2 2       1      1   866   209   587
  1096 2 2       1      1   868   587   344
  1097 2 2       1      1   166   110   888
  1098 2 2       1      1   110   881   888
  1099 2 2       1      1   110   154   881
  1100 2 2       1      1   888   881   350
  1101 2 2       1      1   293   797   890
  1102 2 2       1      1   797   889   890
  1103 2 2       1      1   797   294   889
  1104 2 2       1      1   890   889   295
  1105 2 2       1      1   295   889   860
  1106 2 2       1      1   889   620   860
  1107 2 2       1      1   889   294   620
  1108 2 2       1      1   860   620   296
  1109 2 2       1      1   212   863   892
  1110 2 2       1      1   863   891   892
  1111 2 2       1      1   863   172   891
  1112 2 2       1      1   892   891   348
  1113 2 2       1      1   172   127   891
  1114 2 2       1      1   127   887   891
  1115 2 2       1      1   127   171   887
  1116 2 2       1      1   891   887   348
  1117 2 2       1      1   209   865   590
  1118 2 2       1      1   865   888   590
  1119 2 2       1      1   865   166   888
  1120 2 2       1      1   590   888   350
  1121 2 2       1      1   193   149   687
  1122 2 2       1      1   149   751   687
  1123 2 2       1      1   149   192   751
  1124 2 2       1      1   687   751   204
  1125 2 2       1      1   189   145   854
  1126 2 2       1      1   145   775   854
  1127 2 2       1      1   145   188   775
  1128 2 2       1      1   854   775   203
  1129 2 2       1      1   182   138   894
  1130 2 2       1      1   138   893   894
  1131 2 2       1      1   138   181   893
  1132 2 2       1      1   894   893   200
  1133 2 2       1      1   180   136   896
  1134 2 2       1      1   136   895   896
  1135 2 2       1      1   136   179   895
  1136 2 2       1      1   896   895   199
  1137 2 2       1      1   291   777   897
  1138 2 2       1      1   777   796   897
  1139 2 2       1      1   777   292   796
  1140 2 2       1      1   897   796   293
  1141 2 2       1      1   219   879   899
  1142 2 2       1      1   879   898   899
  1143 2 2       1      1   879    73   898
  1144 2 2       1      1   899   898   329
  1145 2 2       1      1   162   117   901
  1146 2 2       1      1   117   900   901
  1147 2 2       1      1   117   161   900
  1148 2 2       1      1   901   900   352
  1149 2 2       1      1    68    24   902
  1150 2 2       1      1    24   821   902
  1151 2 2       1      1    24    56   821
  1152 2 2       1      1   902   821   333
  1153 2 2       1      1   207   882   609
  1154 2 2       1      1   882   901   609
  1155 2 2       1      1   882   162   901
  1156 2 2       1      1   609   901   352
  1157 2 2       1      1   161   884   900
  1158 2 2       1      1   884   617   900
  1159 2 2       1      1   884   206   617
  1160 2 2       1      1   900   617   352
  1161 2 2       1      1    66    22   781
  1162 2 2       1      1    22   903   781
  1163 2 2       1      1    22    65   903
  1164 2 2       1      1   781   903   341
  1165 2 2       1      1    73    29   898
  1166 2 2       1      1    29   774   898
  1167 2 2       1      1    29    72   774
  1168 2 2       1      1   898   774   329
  1169 2 2       1      1   220   850   904
  1170 2 2       1      1   850   902   904
  1171 2 2       1      1   850    68   902
  1172 2 2       1      1   904   902   333
  1173 2 2       1      1    65   873   903
  1174 2 2       1      1   873   905   903
  1175 2 2       1      1   873   223   905
  1176 2 2       1      1   903   905   341
  1177 2 2       1      1   283   728   672
  1178 2 2       1      1   728   741   672
  1179 2 2       1      1   728   279   741
  1180 2 2       1      1   672   741   325
  1181 2 2       1      1    74   880   907
  1182 2 2       1      1   880   906   907
  1183 2 2       1      1   880   219   906
  1184 2 2       1      1   907   906   355
  1185 2 2       1      1   273   699   908
  1186 2 2       1      1   699   734   908
  1187 2 2       1      1   699   272   734
  1188 2 2       1      1   908   734   274
  1189 2 2       1      1   218   841   535
  1190 2 2       1      1   841   909   535
  1191 2 2       1      1   841    75   909
  1192 2 2       1      1   535   909   355
  1193 2 2       1      1    75    31   909
  1194 2 2       1      1    31   907   909
  1195 2 2       1      1    31    74   907
  1196 2 2       1      1   909   907   355
  1197 2 2       1      1    59    15   911
  1198 2 2       1      1    15   910   911
  1199 2 2       1      1    15    58   910
  1200 2 2       1      1   911   910   354
  1201 2 2       1      1   198   844   912
  1202 2 2       1      1   844   911   912
  1203 2 2       1      1   844    59   911
  1204 2 2       1      1   912   911   354
  1205 2 2       1      1   158   113   914
  1206 2 2       1      1   113   913   914
  1207 2 2       1      1   113   157   913
  1208 2 2       1      1   914   913   337
  1209 2 2       1      1   197   872   653
  1210 2 2       1      1   872   914   653
  1211 2 2       1      1   872   158   914
  1212 2 2       1      1   653   914   337
  1213 2 2       1      1   273   908   737
  1214 2 2       1      1   908   915   737
  1215 2 2       1      1   908   274   915
  1216 2 2       1      1   737   915   275
  1217 2 2       1      1    58    14   916
  1218 2 2       1      1    14   714   916
  1219 2 2       1      1    14    57   714
  1220 2 2       1      1   916   714   214
  1221 2 2       1      1   157   112   917
  1222 2 2       1      1   112   703   917
  1223 2 2       1      1   112   156   703
  1224 2 2       1      1   917   703   213
  1225 2 2       1      1    58   916   910
  1226 2 2       1      1   916   918   910
  1227 2 2       1      1   916   214   918
  1228 2 2       1      1   910   918   354
  1229 2 2       1      1   157   917   913
  1230 2 2       1      1   917   667   913
  1231 2 2       1      1   917   213   667
  1232 2 2       1      1   913   667   337
  1233 2 2       1      1   298   919   920
  1234 2 2       1      1   919   824   920
  1235 2 2       1      1   919   202   824
  1236 2 2       1      1   920   824   340
  1237 2 2       1      1   296   613   921
  1238 2 2       1      1   613   919   921
  1239 2 2       1      1   613   202   919
  1240 2 2       1      1   921   919   298
  1241 2 2       1      1   297   861   922
  1242 2 2       1      1   861   921   922
  1243 2 2       1      1   861   296   921
  1244 2 2       1      1   922   921   298
  1245 2 2       1      1   321   853   924
  1246 2 2       1      1   853   923   924
  1247 2 2       1      1   853   320   923
  1248 2 2       1      1   924   923   322
  1249 2 2       1      1   344   586   926
  1250 2 2       1      1   586   925   926
  1251 2 2       1      1   586   321   925
  1252 2 2       1      1   926   925   357
  1253 2 2       1      1   210   871   927
  1254 2 2       1      1   871   926   927
  1255 2 2       1      1   871   344   926
  1256 2 2       1      1   927   926   357
  1257 2 2       1      1   321   924   925
  1258 2 2       1      1   924   928   925
  1259 2 2       1      1   924   322   928
  1260 2 2       1      1   925   928   357
  1261 2 2       1      1   345   877   930
  1262 2 2       1      1   877   929   930
  1263 2 2       1      1   877   210   929
  1264 2 2       1      1   930   929   346
  1265 2 2       1      1   335   799   932
  1266 2 2       1      1   799   931   932
  1267 2 2       1      1   799   229   931
  1268 2 2       1      1   932   931   336
  1269 2 2       1      1   346   929   933
  1270 2 2       1      1   929   927   933
  1271 2 2       1      1   929   210   927
  1272 2 2       1      1   933   927   357
  1273 2 2       1      1   219   899   935
  1274 2 2       1      1   899   934   935
  1275 2 2       1      1   899   329   934
  1276 2 2       1      1   935   934   330
  1277 2 2       1      1   212   892   937
  1278 2 2       1      1   892   936   937
  1279 2 2       1      1   892   348   936
  1280 2 2       1      1   937   936   349
  1281 2 2       1      1   174   129   939
  1282 2 2       1      1   129   938   939
  1283 2 2       1      1   129   173   938
  1284 2 2       1      1   939   938   328
  1285 2 2       1      1   173   864   938
  1286 2 2       1      1   864   940   938
  1287 2 2       1      1   864   212   940
  1288 2 2       1      1   938   940   328
  1289 2 2       1      1   175   130   942
  1290 2 2       1      1   130   941   942
  1291 2 2       1      1   130   174   941
  1292 2 2       1      1   942   941   236
  1293 2 2       1      1   178   134   944
  1294 2 2       1      1   134   943   944
  1295 2 2       1      1   134   177   943
  1296 2 2       1      1   944   943   237
  1297 2 2       1      1    80    36   946
  1298 2 2       1      1    36   945   946
  1299 2 2       1      1    36    79   945
  1300 2 2       1      1   946   945   238
  1301 2 2       1      1   236   941   536
  1302 2 2       1      1   941   939   536
  1303 2 2       1      1   941   174   939
  1304 2 2       1      1   536   939   328
  1305 2 2       1      1   298   920   948
  1306 2 2       1      1   920   947   948
  1307 2 2       1      1   920   340   947
  1308 2 2       1      1   948   947   358
  1309 2 2       1      1   345   930   950
  1310 2 2       1      1   930   949   950
  1311 2 2       1      1   930   346   949
  1312 2 2       1      1   950   949   359
  1313 2 2       1      1   340   754   947
  1314 2 2       1      1   754   449   947
  1315 2 2       1      1   754   201   449
  1316 2 2       1      1   947   449   358
  1317 2 2       1      1   211   878   951
  1318 2 2       1      1   878   950   951
  1319 2 2       1      1   878   345   950
  1320 2 2       1      1   951   950   359
  1321 2 2       1      1   230   471   953
  1322 2 2       1      1   471   952   953
  1323 2 2       1      1   471   268   952
  1324 2 2       1      1   953   952   394
  1325 2 2       1      1   217   486   955
  1326 2 2       1      1   486   954   955
  1327 2 2       1      1   486   257   954
  1328 2 2       1      1   955   954   360
  1329 2 2       1      1   256   584   519
  1330 2 2       1      1   584   498   519
  1331 2 2       1      1   584   257   498
  1332 2 2       1      1   519   498   410
  1333 2 2       1      1   235   550   956
  1334 2 2       1      1   550   502   956
  1335 2 2       1      1   550   241   502
  1336 2 2       1      1   956   502   361
  1337 2 2       1      1   215   554   957
  1338 2 2       1      1   554   504   957
  1339 2 2       1      1   554   260   504
  1340 2 2       1      1   957   504   362
  1341 2 2       1      1   257   583   954
  1342 2 2       1      1   583   958   954
  1343 2 2       1      1   583   254   958
  1344 2 2       1      1   954   958   360
  1345 2 2       1      1     3     8   960
  1346 2 2       1      1     8   959   960
  1347 2 2       1      1     8     4   959
  1348 2 2       1      1   960   959   361
  1349 2 2       1      1   101   106   962
  1350 2 2       1      1   106   961   962
  1351 2 2       1      1   106   102   961
  1352 2 2       1      1   962   961   362
  1353 2 2       1      1   251   537   964
  1354 2 2       1      1   537   963   964
  1355 2 2       1      1   537   250   963
  1356 2 2       1      1   964   963   360
  1357 2 2       1      1    77    33   966
  1358 2 2       1      1    33   965   966
  1359 2 2       1      1    33    76   965
  1360 2 2       1      1   966   965   363
  1361 2 2       1      1   187   131   968
  1362 2 2       1      1   131   967   968
  1363 2 2       1      1   131   175   967
  1364 2 2       1      1   968   967   364
  1365 2 2       1      1   367   969   541
  1366 2 2       1      1   969   970   541
  1367 2 2       1      1   969   322   970
  1368 2 2       1      1   541   970   383
  1369 2 2       1      1   298   948   972
  1370 2 2       1      1   948   971   972
  1371 2 2       1      1   948   358   971
  1372 2 2       1      1   972   971   368
  1373 2 2       1      1    62    18   973
  1374 2 2       1      1    18   506   973
  1375 2 2       1      1    18    61   506
  1376 2 2       1      1   973   506   365
  1377 2 2       1      1    61    17   507
  1378 2 2       1      1    17   974   507
  1379 2 2       1      1    17    60   974
  1380 2 2       1      1   507   974   366
  1381 2 2       1      1   228   834   540
  1382 2 2       1      1   834   975   540
  1383 2 2       1      1   834   335   975
  1384 2 2       1      1   540   975   367
  1385 2 2       1      1   358   513   971
  1386 2 2       1      1   513   976   971
  1387 2 2       1      1   513   255   976
  1388 2 2       1      1   971   976   368
  1389 2 2       1      1   285   745   978
  1390 2 2       1      1   745   977   978
  1391 2 2       1      1   745   284   977
  1392 2 2       1      1   978   977   392
  1393 2 2       1      1   281   746   980
  1394 2 2       1      1   746   979   980
  1395 2 2       1      1   746   285   979
  1396 2 2       1      1   980   979   391
  1397 2 2       1      1   357   928   982
  1398 2 2       1      1   928   981   982
  1399 2 2       1      1   928   322   981
  1400 2 2       1      1   982   981   393
  1401 2 2       1      1    84   787   983
  1402 2 2       1      1   787   953   983
  1403 2 2       1      1   787   230   953
  1404 2 2       1      1   983   953   394
  1405 2 2       1      1   229   813   985
  1406 2 2       1      1   813   984   985
  1407 2 2       1      1   813    85   984
  1408 2 2       1      1   985   984   394
  1409 2 2       1      1   199   482   986
  1410 2 2       1      1   482   455   986
  1411 2 2       1      1   482   247   455
  1412 2 2       1      1   986   455   402
  1413 2 2       1      1   216   484   987
  1414 2 2       1      1   484   457   987
  1415 2 2       1      1   484   266   457
  1416 2 2       1      1   987   457   403
  1417 2 2       1      1   254   578   958
  1418 2 2       1      1   578   964   958
  1419 2 2       1      1   578   251   964
  1420 2 2       1      1   958   964   360
  1421 2 2       1      1     4   565   959
  1422 2 2       1      1   565   956   959
  1423 2 2       1      1   565   235   956
  1424 2 2       1      1   959   956   361
  1425 2 2       1      1   102   567   961
  1426 2 2       1      1   567   957   961
  1427 2 2       1      1   567   215   957
  1428 2 2       1      1   961   957   362
  1429 2 2       1      1    76   842   965
  1430 2 2       1      1   842   417   965
  1431 2 2       1      1   842   218   417
  1432 2 2       1      1   965   417   363
  1433 2 2       1      1   175   942   967
  1434 2 2       1      1   942   420   967
  1435 2 2       1      1   942   236   420
  1436 2 2       1      1   967   420   364
  1437 2 2       1      1   200   469   989
  1438 2 2       1      1   469   988   989
  1439 2 2       1      1   469   249   988
  1440 2 2       1      1   989   988   395
  1441 2 2       1      1   349   936   505
  1442 2 2       1      1   936   990   505
  1443 2 2       1      1   936   348   990
  1444 2 2       1      1   505   990   396
  1445 2 2       1      1   199   895   543
  1446 2 2       1      1   895   991   543
  1447 2 2       1      1   895   179   991
  1448 2 2       1      1   543   991   397
  1449 2 2       1      1   216   801   544
  1450 2 2       1      1   801   992   544
  1451 2 2       1      1   801    81   992
  1452 2 2       1      1   544   992   398
  1453 2 2       1      1   242   555   993
  1454 2 2       1      1   555   428   993
  1455 2 2       1      1   555   240   428
  1456 2 2       1      1   993   428   399
  1457 2 2       1      1   261   557   994
  1458 2 2       1      1   557   430   994
  1459 2 2       1      1   557   259   430
  1460 2 2       1      1   994   430   400
  1461 2 2       1      1   178   944   995
  1462 2 2       1      1   944   462   995
  1463 2 2       1      1   944   237   462
  1464 2 2       1      1   995   462   397
  1465 2 2       1      1    80   946   996
  1466 2 2       1      1   946   464   996
  1467 2 2       1      1   946   238   464
  1468 2 2       1      1   996   464   398
  1469 2 2       1      1   336   931   510
  1470 2 2       1      1   931   997   510
  1471 2 2       1      1   931   229   997
  1472 2 2       1      1   510   997   407
  1473 2 2       1      1   211   951   998
  1474 2 2       1      1   951   500   998
  1475 2 2       1      1   951   359   500
  1476 2 2       1      1   998   500   396
  1477 2 2       1      1   200   893   454
  1478 2 2       1      1   893   999   454
  1479 2 2       1      1   893   181   999
  1480 2 2       1      1   454   999   402
  1481 2 2       1      1   180   896  1000
  1482 2 2       1      1   896   986  1000
  1483 2 2       1      1   896   199   986
  1484 2 2       1      1  1000   986   402
  1485 2 2       1      1   230   786   456
  1486 2 2       1      1   786  1001   456
  1487 2 2       1      1   786    83  1001
  1488 2 2       1      1   456  1001   403
  1489 2 2       1      1    82   802  1002
  1490 2 2       1      1   802   987  1002
  1491 2 2       1      1   802   216   987
  1492 2 2       1      1  1002   987   403
  1493 2 2       1      1   355   906   529
  1494 2 2       1      1   906  1003   529
  1495 2 2       1      1   906   219  1003
  1496 2 2       1      1   529  1003   405
  1497 2 2       1      1     6    11  1005
  1498 2 2       1      1    11  1004  1005
  1499 2 2       1      1    11     2  1004
  1500 2 2       1      1  1005  1004   411
  1501 2 2       1      1   328   940   531
  1502 2 2       1      1   940  1006   531
  1503 2 2       1      1   940   212  1006
  1504 2 2       1      1   531  1006   406
  1505 2 2       1      1   104   109  1008
  1506 2 2       1      1   109  1007  1008
  1507 2 2       1      1   109   100  1007
  1508 2 2       1      1  1008  1007   412
  1509 2 2       1      1     2    45  1004
  1510 2 2       1      1    45  1009  1004
  1511 2 2       1      1    45    77  1009
  1512 2 2       1      1  1004  1009   411
  1513 2 2       1      1   100   143  1007
  1514 2 2       1      1   143  1010  1007
  1515 2 2       1      1   143   187  1010
  1516 2 2       1      1  1007  1010   412
  1517 2 2       1      1   184   140  1011
  1518 2 2       1      1   140   460  1011
  1519 2 2       1      1   140   183   460
  1520 2 2       1      1  1011   460   408
  1521 2 2       1      1   365   533  1012
  1522 2 2       1      1   533   978  1012
  1523 2 2       1      1   533   285   978
  1524 2 2       1      1  1012   978   392
  1525 2 2       1      1   285   534   979
  1526 2 2       1      1   534  1013   979
  1527 2 2       1      1   534   366  1013
  1528 2 2       1      1   979  1013   391
  1529 2 2       1      1   322   969   981
  1530 2 2       1      1   969  1014   981
  1531 2 2       1      1   969   367  1014
  1532 2 2       1      1   981  1014   393
  1533 2 2       1      1   222   843  1015
  1534 2 2       1      1   843   973  1015
  1535 2 2       1      1   843    62   973
  1536 2 2       1      1  1015   973   365
  1537 2 2       1      1    60   845   974
  1538 2 2       1      1   845  1016   974
  1539 2 2       1      1   845   198  1016
  1540 2 2       1      1   974  1016   366
  1541 2 2       1      1   335   932   975
  1542 2 2       1      1   932  1017   975
  1543 2 2       1      1   932   336  1017
  1544 2 2       1      1   975  1017   367
  1545 2 2       1      1   297   922  1018
  1546 2 2       1      1   922   972  1018
  1547 2 2       1      1   922   298   972
  1548 2 2       1      1  1018   972   368
  1549 2 2       1      1   183   139   458
  1550 2 2       1      1   139  1019   458
  1551 2 2       1      1   139   182  1019
  1552 2 2       1      1   458  1019   395
  1553 2 2       1      1    69   851  1020
  1554 2 2       1      1   851   520  1020
  1555 2 2       1      1   851   220   520
  1556 2 2       1      1  1020   520   410
  1557 2 2       1      1   359   949  1022
  1558 2 2       1      1   949  1021  1022
  1559 2 2       1      1   949   346  1021
  1560 2 2       1      1  1022  1021   409
  1561 2 2       1      1   369  1023  1025
  1562 2 2       1      1  1023  1024  1025
  1563 2 2       1      1  1023   222  1024
  1564 2 2       1      1  1025  1024   392
  1565 2 2       1      1   198  1026  1028
  1566 2 2       1      1  1026  1027  1028
  1567 2 2       1      1  1026   373  1027
  1568 2 2       1      1  1028  1027   391
  1569 2 2       1      1   374  1029  1031
  1570 2 2       1      1  1029  1030  1031
  1571 2 2       1      1  1029   297  1030
  1572 2 2       1      1  1031  1030   390
  1573 2 2       1      1   274  1032  1034
  1574 2 2       1      1  1032  1033  1034
  1575 2 2       1      1  1032   387  1033
  1576 2 2       1      1  1034  1033   389
  1577 2 2       1      1   387  1035  1033
  1578 2 2       1      1  1035  1036  1033
  1579 2 2       1      1  1035   356  1036
  1580 2 2       1      1  1033  1036   389
  1581 2 2       1      1   276   606  1038
  1582 2 2       1      1   606  1037  1038
  1583 2 2       1      1   606   282  1037
  1584 2 2       1      1  1038  1037   384
  1585 2 2       1      1   234   681  1040
  1586 2 2       1      1   681  1039  1040
  1587 2 2       1      1   681   323  1039
  1588 2 2       1      1  1040  1039   388
  1589 2 2       1      1   274   735  1032
  1590 2 2       1      1   735  1041  1032
  1591 2 2       1      1   735   276  1041
  1592 2 2       1      1  1032  1041   387
  1593 2 2       1      1   312  1042  1044
  1594 2 2       1      1  1042  1043  1044
  1595 2 2       1      1  1042   377  1043
  1596 2 2       1      1  1044  1043   378
  1597 2 2       1      1   377  1045  1043
  1598 2 2       1      1  1045  1046  1043
  1599 2 2       1      1  1045   343  1046
  1600 2 2       1      1  1043  1046   378
  1601 2 2       1      1   282   736  1048
  1602 2 2       1      1   736  1047  1048
  1603 2 2       1      1   736   280  1047
  1604 2 2       1      1  1048  1047   373
  1605 2 2       1      1   369  1049  1051
  1606 2 2       1      1  1049  1050  1051
  1607 2 2       1      1  1049   289  1050
  1608 2 2       1      1  1051  1050   370
  1609 2 2       1      1   287   750  1052
  1610 2 2       1      1   750  1049  1052
  1611 2 2       1      1   750   289  1049
  1612 2 2       1      1  1052  1049   369
  1613 2 2       1      1   289   785  1050
  1614 2 2       1      1   785  1053  1050
  1615 2 2       1      1   785   291  1053
  1616 2 2       1      1  1050  1053   370
  1617 2 2       1      1   370  1053  1055
  1618 2 2       1      1  1053  1054  1055
  1619 2 2       1      1  1053   291  1054
  1620 2 2       1      1  1055  1054   371
  1621 2 2       1      1   291   897  1054
  1622 2 2       1      1   897  1056  1054
  1623 2 2       1      1   897   293  1056
  1624 2 2       1      1  1054  1056   371
  1625 2 2       1      1   371  1056  1058
  1626 2 2       1      1  1056  1057  1058
  1627 2 2       1      1  1056   293  1057
  1628 2 2       1      1  1058  1057   372
  1629 2 2       1      1   308   742  1060
  1630 2 2       1      1   742  1059  1060
  1631 2 2       1      1   742   306  1059
  1632 2 2       1      1  1060  1059   375
  1633 2 2       1      1   293   890  1057
  1634 2 2       1      1   890  1061  1057
  1635 2 2       1      1   890   295  1061
  1636 2 2       1      1  1057  1061   372
  1637 2 2       1      1   310   756  1063
  1638 2 2       1      1   756  1062  1063
  1639 2 2       1      1   756   308  1062
  1640 2 2       1      1  1063  1062   376
  1641 2 2       1      1   308  1060  1062
  1642 2 2       1      1  1060  1064  1062
  1643 2 2       1      1  1060   375  1064
  1644 2 2       1      1  1062  1064   376
  1645 2 2       1      1   310  1063  1066
  1646 2 2       1      1  1063  1065  1066
  1647 2 2       1      1  1063   376  1065
  1648 2 2       1      1  1066  1065   377
  1649 2 2       1      1   312   778  1042
  1650 2 2       1      1   778  1066  1042
  1651 2 2       1      1   778   310  1066
  1652 2 2       1      1  1042  1066   377
  1653 2 2       1      1   324   678  1068
  1654 2 2       1      1   678  1067  1068
  1655 2 2       1      1   678   224  1067
  1656 2 2       1      1  1068  1067   380
  1657 2 2       1      1   331   791  1069
  1658 2 2       1      1   791  1023  1069
  1659 2 2       1      1   791   222  1023
  1660 2 2       1      1  1069  1023   369
  1661 2 2       1      1   333   820  1071
  1662 2 2       1      1   820  1070  1071
  1663 2 2       1      1   820   221  1070
  1664 2 2       1      1  1071  1070   374
  1665 2 2       1      1   331  1069  1072
  1666 2 2       1      1  1069  1051  1072
  1667 2 2       1      1  1069   369  1051
  1668 2 2       1      1  1072  1051   370
  1669 2 2       1      1   343   885  1046
  1670 2 2       1      1   885  1073  1046
  1671 2 2       1      1   885   226  1073
  1672 2 2       1      1  1046  1073   378
  1673 2 2       1      1   378  1073  1075
  1674 2 2       1      1  1073  1074  1075
  1675 2 2       1      1  1073   226  1074
  1676 2 2       1      1  1075  1074   379
  1677 2 2       1      1   226   784  1074
  1678 2 2       1      1   784  1076  1074
  1679 2 2       1      1   784   334  1076
  1680 2 2       1      1  1074  1076   379
  1681 2 2       1      1   223   806  1077
  1682 2 2       1      1   806  1072  1077
  1683 2 2       1      1   806   331  1072
  1684 2 2       1      1  1077  1072   370
  1685 2 2       1      1   379  1076  1079
  1686 2 2       1      1  1076  1078  1079
  1687 2 2       1      1  1076   334  1078
  1688 2 2       1      1  1079  1078   381
  1689 2 2       1      1   334   768  1078
  1690 2 2       1      1   768  1080  1078
  1691 2 2       1      1   768   227  1080
  1692 2 2       1      1  1078  1080   381
  1693 2 2       1      1   381  1080  1082
  1694 2 2       1      1  1080  1081  1082
  1695 2 2       1      1  1080   227  1081
  1696 2 2       1      1  1082  1081   382
  1697 2 2       1      1   223  1077  1083
  1698 2 2       1      1  1077  1055  1083
  1699 2 2       1      1  1077   370  1055
  1700 2 2       1      1  1083  1055   371
  1701 2 2       1      1   227   817  1081
  1702 2 2       1      1   817  1084  1081
  1703 2 2       1      1   817   339  1084
  1704 2 2       1      1  1081  1084   382
  1705 2 2       1      1   341   905  1085
  1706 2 2       1      1   905  1083  1085
  1707 2 2       1      1   905   223  1083
  1708 2 2       1      1  1085  1083   371
  1709 2 2       1      1   282  1048  1037
  1710 2 2       1      1  1048  1086  1037
  1711 2 2       1      1  1048   373  1086
  1712 2 2       1      1  1037  1086   384
  1713 2 2       1      1   341  1085  1087
  1714 2 2       1      1  1085  1058  1087
  1715 2 2       1      1  1085   371  1058
  1716 2 2       1      1  1087  1058   372
  1717 2 2       1      1   221   782  1088
  1718 2 2       1      1   782  1087  1088
  1719 2 2       1      1   782   341  1087
  1720 2 2       1      1  1088  1087   372
  1721 2 2       1      1   295   862  1089
  1722 2 2       1      1   862  1029  1089
  1723 2 2       1      1   862   297  1029
  1724 2 2       1      1  1089  1029   374
  1725 2 2       1      1   224   825  1091
  1726 2 2       1      1   825  1090  1091
  1727 2 2       1      1   825   338  1090
  1728 2 2       1      1  1091  1090   375
  1729 2 2       1      1   375  1090  1064
  1730 2 2       1      1  1090  1092  1064
  1731 2 2       1      1  1090   338  1092
  1732 2 2       1      1  1064  1092   376
  1733 2 2       1      1   338   794  1092
  1734 2 2       1      1   794  1093  1092
  1735 2 2       1      1   794   225  1093
  1736 2 2       1      1  1092  1093   376
  1737 2 2       1      1   198   912  1026
  1738 2 2       1      1   912  1094  1026
  1739 2 2       1      1   912   354  1094
  1740 2 2       1      1  1026  1094   373
  1741 2 2       1      1   376  1093  1065
  1742 2 2       1      1  1093  1095  1065
  1743 2 2       1      1  1093   225  1095
  1744 2 2       1      1  1065  1095   377
  1745 2 2       1      1   225   848  1095
  1746 2 2       1      1   848  1045  1095
  1747 2 2       1      1   848   343  1045
  1748 2 2       1      1  1095  1045   377
  1749 2 2       1      1   323   711  1097
  1750 2 2       1      1   711  1096  1097
  1751 2 2       1      1   711   232  1096
  1752 2 2       1      1  1097  1096   386
  1753 2 2       1      1   314   857  1098
  1754 2 2       1      1   857  1044  1098
  1755 2 2       1      1   857   312  1044
  1756 2 2       1      1  1098  1044   378
  1757 2 2       1      1   314  1098  1099
  1758 2 2       1      1  1098  1075  1099
  1759 2 2       1      1  1098   378  1075
  1760 2 2       1      1  1099  1075   379
  1761 2 2       1      1   306   725  1101
  1762 2 2       1      1   725  1100  1101
  1763 2 2       1      1   725   304  1100
  1764 2 2       1      1  1101  1100   380
  1765 2 2       1      1   316   827  1102
  1766 2 2       1      1   827  1099  1102
  1767 2 2       1      1   827   314  1099
  1768 2 2       1      1  1102  1099   379
  1769 2 2       1      1   316  1102  1103
  1770 2 2       1      1  1102  1079  1103
  1771 2 2       1      1  1102   379  1079
  1772 2 2       1      1  1103  1079   381
  1773 2 2       1      1   318   855  1104
  1774 2 2       1      1   855  1103  1104
  1775 2 2       1      1   855   316  1103
  1776 2 2       1      1  1104  1103   381
  1777 2 2       1      1   356   744  1036
  1778 2 2       1      1   744  1105  1036
  1779 2 2       1      1   744   234  1105
  1780 2 2       1      1  1036  1105   389
  1781 2 2       1      1   318  1104  1106
  1782 2 2       1      1  1104  1082  1106
  1783 2 2       1      1  1104   381  1082
  1784 2 2       1      1  1106  1082   382
  1785 2 2       1      1   276  1038  1041
  1786 2 2       1      1  1038  1107  1041
  1787 2 2       1      1  1038   384  1107
  1788 2 2       1      1  1041  1107   387
  1789 2 2       1      1   320   837  1108
  1790 2 2       1      1   837  1106  1108
  1791 2 2       1      1   837   318  1106
  1792 2 2       1      1  1108  1106   382
  1793 2 2       1      1   232   689  1110
  1794 2 2       1      1   689  1109  1110
  1795 2 2       1      1   689   324  1109
  1796 2 2       1      1  1110  1109   385
  1797 2 2       1      1   221  1088  1070
  1798 2 2       1      1  1088  1111  1070
  1799 2 2       1      1  1088   372  1111
  1800 2 2       1      1  1070  1111   374
  1801 2 2       1      1   372  1061  1111
  1802 2 2       1      1  1061  1089  1111
  1803 2 2       1      1  1061   295  1089
  1804 2 2       1      1  1111  1089   374
  1805 2 2       1      1   339   829  1112
  1806 2 2       1      1   829   542  1112
  1807 2 2       1      1   829   228   542
  1808 2 2       1      1  1112   542   383
  1809 2 2       1      1   234  1040  1105
  1810 2 2       1      1  1040  1113  1105
  1811 2 2       1      1  1040   388  1113
  1812 2 2       1      1  1105  1113   389
  1813 2 2       1      1   373  1094  1086
  1814 2 2       1      1  1094  1114  1086
  1815 2 2       1      1  1094   354  1114
  1816 2 2       1      1  1086  1114   384
  1817 2 2       1      1   224  1091  1067
  1818 2 2       1      1  1091  1115  1067
  1819 2 2       1      1  1091   375  1115
  1820 2 2       1      1  1067  1115   380
  1821 2 2       1      1   375  1059  1115
  1822 2 2       1      1  1059  1101  1115
  1823 2 2       1      1  1059   306  1101
  1824 2 2       1      1  1115  1101   380
  1825 2 2       1      1   354   918  1114
  1826 2 2       1      1   918  1116  1114
  1827 2 2       1      1   918   214  1116
  1828 2 2       1      1  1114  1116   384
  1829 2 2       1      1   320  1108  1118
  1830 2 2       1      1  1108  1117  1118
  1831 2 2       1      1  1108   382  1117
  1832 2 2       1      1  1118  1117   383
  1833 2 2       1      1   382  1084  1117
  1834 2 2       1      1  1084  1112  1117
  1835 2 2       1      1  1084   339  1112
  1836 2 2       1      1  1117  1112   383
  1837 2 2       1      1   380  1100  1120
  1838 2 2       1      1  1100  1119  1120
  1839 2 2       1      1  1100   304  1119
  1840 2 2       1      1  1120  1119   385
  1841 2 2       1      1   232  1110  1096
  1842 2 2       1      1  1110  1121  1096
  1843 2 2       1      1  1110   385  1121
  1844 2 2       1      1  1096  1121   386
  1845 2 2       1      1   324  1068  1109
  1846 2 2       1      1  1068  1120  1109
  1847 2 2       1      1  1068   380  1120
  1848 2 2       1      1  1109  1120   385
  1849 2 2       1      1   323  1097  1039
  1850 2 2       1      1  1097  1122  1039
  1851 2 2       1      1  1097   386  1122
  1852 2 2       1      1  1039  1122   388
  1853 2 2       1      1   304   718  1119
  1854 2 2       1      1   718  1123  1119
  1855 2 2       1      1   718   302  1123
  1856 2 2       1      1  1119  1123   385
  1857 2 2       1      1   385  1123  1121
  1858 2 2       1      1  1123  1124  1121
  1859 2 2       1      1  1123   302  1124
  1860 2 2       1      1  1121  1124   386
  1861 2 2       1      1   302   727  1124
  1862 2 2       1      1   727  1125  1124
  1863 2 2       1      1   727   300  1125
  1864 2 2       1      1  1124  1125   386
  1865 2 2       1      1   384  1116  1107
  1866 2 2       1      1  1116  1126  1107
  1867 2 2       1      1  1116   214  1126
  1868 2 2       1      1  1107  1126   387
  1869 2 2       1      1   386  1125  1122
  1870 2 2       1      1  1125  1127  1122
  1871 2 2       1      1  1125   300  1127
  1872 2 2       1      1  1122  1127   388
  1873 2 2       1      1   300   771  1127
  1874 2 2       1      1   771  1128  1127
  1875 2 2       1      1   771   275  1128
  1876 2 2       1      1  1127  1128   388
  1877 2 2       1      1   214   715  1126
  1878 2 2       1      1   715  1035  1126
  1879 2 2       1      1   715   356  1035
  1880 2 2       1      1  1126  1035   387
  1881 2 2       1      1   388  1128  1113
  1882 2 2       1      1  1128  1129  1113
  1883 2 2       1      1  1128   275  1129
  1884 2 2       1      1  1113  1129   389
  1885 2 2       1      1   275   915  1129
  1886 2 2       1      1   915  1034  1129
  1887 2 2       1      1   915   274  1034
  1888 2 2       1      1  1129  1034   389
  1889 2 2       1      1   322   923   970
  1890 2 2       1      1   923  1118   970
  1891 2 2       1      1   923   320  1118
  1892 2 2       1      1   970  1118   383
  1893 2 2       1      1   333  1071  1130
  1894 2 2       1      1  1071  1031  1130
  1895 2 2       1      1  1071   374  1031
  1896 2 2       1      1  1130  1031   390
  1897 2 2       1      1   287  1052  1131
  1898 2 2       1      1  1052  1025  1131
  1899 2 2       1      1  1052   369  1025
  1900 2 2       1      1  1131  1025   392
  1901 2 2       1      1   373  1047  1027
  1902 2 2       1      1  1047  1132  1027
  1903 2 2       1      1  1047   280  1132
  1904 2 2       1      1  1027  1132   391
  1905 2 2       1      1   220   904  1133
  1906 2 2       1      1   904  1130  1133
  1907 2 2       1      1   904   333  1130
  1908 2 2       1      1  1133  1130   390
  1909 2 2       1      1   280   722  1132
  1910 2 2       1      1   722   980  1132
  1911 2 2       1      1   722   281   980
  1912 2 2       1      1  1132   980   391
  1913 2 2       1      1   284   740   977
  1914 2 2       1      1   740  1131   977
  1915 2 2       1      1   740   287  1131
  1916 2 2       1      1   977  1131   392
  1917 2 2       1      1   346   933  1134
  1918 2 2       1      1   933   982  1134
  1919 2 2       1      1   933   357   982
  1920 2 2       1      1  1134   982   393
  1921 2 2       1      1     1     7  1136
  1922 2 2       1      1     7  1135  1136
  1923 2 2       1      1     7     3  1135
  1924 2 2       1      1  1136  1135   413
  1925 2 2       1      1    89   105  1138
  1926 2 2       1      1   105  1137  1138
  1927 2 2       1      1   105   101  1137
  1928 2 2       1      1  1138  1137   414
  1929 2 2       1      1   177   133  1139
  1930 2 2       1      1   133  1136  1139
  1931 2 2       1      1   133     1  1136
  1932 2 2       1      1  1139  1136   413
  1933 2 2       1      1    79    35  1140
  1934 2 2       1      1    35  1138  1140
  1935 2 2       1      1    35    89  1138
  1936 2 2       1      1  1140  1138   414
  1937 2 2       1      1   270   480   516
  1938 2 2       1      1   480  1022   516
  1939 2 2       1      1   480   359  1022
  1940 2 2       1      1   516  1022   409
  1941 2 2       1      1   330   934   514
  1942 2 2       1      1   934  1141   514
  1943 2 2       1      1   934   329  1141
  1944 2 2       1      1   514  1141   401
  1945 2 2       1      1    85    41   984
  1946 2 2       1      1    41   983   984
  1947 2 2       1      1    41    84   983
  1948 2 2       1      1   984   983   394
  1949 2 2       1      1   182   894  1019
  1950 2 2       1      1   894   989  1019
  1951 2 2       1      1   894   200   989
  1952 2 2       1      1  1019   989   395
  1953 2 2       1      1   249   546   988
  1954 2 2       1      1   546   465   988
  1955 2 2       1      1   546   252   465
  1956 2 2       1      1   988   465   395
  1957 2 2       1      1   222  1015  1024
  1958 2 2       1      1  1015  1012  1024
  1959 2 2       1      1  1015   365  1012
  1960 2 2       1      1  1024  1012   392
  1961 2 2       1      1   366  1016  1013
  1962 2 2       1      1  1016  1028  1013
  1963 2 2       1      1  1016   198  1028
  1964 2 2       1      1  1013  1028   391
  1965 2 2       1      1   367  1017  1014
  1966 2 2       1      1  1017  1142  1014
  1967 2 2       1      1  1017   336  1142
  1968 2 2       1      1  1014  1142   393
  1969 2 2       1      1   297  1018  1030
  1970 2 2       1      1  1018  1143  1030
  1971 2 2       1      1  1018   368  1143
  1972 2 2       1      1  1030  1143   390
  1973 2 2       1      1   330   451  1145
  1974 2 2       1      1   451  1144  1145
  1975 2 2       1      1   451   246  1144
  1976 2 2       1      1  1145  1144   405
  1977 2 2       1      1   349   447  1147
  1978 2 2       1      1   447  1146  1147
  1979 2 2       1      1   447   265  1146
  1980 2 2       1      1  1147  1146   406
  1981 2 2       1      1   265   572  1146
  1982 2 2       1      1   572   532  1146
  1983 2 2       1      1   572   264   532
  1984 2 2       1      1  1146   532   406
  1985 2 2       1      1   246   577  1144
  1986 2 2       1      1   577   530  1144
  1987 2 2       1      1   577   245   530
  1988 2 2       1      1  1144   530   405
  1989 2 2       1      1   329   773  1141
  1990 2 2       1      1   773  1148  1141
  1991 2 2       1      1   773   217  1148
  1992 2 2       1      1  1141  1148   401
  1993 2 2       1      1   229   985   997
  1994 2 2       1      1   985  1149   997
  1995 2 2       1      1   985   394  1149
  1996 2 2       1      1   997  1149   407
  1997 2 2       1      1   348   886   990
  1998 2 2       1      1   886   998   990
  1999 2 2       1      1   886   211   998
  2000 2 2       1      1   990   998   396
  2001 2 2       1      1   179   135   991
  2002 2 2       1      1   135   995   991
  2003 2 2       1      1   135   178   995
  2004 2 2       1      1   991   995   397
  2005 2 2       1      1    81    37   992
  2006 2 2       1      1    37   996   992
  2007 2 2       1      1    37    80   996
  2008 2 2       1      1   992   996   398
  2009 2 2       1      1   245   575   492
  2010 2 2       1      1   575   993   492
  2011 2 2       1      1   575   242   993
  2012 2 2       1      1   492   993   399
  2013 2 2       1      1   264   574   495
  2014 2 2       1      1   574   994   495
  2015 2 2       1      1   574   261   994
  2016 2 2       1      1   495   994   400
  2017 2 2       1      1   360   963  1150
  2018 2 2       1      1   963   515  1150
  2019 2 2       1      1   963   250   515
  2020 2 2       1      1  1150   515   401
  2021 2 2       1      1   220  1133   525
  2022 2 2       1      1  1133  1151   525
  2023 2 2       1      1  1133   390  1151
  2024 2 2       1      1   525  1151   404
  2025 2 2       1      1   255   582  1152
  2026 2 2       1      1   582   526  1152
  2027 2 2       1      1   582   256   526
  2028 2 2       1      1  1152   526   404
  2029 2 2       1      1   181   137   999
  2030 2 2       1      1   137  1000   999
  2031 2 2       1      1   137   180  1000
  2032 2 2       1      1   999  1000   402
  2033 2 2       1      1    83    39  1001
  2034 2 2       1      1    39  1002  1001
  2035 2 2       1      1    39    82  1002
  2036 2 2       1      1  1001  1002   403
  2037 2 2       1      1   219   935  1003
  2038 2 2       1      1   935  1145  1003
  2039 2 2       1      1   935   330  1145
  2040 2 2       1      1  1003  1145   405
  2041 2 2       1      1   212   937  1006
  2042 2 2       1      1   937  1147  1006
  2043 2 2       1      1   937   349  1147
  2044 2 2       1      1  1006  1147   406
  2045 2 2       1      1   268   539  1153
  2046 2 2       1      1   539   511  1153
  2047 2 2       1      1   539   270   511
  2048 2 2       1      1  1153   511   407
  2049 2 2       1      1     3   960  1135
  2050 2 2       1      1   960  1154  1135
  2051 2 2       1      1   960   361  1154
  2052 2 2       1      1  1135  1154   413
  2053 2 2       1      1   101   962  1137
  2054 2 2       1      1   962  1155  1137
  2055 2 2       1      1   962   362  1155
  2056 2 2       1      1  1137  1155   414
  2057 2 2       1      1   217   955  1148
  2058 2 2       1      1   955  1150  1148
  2059 2 2       1      1   955   360  1150
  2060 2 2       1      1  1148  1150   401
  2061 2 2       1      1   201   832   444
  2062 2 2       1      1   832  1011   444
  2063 2 2       1      1   832   184  1011
  2064 2 2       1      1   444  1011   408
  2065 2 2       1      1    77   966  1009
  2066 2 2       1      1   966  1156  1009
  2067 2 2       1      1   966   363  1156
  2068 2 2       1      1  1009  1156   411
  2069 2 2       1      1   187   968  1010
  2070 2 2       1      1   968  1157  1010
  2071 2 2       1      1   968   364  1157
  2072 2 2       1      1  1010  1157   412
  2073 2 2       1      1    70    26   497
  2074 2 2       1      1    26  1020   497
  2075 2 2       1      1    26    69  1020
  2076 2 2       1      1   497  1020   410
  2077 2 2       1      1   239   569  1158
  2078 2 2       1      1   569  1005  1158
  2079 2 2       1      1   569     6  1005
  2080 2 2       1      1  1158  1005   411
  2081 2 2       1      1   258   573  1159
  2082 2 2       1      1   573  1008  1159
  2083 2 2       1      1   573   104  1008
  2084 2 2       1      1  1159  1008   412
  2085 2 2       1      1   237   943  1160
  2086 2 2       1      1   943  1139  1160
  2087 2 2       1      1   943   177  1139
  2088 2 2       1      1  1160  1139   413
  2089 2 2       1      1   238   945  1161
  2090 2 2       1      1   945  1140  1161
  2091 2 2       1      1   945    79  1140
  2092 2 2       1      1  1161  1140   414
  2093 2 2       1      1   394   952  1149
  2094 2 2       1      1   952  1153  1149
  2095 2 2       1      1   952   268  1153
  2096 2 2       1      1  1149  1153   407
  2097 2 2       1      1   393  1142  1162
  2098 2 2       1      1  1142   517  1162
  2099 2 2       1      1  1142   336   517
  2100 2 2       1      1  1162   517   409
  2101 2 2       1      1   361   501  1154
  2102 2 2       1      1   501  1160  1154
  2103 2 2       1      1   501   237  1160
  2104 2 2       1      1  1154  1160   413
  2105 2 2       1      1   362   503  1155
  2106 2 2       1      1   503  1161  1155
  2107 2 2       1      1   503   238  1161
  2108 2 2       1      1  1155  1161   414
  2109 2 2       1      1   368   976  1163
  2110 2 2       1      1   976  1152  1163
  2111 2 2       1      1   976   255  1152
  2112 2 2       1      1  1163  1152   404
  2113 2 2       1      1   390  1143  1151
  2114 2 2       1      1  1143  1163  1151
  2115 2 2       1      1  1143   368  1163
  2116 2 2       1      1  1151  1163   404
  2117 2 2       1      1   363   488  1156
  2118 2 2       1      1   488  1158  1156
  2119 2 2       1      1   488   239  1158
  2120 2 2       1      1  1156  1158   411
  2121 2 2       1      1   364   490  1157
  2122 2 2       1      1   490  1159  1157
  2123 2 2       1      1   490   258  1159
  2124 2 2       1      1  1157  1159   412
  2125 2 2       1      1   346  1134  1021
  2126 2 2       1      1  1134  1162  1021
  2127 2 2       1      1  1134   393  1162
  2128 2 2       1      1  1021  1162   409
$EndElements
$NodeData
1
"omega"
1
 0.0
3
0
1
  1163
     1        -0.0190105658
     2         0.0193157681
     3        -0.0109319066
     4        -0.0034879350
     5         0.0037929022
     6         0.0112368220
     7        -0.0148481148
     8        -0.0071678274
     9         0.0001525878
    10         0.0074729202
    11         0.0151531725
    12         0.0105139607
    13         0.0005032488
    14         0.0015045134
    15         0.0025057873
    16         0.0035069154
    17         0.0045081274
    18         0.0055095378
    19         0.0065106934
    20         0.0075116968
    21         0.0085127360
    22         0.0095135643
    23        -0.0004980089
    24         0.0115140228
    25         0.0125114950
    26         0.0135078093
    27         0.0144982687
    28         0.0154767014
    29         0.0164405864
    30         0.0173699081
    31         0.0182357887
    32         0.0189838557
    33         0.0195111669
    34        -0.0115084357
    35        -0.0195930854
    36        -0.0195061291
    37        -0.0189793708
    38        -0.0182301603
    39        -0.0173636073
    40        -0.0164351064
    41        -0.0154739255
    42        -0.0144914828
    43        -0.0135018832
    44        -0.0125068273
    45         0.0195988044
    46        -0.0105087166
    47        -0.0095083329
    48        -0.0085075280
    49        -0.0075065169
    50        -0.0065053935
    51        -0.0055042093
    52        -0.0045029922
    53        -0.0035017573
    54        -0.0025005127
    55        -0.0014992627
    56         0.0110137677
    57         0.0010038799
    58         0.0020051499
    59         0.0030064073
    60         0.0040070191
    61         0.0050088358
    62         0.0060106255
    63         0.0070111493
    64         0.0080122349
    65         0.0090131850
    66         0.0100138448
    67         0.0000026194
    68         0.0120143976
    69         0.0130058777
    70         0.0140089795
    71         0.0149871195
    72         0.0159610600
    73         0.0169110070
    74         0.0178157140
    75         0.0186273750
    76         0.0192844468
    77         0.0196355070
    78        -0.0110085292
    79        -0.0196265614
    80        -0.0192837859
    81        -0.0186213534
    82        -0.0178103861
    83        -0.0169004222
    84        -0.0159599534
    85        -0.0149840958
    86        -0.0139968930
    87        -0.0130050044
    88        -0.0120077714
    89        -0.0193103911
    90        -0.0100086035
    91        -0.0090079647
    92        -0.0080070410
    93        -0.0070059653
    94        -0.0060048069
    95        -0.0050036037
    96        -0.0040023763
    97        -0.0030011359
    98        -0.0019998882
    99        -0.0009986362
   100         0.0190051469
   101        -0.0112338909
   102        -0.0037920788
   103         0.0034866021
   104         0.0109283629
   105        -0.0151490198
   106        -0.0074708912
   107        -0.0001526343
   108         0.0071655399
   109         0.0148436312
   110         0.0103627781
   111         0.0004908956
   112         0.0014782746
   113         0.0024656506
   114         0.0034530213
   115         0.0044403823
   116         0.0054277254
   117         0.0064150350
   118         0.0074022817
   119         0.0083894094
   120         0.0093763104
   121        -0.0004964848
   122         0.0113484276
   123         0.0123326376
   124         0.0133143394
   125         0.0142907110
   126         0.0152569066
   127         0.0162064823
   128         0.0171217202
   129         0.0179737158
   130         0.0187079165
   131         0.0192213553
   132        -0.0113542366
   133        -0.0193001965
   134        -0.0192271114
   135        -0.0187142201
   136        -0.0179788657
   137        -0.0171261127
   138        -0.0162115150
   139        -0.0152639321
   140        -0.0142949467
   141        -0.0133196892
   142        -0.0123388594
   143         0.0192951204
   144        -0.0103684187
   145        -0.0093819061
   146        -0.0083949886
   147        -0.0074078577
   148        -0.0064206080
   149        -0.0054332882
   150        -0.0044459395
   151        -0.0034585909
   152        -0.0024712360
   153        -0.0014838640
   154         0.0098696172
   155        -0.0000027945
   156         0.0009845853
   157         0.0019719631
   158         0.0029593368
   159         0.0039467034
   160         0.0049340568
   161         0.0059213858
   162         0.0069086689
   163         0.0078958655
   164         0.0088828981
   165        -0.0009901748
   166         0.0108557387
   167         0.0118407573
   168         0.0128239252
   169         0.0138034151
   170         0.0147749899
   171         0.0157346060
   172         0.0166698862
   173         0.0175605747
   174         0.0183583687
   175         0.0190015716
   176        -0.0108614351
   177        -0.0193406068
   178        -0.0190117037
   179        -0.0183631321
   180        -0.0175660048
   181        -0.0166697324
   182        -0.0157437497
   183        -0.0147805600
   184        -0.0138066451
   185        -0.0128304081
   186        -0.0118467558
   187         0.0193387575
   188        -0.0098752290
   189        -0.0088884838
   190        -0.0079014411
   191        -0.0069142539
   192        -0.0059269439
   193        -0.0049396226
   194        -0.0039522582
   195        -0.0029649163
   196        -0.0019775515
   197         0.0022552578
   198         0.0023077247
   199        -0.0115880304
   200        -0.0101992323
   201        -0.0085665055
   202        -0.0074150955
   203        -0.0061275152
   204        -0.0035487027
   205        -0.0048383233
   206         0.0035450006
   207         0.0048346173
   208         0.0061237873
   209         0.0074113154
   210         0.0086935455
   211         0.0101482849
   212         0.0112567965
   213         0.0009654785
   214         0.0009898508
   215        -0.0000820932
   216        -0.0118422375
   217         0.0101184240
   218         0.0121650789
   219         0.0115026155
   220         0.0081722002
   221         0.0069173464
   222         0.0042831990
   223         0.0056007610
   224        -0.0029627467
   225        -0.0042801937
   226        -0.0055974098
   227        -0.0069139254
   228        -0.0083373466
   229        -0.0098382355
   230        -0.0104320389
   231        -0.0003243124
   232        -0.0016452326
   233        -0.0016141004
   234        -0.0003276979
   235         0.0002114843
   236         0.0118898411
   237        -0.0119953676
   238        -0.0122759973
   239         0.0076472684
   240         0.0050957622
   241        -0.0036038971
   242         0.0001456875
   243        -0.0073100543
   244        -0.0034348370
   245         0.0037168625
   246         0.0001679875
   247        -0.0068425029
   248        -0.0032792741
   249        -0.0051735382
   250         0.0008787479
   251        -0.0011205905
   252        -0.0058856052
   253        -0.0037126705
   254         0.0026137561
   255         0.0008362882
   256         0.0058275299
   257         0.0089134470
   258         0.0073518720
   259         0.0048136975
   260        -0.0038865242
   261        -0.0001249887
   262        -0.0075799578
   263        -0.0036944741
   264         0.0034565282
   265        -0.0000807078
   266        -0.0070890703
   267        -0.0035182343
   268        -0.0052310681
   269         0.0006515726
   270        -0.0013232496
   271        -0.0009692089
   272        -0.0003033473
   273        -0.0000009329
   274         0.0000200355
   275        -0.0000200360
   276         0.0000601019
   277        -0.0022589736
   278        -0.0009081892
   279        -0.0012104870
   280         0.0001400419
   281         0.0001551735
   282         0.0001001462
   283        -0.0015175768
   284         0.0001842325
   285         0.0017639781
   286        -0.0018229085
   287         0.0002396897
   288        -0.0021228970
   289         0.0002777030
   290        -0.0024250793
   291         0.0003147941
   292        -0.0027277931
   293         0.0003517991
   294        -0.0030304917
   295         0.0003886881
   296        -0.0033328875
   297         0.0003763844
   298        -0.0036756792
   299         0.0003014790
   300        -0.0000601087
   301         0.0006038892
   302        -0.0001001815
   303         0.0009062973
   304        -0.0001402542
   305         0.0012087020
   306        -0.0001803264
   307         0.0015111006
   308        -0.0002203975
   309         0.0018134878
   310        -0.0002604666
   311         0.0021158541
   312        -0.0003005314
   313         0.0024181816
   314        -0.0003405865
   315         0.0027204379
   316        -0.0003806165
   317         0.0030225632
   318        -0.0004205735
   319         0.0033244318
   320        -0.0004602536
   321         0.0036256807
   322        -0.0003265948
   323        -0.0009864668
   324        -0.0023039938
   325        -0.0029045068
   326         0.0003205838
   327        -0.0006057668
   328         0.0106632418
   329         0.0110035075
   330         0.0048503126
   331         0.0049421658
   332        -0.0041951063
   333         0.0076596864
   334        -0.0062557924
   335        -0.0089928146
   336        -0.0043776946
   337         0.0016103704
   338        -0.0036214843
   339        -0.0076239353
   340        -0.0080577848
   341         0.0062591634
   342         0.0054792980
   343        -0.0049388504
   344         0.0080532641
   345         0.0093663368
   346         0.0044187515
   347         0.0029001369
   348         0.0108205439
   349         0.0046226935
   350         0.0067679089
   351        -0.0054830137
   352         0.0041898358
   353        -0.0067716558
   354         0.0016486480
   355         0.0109237514
   356         0.0003310739
   357         0.0040583175
   358        -0.0038546555
   359         0.0041999638
   360         0.0045242101
   361        -0.0072069392
   362        -0.0074993203
   363         0.0128779575
   364         0.0125898511
   365         0.0037575420
   366         0.0029907763
   367        -0.0043335136
   368         0.0003010576
   369         0.0024466859
   370         0.0027960070
   371         0.0031452542
   372         0.0034943272
   373         0.0010490670
   374         0.0038366769
   375        -0.0017462364
   376        -0.0020956312
   377        -0.0024450024
   378        -0.0027943291
   379        -0.0031435710
   380        -0.0013968290
   381        -0.0034926452
   382        -0.0038412672
   383        -0.0041574076
   384         0.0006996821
   385        -0.0010474149
   386        -0.0006979970
   387         0.0003502649
   388        -0.0003485771
   389         0.0000008439
   390         0.0041909323
   391         0.0013980655
   392         0.0020973801
   393        -0.0000641822
   394        -0.0105195169
   395        -0.0105174028
   396         0.0060884055
   397        -0.0136618555
   398        -0.0139288665
   399         0.0062685621
   400         0.0059987734
   401         0.0062758433
   402        -0.0126295397
   403        -0.0128719269
   404         0.0038718731
   405         0.0062874448
   406         0.0060394828
   407        -0.0062565150
   408        -0.0096946049
   409         0.0001384869
   410         0.0100701063
   411         0.0136278112
   412         0.0133292707
   413        -0.0133721447
   414        -0.0136634002
   415         0.0086447926
   416         0.0089515823
   417         0.0125452138
   418         0.0083661397
   419         0.0086664897
   420         0.0122635453
   421        -0.0013878833
   422         0.0005376248
   423         0.0025879427
   424        -0.0011545530
   425         0.0007706125
   426         0.0028158831
   427         0.0091931613
   428         0.0056990433
   429         0.0089206218
   430         0.0054231336
   431        -0.0085734405
   432        -0.0050263290
   433        -0.0067524060
   434        -0.0088134920
   435        -0.0052691790
   436        -0.0069890311
   437        -0.0077662423
   438        -0.0054804683
   439        -0.0096394460
   440        -0.0080478740
   441        -0.0057567495
   442        -0.0099147310
   443        -0.0061917196
   444        -0.0091224123
   445        -0.0066687616
   446        -0.0018403799
   447         0.0023167521
   448        -0.0037924170
   449        -0.0061676382
   450        -0.0015964861
   451         0.0025546344
   452         0.0115010972
   453         0.0118976173
   454        -0.0113940044
   455        -0.0097393652
   456        -0.0116314632
   457        -0.0099836987
   458        -0.0126915026
   459        -0.0101068592
   460        -0.0121915751
   461        -0.0104689354
   462        -0.0128699574
   463        -0.0107373875
   464        -0.0131437796
   465        -0.0081594707
   466        -0.0078290697
   467        -0.0047705586
   468        -0.0042580801
   469        -0.0076317206
   470        -0.0044035470
   471        -0.0077762953
   472        -0.0094966178
   473        -0.0053471306
   474        -0.0075023188
   475        -0.0097586524
   476        -0.0056118991
   477        -0.0077591933
   478        -0.0003643442
   479         0.0024793142
   480         0.0014387548
   481        -0.0051792226
   482        -0.0091715653
   483        -0.0054323701
   484        -0.0094219148
   485         0.0125991686
   486         0.0095088332
   487         0.0063894971
   488         0.0102660196
   489         0.0061007694
   490         0.0099742731
   491         0.0073119123
   492         0.0049794676
   493         0.0086345801
   494         0.0070514434
   495         0.0047143781
   496         0.0083694081
   497         0.0120071402
   498         0.0095225292
   499         0.0033698397
   500         0.0051210037
   501        -0.0096151254
   502        -0.0054183886
   503        -0.0099016342
   504        -0.0057059030
   505         0.0053807729
   506         0.0044297868
   507         0.0039532057
   508         0.0033741631
   509        -0.0028992126
   510        -0.0052942751
   511        -0.0037932338
   512        -0.0013807735
   513        -0.0015424848
   514         0.0055862801
   515         0.0035736635
   516        -0.0005736815
   517        -0.0021316600
   518         0.0070473771
   519         0.0079493377
   520         0.0090990875
   521        -0.0018557112
   522        -0.0035888675
   523        -0.0016015327
   524        -0.0033411695
   525         0.0060354887
   526         0.0048259884
   527        -0.0021644026
   528        -0.0023057064
   529         0.0085704081
   530         0.0050257001
   531         0.0083161689
   532         0.0047715711
   533         0.0027150950
   534         0.0024230332
   535         0.0115534335
   536         0.0112855609
   537        -0.0001500172
   538        -0.0031008377
   539        -0.0032318324
   540        -0.0063817125
   541        -0.0042495010
   542        -0.0062075942
   543        -0.0126226864
   544        -0.0128832978
   545        -0.0035093464
   546        -0.0055442960
   547         0.0039124290
   548         0.0026568197
   549         0.0007450645
   550        -0.0016974244
   551         0.0036179408
   552         0.0023690075
   553         0.0004627286
   554        -0.0019855313
   555         0.0026027554
   556        -0.0017160142
   557         0.0023263658
   558        -0.0019926522
   559         0.0020350035
   560         0.0057066789
   561        -0.0038431179
   562         0.0017350688
   563         0.0054058293
   564        -0.0019378870
   565        -0.0016715636
   566        -0.0035728473
   567        -0.0019704248
   568        -0.0016727055
   569         0.0094901844
   570        -0.0024619194
   571        -0.0001187674
   572         0.0016558673
   573         0.0091882609
   574         0.0016943024
   575         0.0019597980
   576         0.0001411924
   577         0.0019104195
   578         0.0007942691
   579        -0.0005742442
   580         0.0016976617
   581         0.0042676591
   582         0.0033156159
   583         0.0057489468
   584         0.0073283819
   585         0.0055611075
   586         0.0057968117
   587         0.0077325583
   588         0.0053251042
   589         0.0034751748
   590         0.0070897334
   591         0.0050888622
   592         0.0031735426
   593         0.0048524521
   594         0.0046159252
   595         0.0064459104
   596         0.0043793159
   597         0.0028715224
   598         0.0058015749
   599         0.0041426474
   600         0.0025693215
   601         0.0039059361
   602         0.0036691938
   603         0.0051569746
   604         0.0034324286
   605         0.0022670243
   606         0.0000801294
   607        -0.0002300242
   608        -0.0002956198
   609         0.0045122355
   610         0.0031956469
   611         0.0019646744
   612         0.0029588530
   613        -0.0053312911
   614        -0.0050949058
   615        -0.0070934980
   616         0.0027220502
   617         0.0038674230
   618         0.0024852410
   619         0.0016622961
   620        -0.0031817519
   621        -0.0048583564
   622        -0.0046216793
   623        -0.0064496463
   624         0.0032225713
   625         0.0022484269
   626         0.0013599023
   627         0.0020116093
   628        -0.0043849324
   629        -0.0028791682
   630        -0.0041481064
   631        -0.0058052961
   632         0.0017747892
   633         0.0025776987
   634         0.0015379672
   635         0.0010575002
   636        -0.0025764553
   637        -0.0039113229
   638        -0.0036744168
   639        -0.0051606849
   640        -0.0034379017
   641        -0.0022740246
   642        -0.0001644336
   643        -0.0004545562
   644        -0.0032017419
   645        -0.0045167797
   646        -0.0019730104
   647        -0.0029663058
   648         0.0007550935
   649         0.0013011438
   650         0.0010643193
   651        -0.0027284449
   652        -0.0038718498
   653         0.0019328149
   654        -0.0024904407
   655        -0.0016701307
   656        -0.0006467608
   657        -0.0005934684
   658        -0.0003566402
   659        -0.0008302968
   660         0.0005906681
   661         0.0004526843
   662         0.0008274940
   663        -0.0006144331
   664        -0.0010225018
   665        -0.0038792767
   666        -0.0034711810
   667         0.0012879249
   668        -0.0030628046
   669        -0.0025817043
   670         0.0006430314
   671         0.0003538417
   672        -0.0022537567
   673        -0.0032266542
   674        -0.0002063640
   675        -0.0031103741
   676        -0.0026953747
   677        -0.0035253708
   678        -0.0026333716
   679        -0.0006203562
   680        -0.0010353619
   681        -0.0006570827
   682        -0.0022803734
   683        -0.0018653707
   684        -0.0022466969
   685        -0.0018386351
   686        -0.0026547537
   687        -0.0042869685
   688        -0.0019365400
   689        -0.0019746140
   690        -0.0000018642
   691         0.0002017051
   692         0.0006097739
   693        -0.0002053497
   694         0.0001502733
   695         0.0001170149
   696        -0.0012916559
   697        -0.0010671248
   698        -0.0014305695
   699        -0.0001521397
   700        -0.0001198124
   701        -0.0003612241
   702        -0.0007569791
   703         0.0010178423
   704         0.0002096577
   705         0.0006246665
   706        -0.0013039498
   707        -0.0015407654
   708        -0.0017775620
   709        -0.0010593776
   710        -0.0014503667
   711        -0.0013158502
   712        -0.0004924229
   713        -0.0004268392
   714         0.0010396771
   715         0.0006604614
   716         0.0002946640
   717         0.0003602478
   718        -0.0001202179
   719         0.0004258312
   720         0.0004914143
   721        -0.0005697637
   722         0.0001490664
   723         0.0001634955
   724         0.0002290799
   725        -0.0001602904
   726         0.0005569967
   727        -0.0000801451
   728        -0.0013638414
   729        -0.0006388942
   730        -0.0007088259
   731         0.0001699921
   732         0.0006225783
   733        -0.0007772096
   734        -0.0000988458
   735         0.0000400698
   736         0.0001201364
   737         0.0000323260
   738         0.0000979109
   739        -0.0008341605
   740         0.0002110786
   741        -0.0020146982
   742        -0.0002003621
   743         0.0006881589
   744         0.0000016876
   745         0.0010139555
   746         0.0009198610
   747        -0.0008991371
   748         0.0007537380
   749        -0.0009651016
   750         0.0002586282
   751        -0.0046950161
   752        -0.0051038021
   753        -0.0107398239
   754        -0.0083144477
   755        -0.0104011318
   756        -0.0002404324
   757         0.0008193151
   758        -0.0055118894
   759        -0.0099948735
   760        -0.0071429306
   761        -0.0067350214
   762        -0.0010311926
   763        -0.0087737030
   764        -0.0083661998
   765         0.0008848896
   766        -0.0063270696
   767        -0.0085039899
   768        -0.0065848841
   769        -0.0080893773
   770        -0.0076746610
   771        -0.0000400723
   772         0.0129996014
   773         0.0105591414
   774         0.0135213606
   775        -0.0079585460
   776        -0.0010976314
   777        -0.0011640146
   778        -0.0002804998
   779         0.0009504606
   780         0.0085083086
   781         0.0080936846
   782         0.0065882694
   783        -0.0072598691
   784        -0.0059266299
   785         0.0002962430
   786        -0.0136285338
   787        -0.0132472866
   788         0.0034662294
   789         0.0038742856
   790         0.0056044836
   791         0.0046127876
   792         0.0060194449
   793        -0.0051853064
   794        -0.0039508437
   795        -0.0047703338
   796        -0.0012304645
   797        -0.0012968877
   798        -0.0119579781
   799        -0.0094132062
   800        -0.0114537722
   801        -0.0151852063
   802        -0.0148601309
   803         0.0030581696
   804         0.0068492928
   805         0.0064343866
   806         0.0052714843
   807        -0.0043553522
   808        -0.0059190894
   809         0.0063224266
   810         0.0067303756
   811        -0.0106301689
   812        -0.0102150683
   813        -0.0123713935
   814         0.0010160269
   815        -0.0089184326
   816        -0.0093584373
   817        -0.0072677803
   818         0.0071382795
   819         0.0089227459
   820         0.0072869429
   821         0.0093800945
   822        -0.0039403639
   823        -0.0095880973
   824        -0.0077366118
   825        -0.0032921180
   826         0.0011471391
   827        -0.0003606064
   828         0.0012126813
   829        -0.0079797239
   830        -0.0097736086
   831        -0.0091810109
   832        -0.0111409317
   833        -0.0110412179
   834        -0.0086652835
   835         0.0012782111
   836         0.0014092205
   837        -0.0004404903
   838         0.0014746868
   839        -0.0068450208
   840         0.0042823369
   841         0.0154306648
   842         0.0156742006
   843         0.0051896275
   844         0.0026997535
   845         0.0031146524
   846        -0.0056002666
   847        -0.0060152102
   848        -0.0046095308
   849         0.0010815870
   850         0.0101470517
   851         0.0105563951
   852         0.0075461211
   853         0.0015400376
   854        -0.0075507796
   855        -0.0004006095
   856         0.0013437257
   857        -0.0003205608
   858         0.0125023450
   859         0.0129001838
   860        -0.0014296610
   861        -0.0015195207
   862         0.0003836550
   863         0.0139988821
   864         0.0143624657
   865         0.0091762267
   866         0.0095831623
   867         0.0079538765
   868         0.0099896887
   869         0.0103957523
   870         0.0108011616
   871         0.0083738366
   872         0.0026501072
   873         0.0072641538
   874         0.0116263250
   875         0.0120275721
   876         0.0112055708
   877         0.0090297729
   878         0.0097564969
   879         0.0142424081
   880         0.0146129252
   881         0.0083615123
   882         0.0059144449
   883        -0.0064301309
   884         0.0046903814
   885        -0.0052681463
   886         0.0104862173
   887         0.0133152803
   888         0.0087689830
   889        -0.0013633062
   890         0.0003702731
   891         0.0137020956
   892         0.0110450854
   893        -0.0133976161
   894        -0.0130235663
   895        -0.0149289821
   896        -0.0146108443
   897         0.0003333006
   898         0.0139143422
   899         0.0112584374
   900         0.0050984167
   901         0.0055064395
   902         0.0097960666
   903         0.0076789570
   904         0.0079206022
   905         0.0059299911
   906         0.0112382838
   907         0.0144082894
   908        -0.0000332595
   909         0.0147215228
   910         0.0018697087
   911         0.0022847323
   912         0.0019780888
   913         0.0018339770
   914         0.0022420428
   915         0.0000000000
   916         0.0014546907
   917         0.0014259100
   918         0.0013192442
   919        -0.0055865450
   920        -0.0058235910
   921        -0.0035035219
   922        -0.0016078290
   923        -0.0003970964
   924         0.0016909856
   925         0.0038396705
   926         0.0060967062
   927         0.0063341898
   928         0.0018248103
   929         0.0065938954
   930         0.0068487428
   931        -0.0070741696
   932        -0.0067386031
   933         0.0042379180
   934         0.0079613949
   935         0.0081286827
   936         0.0077569656
   937         0.0078915974
   938         0.0141504278
   939         0.0144567394
   940         0.0109851387
   941         0.0151585245
   942         0.0153951348
   943        -0.0156081269
   944        -0.0155036123
   945        -0.0158914338
   946        -0.0157799688
   947        -0.0059973634
   948        -0.0037675341
   949         0.0043190347
   950         0.0068304612
   951         0.0071313856
   952        -0.0079024039
   953        -0.0104911758
   954         0.0067788099
   955         0.0072921972
   956        -0.0034819842
   957        -0.0037749613
   958         0.0035433427
   959        -0.0053346940
   960        -0.0091156483
   961        -0.0056329524
   962        -0.0094128380
   963         0.0027464239
   964         0.0016856518
   965         0.0160956487
   966         0.0162027546
   967         0.0158101518
   968         0.0159103285
   969        -0.0022875551
   970        -0.0022813356
   971        -0.0017332214
   972        -0.0017242170
   973         0.0048487749
   974         0.0035342032
   975        -0.0066260815
   976         0.0005595750
   977         0.0011012285
   978         0.0019314040
   979         0.0015802732
   980         0.0008160694
   981        -0.0002009457
   982         0.0020360703
   983        -0.0131978487
   984        -0.0127897808
   985        -0.0101800408
   986        -0.0121384400
   987        -0.0123867804
   988        -0.0078653261
   989        -0.0103758845
   990         0.0084200543
   991        -0.0160359076
   992        -0.0162985133
   993         0.0032073474
   994         0.0029371291
   995        -0.0163006158
   996        -0.0165701701
   997        -0.0080801426
   998         0.0081512606
   999        -0.0146811861
  1000        -0.0150643892
  1001        -0.0149176961
  1002        -0.0153078191
  1003         0.0089161037
  1004         0.0164710760
  1005         0.0124597925
  1006         0.0086691915
  1007         0.0161664952
  1008         0.0121562860
  1009         0.0166032486
  1010         0.0163056105
  1011        -0.0117828178
  1012         0.0029624776
  1013         0.0021593933
  1014        -0.0022335939
  1015         0.0040242552
  1016         0.0026453720
  1017        -0.0043612440
  1018         0.0003404292
  1019        -0.0130952519
  1020         0.0115719982
  1021         0.0023038282
  1022         0.0021192319
  1023         0.0034037000
  1024         0.0031516125
  1025         0.0022719312
  1026         0.0016396334
  1027         0.0012236565
  1028         0.0018915640
  1029         0.0021453259
  1030         0.0022441184
  1031         0.0040140181
  1032         0.0001464810
  1033         0.0001755545
  1034         0.0000491084
  1035         0.0003793388
  1036         0.0001272901
  1037         0.0004385838
  1038         0.0003412207
  1039        -0.0006288534
  1040        -0.0003768060
  1041         0.0002438525
  1042        -0.0014114253
  1043        -0.0026196732
  1044        -0.0015087717
  1045        -0.0036532611
  1046        -0.0039052455
  1047         0.0006332380
  1048         0.0005359246
  1049         0.0014012455
  1050         0.0014978135
  1051         0.0026213502
  1052         0.0013041228
  1053         0.0015944325
  1054         0.0016909930
  1055         0.0029706449
  1056         0.0017875395
  1057         0.0018840460
  1058         0.0033198227
  1059        -0.0009246144
  1060        -0.0010219826
  1061         0.0019805041
  1062        -0.0011193488
  1063        -0.0012167120
  1064        -0.0019209359
  1065        -0.0022703208
  1066        -0.0013140714
  1067        -0.0021411198
  1068        -0.0018890789
  1069         0.0036557409
  1070         0.0054157665
  1071         0.0057076176
  1072         0.0039077459
  1073        -0.0041572066
  1074        -0.0044091360
  1075        -0.0029689644
  1076        -0.0046610223
  1077         0.0041597179
  1078        -0.0049128509
  1079        -0.0033181375
  1080        -0.0051646027
  1081        -0.0054162187
  1082        -0.0036670546
  1083         0.0044116548
  1084        -0.0056933237
  1085         0.0046635475
  1086         0.0008743808
  1087         0.0049153829
  1088         0.0051671478
  1089         0.0020736971
  1090        -0.0026451928
  1091        -0.0023931581
  1092        -0.0028972226
  1093        -0.0031492457
  1094         0.0013875484
  1095        -0.0034012597
  1096        -0.0011329464
  1097        -0.0008809002
  1098        -0.0016061075
  1099        -0.0017034281
  1100        -0.0007298739
  1101        -0.0008272447
  1102        -0.0018007269
  1103        -0.0018979926
  1104        -0.0019952055
  1105        -0.0001247582
  1106        -0.0020923342
  1107         0.0005249743
  1108        -0.0021893953
  1109        -0.0016370360
  1110        -0.0013849917
  1111         0.0036657393
  1112        -0.0059312576
  1113        -0.0001738667
  1114         0.0011354924
  1115        -0.0015715339
  1116         0.0008834383
  1117        -0.0040003008
  1118        -0.0022696017
  1119        -0.0006325023
  1120        -0.0012221226
  1121        -0.0008727063
  1122        -0.0005232873
  1123        -0.0005351301
  1124        -0.0004377574
  1125        -0.0003403845
  1126         0.0006313883
  1127        -0.0002430113
  1128        -0.0001456380
  1129        -0.0000482647
  1130         0.0059638447
  1131         0.0012075135
  1132         0.0007304708
  1133         0.0061350596
  1134         0.0021395175
  1135        -0.0121783614
  1136        -0.0161900827
  1137        -0.0124749813
  1138        -0.0164856234
  1139        -0.0163297129
  1140        -0.0166183176
  1141         0.0086072142
  1142        -0.0021727318
  1143         0.0022807047
  1144         0.0032154810
  1145         0.0055584314
  1146         0.0029671360
  1147         0.0053206408
  1148         0.0082285009
  1149        -0.0083556614
  1150         0.0053811618
  1151         0.0040410416
  1152         0.0023882469
  1153        -0.0057624887
  1154        -0.0102568490
  1155        -0.0105486754
  1156         0.0132826129
  1157         0.0129892972
  1158         0.0106073174
  1159         0.0103103497
  1160        -0.0127175196
  1161        -0.0130034734
  1162         0.0000341517
  1163         0.0020613089
$EndNodeData
